2026.04.19 13:46:39 INFO  Started: Metals version 1.6.7 in folders '/home/yaroslav/Bureau/ganBackend' for client Visual Studio Code 1.116.0.
2026.04.19 13:46:39 INFO  Memory monitor started
2026.04.19 13:46:40 WARN  Using H2 2.4.240 which is newer than the version Flyway has been verified with. The latest verified version of H2 is 2.3.232.
2026.04.19 13:46:40 INFO  no build target found for /home/yaroslav/Bureau/ganBackend/gan/src/main/java/com/ganbackend/gan/dto/TransferHistoryDto.java. Using fallback presentation compiler.
2026.04.19 13:46:42 INFO  no build target found for /home/yaroslav/Bureau/ganBackend/gan/src/main/java/com/ganbackend/gan/dto/TransferHistoryDto.java. Using fallback presentation compiler.
2026.04.19 13:46:46 INFO  no build target found for /home/yaroslav/Bureau/ganBackend/gan/src/main/java/com/ganbackend/gan/dto/TransferHistoryDto.java. Using fallback presentation compiler.
2026.04.19 13:46:46 INFO  no build target found for /home/yaroslav/Bureau/ganBackend/gan/src/main/java/com/ganbackend/gan/dto/TransferHistoryDto.java. Using fallback presentation compiler.
2026.04.19 13:46:48 INFO  no build target found for /home/yaroslav/Bureau/ganBackend/gan/src/main/java/com/ganbackend/gan/dto/TransferHistoryDto.java. Using fallback presentation compiler.
2026.04.19 13:46:48 INFO  no build target found for /home/yaroslav/Bureau/ganBackend/gan/src/main/java/com/ganbackend/gan/dto/TransferHistoryDto.java. Using fallback presentation compiler.
2026.04.19 13:46:49 INFO  running '/usr/lib/jvm/java-21-openjdk-amd64/bin/java -Dfile.encoding=UTF-8 -Dmaven.multiModuleProjectDirectory=/home/yaroslav/Bureau/ganBackend/gan -Dmaven.home=/tmp/metals4794393107834316356 -cp /tmp/metals4794393107834316356/maven-wrapper.jar org.apache.maven.wrapper.MavenWrapperMain generate-sources ch.epfl.scala:bloop-maven-plugin:2.0.3:bloopInstall -DdownloadSources=true'
2026.04.19 13:46:50 INFO  [INFO] Scanning for projects...
2026.04.19 13:46:50 INFO  [INFO] 
2026.04.19 13:46:50 INFO  [INFO] -------------------------< com.ganbackend:gan >-------------------------
2026.04.19 13:46:50 INFO  [INFO] Building gan 0.0.1-SNAPSHOT
2026.04.19 13:46:50 INFO  [INFO]   from pom.xml
2026.04.19 13:46:50 INFO  [INFO] --------------------------------[ jar ]---------------------------------
2026.04.19 13:46:50 INFO  [INFO] 
2026.04.19 13:46:50 INFO  [INFO] --- bloop:2.0.3:bloopInstall (default-cli) @ gan ---
2026.04.19 13:46:52 INFO  [ERROR] org.scala-lang:scala([0-9]?)-library is missing from project dependencies
2026.04.19 13:46:52 INFO  [ERROR] org.scala-lang:scala([0-9]?)-library is missing from project dependencies
2026.04.19 13:46:52 INFO  [INFO] Resolving artifact: com.fasterxml.jackson.datatype:jackson-datatype-jsr310:jar:2.21.2:compile (sources = false)
2026.04.19 13:46:52 INFO  [INFO] SUCCESS: com.fasterxml.jackson.datatype:jackson-datatype-jsr310:jar:2.21.2:compile (sources = false)
2026.04.19 13:46:52 INFO  [INFO] Resolving artifact: com.fasterxml.jackson.datatype:jackson-datatype-jsr310:jar:2.21.2:compile (sources = true)
2026.04.19 13:46:52 INFO  Downloading from central: https://repo.maven.apache.org/maven2/com/fasterxml/jackson/datatype/jackson-datatype-jsr310/2.21.2/jackson-datatype-jsr310-2.21.2-sources.jar
2026.04.19 13:46:53 INFO  Progress (1): 0.9/93 kB
2026.04.19 13:46:53 INFO  Progress (1): 2.3/93 kB
2026.04.19 13:46:53 INFO  Progress (1): 3.6/93 kB
2026.04.19 13:46:53 INFO  Progress (1): 5.0/93 kB
2026.04.19 13:46:53 INFO  Progress (1): 6.4/93 kB
2026.04.19 13:46:53 INFO  Progress (1): 7.7/93 kB
2026.04.19 13:46:53 INFO  Progress (1): 9.1/93 kB
2026.04.19 13:46:53 INFO  Progress (1): 10/93 kB 
2026.04.19 13:46:53 INFO  Progress (1): 12/93 kB
2026.04.19 13:46:53 INFO  Progress (1): 13/93 kB
2026.04.19 13:46:53 INFO  Progress (1): 15/93 kB
2026.04.19 13:46:53 INFO  Progress (1): 16/93 kB
2026.04.19 13:46:53 INFO  Progress (1): 17/93 kB
2026.04.19 13:46:53 INFO  Progress (1): 19/93 kB
2026.04.19 13:46:53 INFO  Progress (1): 20/93 kB
2026.04.19 13:46:53 INFO  Progress (1): 21/93 kB
2026.04.19 13:46:53 INFO  Progress (1): 23/93 kB
2026.04.19 13:46:53 INFO  Progress (1): 24/93 kB
2026.04.19 13:46:53 INFO  Progress (1): 25/93 kB
2026.04.19 13:46:53 INFO  Progress (1): 26/93 kB
2026.04.19 13:46:53 INFO  Progress (1): 27/93 kB
2026.04.19 13:46:53 INFO  Progress (1): 29/93 kB
2026.04.19 13:46:53 INFO  Progress (1): 30/93 kB
2026.04.19 13:46:53 INFO  Progress (1): 31/93 kB
2026.04.19 13:46:53 INFO  Progress (1): 33/93 kB
2026.04.19 13:46:53 INFO  Progress (1): 34/93 kB
2026.04.19 13:46:53 INFO  Progress (1): 36/93 kB
2026.04.19 13:46:53 INFO  Progress (1): 37/93 kB
2026.04.19 13:46:53 INFO  Progress (1): 38/93 kB
2026.04.19 13:46:53 INFO  Progress (1): 40/93 kB
2026.04.19 13:46:53 INFO  Progress (1): 41/93 kB
2026.04.19 13:46:53 INFO  Progress (1): 42/93 kB
2026.04.19 13:46:53 INFO  Progress (1): 44/93 kB
2026.04.19 13:46:53 INFO  Progress (1): 45/93 kB
2026.04.19 13:46:53 INFO  Progress (1): 46/93 kB
2026.04.19 13:46:53 INFO  Progress (1): 48/93 kB
2026.04.19 13:46:53 INFO  Progress (1): 49/93 kB
2026.04.19 13:46:53 INFO  Progress (1): 51/93 kB
2026.04.19 13:46:53 INFO  Progress (1): 52/93 kB
2026.04.19 13:46:53 INFO  Progress (1): 53/93 kB
2026.04.19 13:46:53 INFO  Progress (1): 55/93 kB
2026.04.19 13:46:53 INFO  Progress (1): 59/93 kB
2026.04.19 13:46:53 INFO  Progress (1): 63/93 kB
2026.04.19 13:46:53 INFO  Progress (1): 67/93 kB
2026.04.19 13:46:53 INFO  Progress (1): 72/93 kB
2026.04.19 13:46:53 INFO  Progress (1): 76/93 kB
2026.04.19 13:46:53 INFO  Progress (1): 80/93 kB
2026.04.19 13:46:53 INFO  Progress (1): 84/93 kB
2026.04.19 13:46:53 INFO  Progress (1): 89/93 kB
2026.04.19 13:46:53 INFO  Progress (1): 93/93 kB
2026.04.19 13:46:53 INFO  Progress (1): 93 kB   
2026.04.19 13:46:53 INFO                     
2026.04.19 13:46:53 INFO  Downloaded from central: https://repo.maven.apache.org/maven2/com/fasterxml/jackson/datatype/jackson-datatype-jsr310/2.21.2/jackson-datatype-jsr310-2.21.2-sources.jar (93 kB at 127 kB/s)
2026.04.19 13:46:53 INFO  [INFO] SUCCESS: com.fasterxml.jackson.datatype:jackson-datatype-jsr310:jar:2.21.2:compile (sources = true)
2026.04.19 13:46:53 INFO  [INFO] Resolving artifact: org.springframework.boot:spring-boot-starter-webflux:jar:3.5.13:compile (sources = false)
2026.04.19 13:46:53 INFO  [INFO] SUCCESS: org.springframework.boot:spring-boot-starter-webflux:jar:3.5.13:compile (sources = false)
2026.04.19 13:46:53 INFO  [INFO] Resolving artifact: org.springframework.boot:spring-boot-starter-webflux:jar:3.5.13:compile (sources = true)
2026.04.19 13:46:53 INFO  Downloading from central: https://repo.maven.apache.org/maven2/org/springframework/boot/spring-boot-starter-webflux/3.5.13/spring-boot-starter-webflux-3.5.13-sources.jar
2026.04.19 13:46:53 INFO  Progress (1): 3.8/4.8 kB
2026.04.19 13:46:53 INFO  Progress (1): 4.8 kB    
2026.04.19 13:46:53 INFO                      
2026.04.19 13:46:53 INFO  Downloaded from central: https://repo.maven.apache.org/maven2/org/springframework/boot/spring-boot-starter-webflux/3.5.13/spring-boot-starter-webflux-3.5.13-sources.jar (4.8 kB at 56 kB/s)
2026.04.19 13:46:53 INFO  [INFO] SUCCESS: org.springframework.boot:spring-boot-starter-webflux:jar:3.5.13:compile (sources = true)
2026.04.19 13:46:53 INFO  [INFO] Resolving artifact: org.springframework:spring-aop:jar:6.2.17:compile (sources = false)
2026.04.19 13:46:53 INFO  [INFO] SUCCESS: org.springframework:spring-aop:jar:6.2.17:compile (sources = false)
2026.04.19 13:46:53 INFO  [INFO] Resolving artifact: org.springframework:spring-aop:jar:6.2.17:compile (sources = true)
2026.04.19 13:46:53 INFO  Downloading from central: https://repo.maven.apache.org/maven2/org/springframework/spring-aop/6.2.17/spring-aop-6.2.17-sources.jar
2026.04.19 13:46:53 INFO  Progress (1): 3.8/373 kB
2026.04.19 13:46:53 INFO  Progress (1): 8.0/373 kB
2026.04.19 13:46:53 INFO  Progress (1): 12/373 kB 
2026.04.19 13:46:53 INFO  Progress (1): 16/373 kB
2026.04.19 13:46:53 INFO  Progress (1): 21/373 kB
2026.04.19 13:46:53 INFO  Progress (1): 25/373 kB
2026.04.19 13:46:53 INFO  Progress (1): 29/373 kB
2026.04.19 13:46:53 INFO  Progress (1): 33/373 kB
2026.04.19 13:46:53 INFO  Progress (1): 37/373 kB
2026.04.19 13:46:53 INFO  Progress (1): 41/373 kB
2026.04.19 13:46:53 INFO  Progress (1): 46/373 kB
2026.04.19 13:46:53 INFO  Progress (1): 50/373 kB
2026.04.19 13:46:53 INFO  Progress (1): 54/373 kB
2026.04.19 13:46:53 INFO  Progress (1): 58/373 kB
2026.04.19 13:46:53 INFO  Progress (1): 63/373 kB
2026.04.19 13:46:53 INFO  Progress (1): 66/373 kB
2026.04.19 13:46:53 INFO  Progress (1): 70/373 kB
2026.04.19 13:46:53 INFO  Progress (1): 74/373 kB
2026.04.19 13:46:53 INFO  Progress (1): 78/373 kB
2026.04.19 13:46:53 INFO  Progress (1): 82/373 kB
2026.04.19 13:46:53 INFO  Progress (1): 87/373 kB
2026.04.19 13:46:53 INFO  Progress (1): 91/373 kB
2026.04.19 13:46:53 INFO  Progress (1): 95/373 kB
2026.04.19 13:46:53 INFO  Progress (1): 99/373 kB
2026.04.19 13:46:53 INFO  Progress (1): 104/373 kB
2026.04.19 13:46:53 INFO  Progress (1): 108/373 kB
2026.04.19 13:46:53 INFO  Progress (1): 112/373 kB
2026.04.19 13:46:53 INFO  Progress (1): 115/373 kB
2026.04.19 13:46:53 INFO  Progress (1): 131/373 kB
2026.04.19 13:46:53 INFO  Progress (1): 147/373 kB
2026.04.19 13:46:53 INFO  Progress (1): 164/373 kB
2026.04.19 13:46:53 INFO  Progress (1): 180/373 kB
2026.04.19 13:46:53 INFO  Progress (1): 197/373 kB
2026.04.19 13:46:53 INFO  Progress (1): 213/373 kB
2026.04.19 13:46:53 INFO  Progress (1): 229/373 kB
2026.04.19 13:46:53 INFO  Progress (1): 246/373 kB
2026.04.19 13:46:53 INFO  Progress (1): 262/373 kB
2026.04.19 13:46:53 INFO  Progress (1): 279/373 kB
2026.04.19 13:46:53 INFO  Progress (1): 295/373 kB
2026.04.19 13:46:53 INFO  Progress (1): 311/373 kB
2026.04.19 13:46:53 INFO  Progress (1): 328/373 kB
2026.04.19 13:46:53 INFO  Progress (1): 344/373 kB
2026.04.19 13:46:53 INFO  Progress (1): 360/373 kB
2026.04.19 13:46:53 INFO  Progress (1): 373 kB    
2026.04.19 13:46:53 INFO                      
2026.04.19 13:46:53 INFO  Downloaded from central: https://repo.maven.apache.org/maven2/org/springframework/spring-aop/6.2.17/spring-aop-6.2.17-sources.jar (373 kB at 1.7 MB/s)
2026.04.19 13:46:53 INFO  [INFO] SUCCESS: org.springframework:spring-aop:jar:6.2.17:compile (sources = true)
2026.04.19 13:46:53 INFO  [INFO] Resolving artifact: io.netty:netty-common:jar:4.1.132.Final:compile (sources = false)
2026.04.19 13:46:53 INFO  [INFO] SUCCESS: io.netty:netty-common:jar:4.1.132.Final:compile (sources = false)
2026.04.19 13:46:53 INFO  [INFO] Resolving artifact: io.netty:netty-common:jar:4.1.132.Final:compile (sources = true)
2026.04.19 13:46:53 INFO  Downloading from central: https://repo.maven.apache.org/maven2/io/netty/netty-common/4.1.132.Final/netty-common-4.1.132.Final-sources.jar
2026.04.19 13:46:53 INFO  Progress (1): 7.7/694 kB
2026.04.19 13:46:53 INFO  Progress (1): 8.2/694 kB
2026.04.19 13:46:53 INFO  Progress (1): 25/694 kB 
2026.04.19 13:46:53 INFO  Progress (1): 41/694 kB
2026.04.19 13:46:53 INFO  Progress (1): 57/694 kB
2026.04.19 13:46:53 INFO  Progress (1): 66/694 kB
2026.04.19 13:46:53 INFO  Progress (1): 82/694 kB
2026.04.19 13:46:53 INFO  Progress (1): 98/694 kB
2026.04.19 13:46:53 INFO  Progress (1): 115/694 kB
2026.04.19 13:46:53 INFO  Progress (1): 131/694 kB
2026.04.19 13:46:53 INFO  Progress (1): 147/694 kB
2026.04.19 13:46:53 INFO  Progress (1): 164/694 kB
2026.04.19 13:46:53 INFO  Progress (1): 180/694 kB
2026.04.19 13:46:53 INFO  Progress (1): 197/694 kB
2026.04.19 13:46:53 INFO  Progress (1): 213/694 kB
2026.04.19 13:46:53 INFO  Progress (1): 229/694 kB
2026.04.19 13:46:53 INFO  Progress (1): 246/694 kB
2026.04.19 13:46:53 INFO  Progress (1): 262/694 kB
2026.04.19 13:46:53 INFO  Progress (1): 279/694 kB
2026.04.19 13:46:53 INFO  Progress (1): 295/694 kB
2026.04.19 13:46:53 INFO  Progress (1): 311/694 kB
2026.04.19 13:46:53 INFO  Progress (1): 328/694 kB
2026.04.19 13:46:53 INFO  Progress (1): 344/694 kB
2026.04.19 13:46:53 INFO  Progress (1): 360/694 kB
2026.04.19 13:46:53 INFO  Progress (1): 377/694 kB
2026.04.19 13:46:53 INFO  Progress (1): 393/694 kB
2026.04.19 13:46:53 INFO  Progress (1): 410/694 kB
2026.04.19 13:46:53 INFO  Progress (1): 426/694 kB
2026.04.19 13:46:53 INFO  Progress (1): 442/694 kB
2026.04.19 13:46:53 INFO  Progress (1): 459/694 kB
2026.04.19 13:46:53 INFO  Progress (1): 475/694 kB
2026.04.19 13:46:53 INFO  Progress (1): 492/694 kB
2026.04.19 13:46:53 INFO  Progress (1): 508/694 kB
2026.04.19 13:46:53 INFO  Progress (1): 524/694 kB
2026.04.19 13:46:53 INFO  Progress (1): 541/694 kB
2026.04.19 13:46:53 INFO  Progress (1): 557/694 kB
2026.04.19 13:46:53 INFO  Progress (1): 573/694 kB
2026.04.19 13:46:53 INFO  Progress (1): 590/694 kB
2026.04.19 13:46:53 INFO  Progress (1): 606/694 kB
2026.04.19 13:46:53 INFO  Progress (1): 623/694 kB
2026.04.19 13:46:53 INFO  Progress (1): 639/694 kB
2026.04.19 13:46:53 INFO  Progress (1): 649/694 kB
2026.04.19 13:46:53 INFO  Progress (1): 655/694 kB
2026.04.19 13:46:53 INFO  Progress (1): 672/694 kB
2026.04.19 13:46:53 INFO  Progress (1): 688/694 kB
2026.04.19 13:46:53 INFO  Progress (1): 694 kB    
2026.04.19 13:46:53 INFO                      
2026.04.19 13:46:53 INFO  Downloaded from central: https://repo.maven.apache.org/maven2/io/netty/netty-common/4.1.132.Final/netty-common-4.1.132.Final-sources.jar (694 kB at 4.1 MB/s)
2026.04.19 13:46:53 INFO  [INFO] SUCCESS: io.netty:netty-common:jar:4.1.132.Final:compile (sources = true)
2026.04.19 13:46:53 INFO  [INFO] Resolving artifact: jakarta.xml.bind:jakarta.xml.bind-api:jar:4.0.4:test (sources = false)
2026.04.19 13:46:53 INFO  [INFO] SUCCESS: jakarta.xml.bind:jakarta.xml.bind-api:jar:4.0.4:test (sources = false)
2026.04.19 13:46:53 INFO  [INFO] Resolving artifact: jakarta.xml.bind:jakarta.xml.bind-api:jar:4.0.4:test (sources = true)
2026.04.19 13:46:53 INFO  Downloading from central: https://repo.maven.apache.org/maven2/jakarta/xml/bind/jakarta.xml.bind-api/4.0.4/jakarta.xml.bind-api-4.0.4-sources.jar
2026.04.19 13:46:53 INFO  Progress (1): 7.7/198 kB
2026.04.19 13:46:53 INFO  Progress (1): 16/198 kB 
2026.04.19 13:46:53 INFO  Progress (1): 25/198 kB
2026.04.19 13:46:53 INFO  Progress (1): 41/198 kB
2026.04.19 13:46:53 INFO  Progress (1): 57/198 kB
2026.04.19 13:46:53 INFO  Progress (1): 66/198 kB
2026.04.19 13:46:53 INFO  Progress (1): 82/198 kB
2026.04.19 13:46:53 INFO  Progress (1): 98/198 kB
2026.04.19 13:46:53 INFO  Progress (1): 115/198 kB
2026.04.19 13:46:53 INFO  Progress (1): 131/198 kB
2026.04.19 13:46:53 INFO  Progress (1): 147/198 kB
2026.04.19 13:46:53 INFO  Progress (1): 164/198 kB
2026.04.19 13:46:53 INFO  Progress (1): 180/198 kB
2026.04.19 13:46:53 INFO  Progress (1): 197/198 kB
2026.04.19 13:46:53 INFO  Progress (1): 198 kB    
2026.04.19 13:46:53 INFO                      
2026.04.19 13:46:53 INFO  Downloaded from central: https://repo.maven.apache.org/maven2/jakarta/xml/bind/jakarta.xml.bind-api/4.0.4/jakarta.xml.bind-api-4.0.4-sources.jar (198 kB at 2.0 MB/s)
2026.04.19 13:46:53 INFO  [INFO] SUCCESS: jakarta.xml.bind:jakarta.xml.bind-api:jar:4.0.4:test (sources = true)
2026.04.19 13:46:53 INFO  [INFO] Resolving artifact: org.hamcrest:hamcrest:jar:3.0:test (sources = false)
2026.04.19 13:46:53 INFO  [INFO] SUCCESS: org.hamcrest:hamcrest:jar:3.0:test (sources = false)
2026.04.19 13:46:53 INFO  [INFO] Resolving artifact: org.hamcrest:hamcrest:jar:3.0:test (sources = true)
2026.04.19 13:46:53 INFO  Downloading from central: https://repo.maven.apache.org/maven2/org/hamcrest/hamcrest/3.0/hamcrest-3.0-sources.jar
2026.04.19 13:46:53 INFO  Progress (1): 7.7/85 kB
2026.04.19 13:46:53 INFO  Progress (1): 12/85 kB 
2026.04.19 13:46:53 INFO  Progress (1): 29/85 kB
2026.04.19 13:46:53 INFO  Progress (1): 45/85 kB
2026.04.19 13:46:53 INFO  Progress (1): 61/85 kB
2026.04.19 13:46:53 INFO  Progress (1): 78/85 kB
2026.04.19 13:46:53 INFO  Progress (1): 85 kB   
2026.04.19 13:46:53 INFO                     
2026.04.19 13:46:53 INFO  Downloaded from central: https://repo.maven.apache.org/maven2/org/hamcrest/hamcrest/3.0/hamcrest-3.0-sources.jar (85 kB at 949 kB/s)
2026.04.19 13:46:53 INFO  [INFO] SUCCESS: org.hamcrest:hamcrest:jar:3.0:test (sources = true)
2026.04.19 13:46:53 INFO  [INFO] Resolving artifact: org.yaml:snakeyaml:jar:2.4:compile (sources = false)
2026.04.19 13:46:53 INFO  [INFO] SUCCESS: org.yaml:snakeyaml:jar:2.4:compile (sources = false)
2026.04.19 13:46:53 INFO  [INFO] Resolving artifact: org.yaml:snakeyaml:jar:2.4:compile (sources = true)
2026.04.19 13:46:53 INFO  Downloading from central: https://repo.maven.apache.org/maven2/org/yaml/snakeyaml/2.4/snakeyaml-2.4-sources.jar
2026.04.19 13:46:53 INFO  Progress (1): 7.7/210 kB
2026.04.19 13:46:53 INFO  Progress (1): 16/210 kB 
2026.04.19 13:46:53 INFO  Progress (1): 25/210 kB
2026.04.19 13:46:53 INFO  Progress (1): 41/210 kB
2026.04.19 13:46:53 INFO  Progress (1): 57/210 kB
2026.04.19 13:46:53 INFO  Progress (1): 74/210 kB
2026.04.19 13:46:53 INFO  Progress (1): 90/210 kB
2026.04.19 13:46:53 INFO  Progress (1): 106/210 kB
2026.04.19 13:46:53 INFO  Progress (1): 123/210 kB
2026.04.19 13:46:53 INFO  Progress (1): 139/210 kB
2026.04.19 13:46:53 INFO  Progress (1): 156/210 kB
2026.04.19 13:46:53 INFO  Progress (1): 172/210 kB
2026.04.19 13:46:53 INFO  Progress (1): 188/210 kB
2026.04.19 13:46:53 INFO  Progress (1): 205/210 kB
2026.04.19 13:46:53 INFO  Progress (1): 210 kB    
2026.04.19 13:46:53 INFO                      
2026.04.19 13:46:53 INFO  Downloaded from central: https://repo.maven.apache.org/maven2/org/yaml/snakeyaml/2.4/snakeyaml-2.4-sources.jar (210 kB at 2.0 MB/s)
2026.04.19 13:46:53 INFO  [INFO] SUCCESS: org.yaml:snakeyaml:jar:2.4:compile (sources = true)
2026.04.19 13:46:53 INFO  [INFO] Resolving artifact: net.minidev:json-smart:jar:2.5.2:test (sources = false)
2026.04.19 13:46:53 INFO  [INFO] SUCCESS: net.minidev:json-smart:jar:2.5.2:test (sources = false)
2026.04.19 13:46:53 INFO  [INFO] Resolving artifact: net.minidev:json-smart:jar:2.5.2:test (sources = true)
2026.04.19 13:46:53 INFO  Downloading from central: https://repo.maven.apache.org/maven2/net/minidev/json-smart/2.5.2/json-smart-2.5.2-sources.jar
2026.04.19 13:46:53 INFO  Progress (1): 7.7/65 kB
2026.04.19 13:46:53 INFO  Progress (1): 12/65 kB 
2026.04.19 13:46:53 INFO  Progress (1): 29/65 kB
2026.04.19 13:46:53 INFO  Progress (1): 45/65 kB
2026.04.19 13:46:53 INFO  Progress (1): 61/65 kB
2026.04.19 13:46:53 INFO  Progress (1): 65 kB   
2026.04.19 13:46:53 INFO                     
2026.04.19 13:46:53 INFO  Downloaded from central: https://repo.maven.apache.org/maven2/net/minidev/json-smart/2.5.2/json-smart-2.5.2-sources.jar (65 kB at 758 kB/s)
2026.04.19 13:46:53 INFO  [INFO] SUCCESS: net.minidev:json-smart:jar:2.5.2:test (sources = true)
2026.04.19 13:46:53 INFO  [INFO] Resolving artifact: org.objenesis:objenesis:jar:3.3:test (sources = false)
2026.04.19 13:46:53 INFO  [INFO] SUCCESS: org.objenesis:objenesis:jar:3.3:test (sources = false)
2026.04.19 13:46:53 INFO  [INFO] Resolving artifact: org.objenesis:objenesis:jar:3.3:test (sources = true)
2026.04.19 13:46:53 INFO  Downloading from central: https://repo.maven.apache.org/maven2/org/objenesis/objenesis/3.3/objenesis-3.3-sources.jar
2026.04.19 13:46:54 INFO  Progress (1): 7.7/53 kB
2026.04.19 13:46:54 INFO  Progress (1): 12/53 kB 
2026.04.19 13:46:54 INFO  Progress (1): 29/53 kB
2026.04.19 13:46:54 INFO  Progress (1): 45/53 kB
2026.04.19 13:46:54 INFO  Progress (1): 53 kB   
2026.04.19 13:46:54 INFO                     
2026.04.19 13:46:54 INFO  Downloaded from central: https://repo.maven.apache.org/maven2/org/objenesis/objenesis/3.3/objenesis-3.3-sources.jar (53 kB at 620 kB/s)
2026.04.19 13:46:54 INFO  [INFO] SUCCESS: org.objenesis:objenesis:jar:3.3:test (sources = true)
2026.04.19 13:46:54 INFO  [INFO] Resolving artifact: io.micrometer:micrometer-commons:jar:1.15.10:compile (sources = false)
2026.04.19 13:46:54 INFO  [INFO] SUCCESS: io.micrometer:micrometer-commons:jar:1.15.10:compile (sources = false)
2026.04.19 13:46:54 INFO  [INFO] Resolving artifact: io.micrometer:micrometer-commons:jar:1.15.10:compile (sources = true)
2026.04.19 13:46:54 INFO  Downloading from central: https://repo.maven.apache.org/maven2/io/micrometer/micrometer-commons/1.15.10/micrometer-commons-1.15.10-sources.jar
2026.04.19 13:46:54 INFO  Progress (1): 7.7/47 kB
2026.04.19 13:46:54 INFO  Progress (1): 12/47 kB 
2026.04.19 13:46:54 INFO  Progress (1): 29/47 kB
2026.04.19 13:46:54 INFO  Progress (1): 45/47 kB
2026.04.19 13:46:54 INFO  Progress (1): 47 kB   
2026.04.19 13:46:54 INFO                     
2026.04.19 13:46:54 INFO  Downloaded from central: https://repo.maven.apache.org/maven2/io/micrometer/micrometer-commons/1.15.10/micrometer-commons-1.15.10-sources.jar (47 kB at 575 kB/s)
2026.04.19 13:46:54 INFO  [INFO] SUCCESS: io.micrometer:micrometer-commons:jar:1.15.10:compile (sources = true)
2026.04.19 13:46:54 INFO  [INFO] Resolving artifact: org.apache.logging.log4j:log4j-to-slf4j:jar:2.24.3:compile (sources = false)
2026.04.19 13:46:54 INFO  [INFO] SUCCESS: org.apache.logging.log4j:log4j-to-slf4j:jar:2.24.3:compile (sources = false)
2026.04.19 13:46:54 INFO  [INFO] Resolving artifact: org.apache.logging.log4j:log4j-to-slf4j:jar:2.24.3:compile (sources = true)
2026.04.19 13:46:54 INFO  Downloading from central: https://repo.maven.apache.org/maven2/org/apache/logging/log4j/log4j-to-slf4j/2.24.3/log4j-to-slf4j-2.24.3-sources.jar
2026.04.19 13:46:54 INFO  Progress (1): 7.7/18 kB
2026.04.19 13:46:54 INFO  Progress (1): 16/18 kB 
2026.04.19 13:46:54 INFO  Progress (1): 18 kB   
2026.04.19 13:46:54 INFO                     
2026.04.19 13:46:54 INFO  Downloaded from central: https://repo.maven.apache.org/maven2/org/apache/logging/log4j/log4j-to-slf4j/2.24.3/log4j-to-slf4j-2.24.3-sources.jar (18 kB at 218 kB/s)
2026.04.19 13:46:54 INFO  [INFO] SUCCESS: org.apache.logging.log4j:log4j-to-slf4j:jar:2.24.3:compile (sources = true)
2026.04.19 13:46:54 INFO  [INFO] Resolving artifact: org.junit.jupiter:junit-jupiter-params:jar:5.12.2:test (sources = false)
2026.04.19 13:46:54 INFO  [INFO] SUCCESS: org.junit.jupiter:junit-jupiter-params:jar:5.12.2:test (sources = false)
2026.04.19 13:46:54 INFO  [INFO] Resolving artifact: org.junit.jupiter:junit-jupiter-params:jar:5.12.2:test (sources = true)
2026.04.19 13:46:54 INFO  Downloading from central: https://repo.maven.apache.org/maven2/org/junit/jupiter/junit-jupiter-params/5.12.2/junit-jupiter-params-5.12.2-sources.jar
2026.04.19 13:46:54 INFO  Progress (1): 7.7/92 kB
2026.04.19 13:46:54 INFO  Progress (1): 16/92 kB 
2026.04.19 13:46:54 INFO  Progress (1): 24/92 kB
2026.04.19 13:46:54 INFO  Progress (1): 40/92 kB
2026.04.19 13:46:54 INFO  Progress (1): 57/92 kB
2026.04.19 13:46:54 INFO  Progress (1): 73/92 kB
2026.04.19 13:46:54 INFO  Progress (1): 90/92 kB
2026.04.19 13:46:54 INFO  Progress (1): 92 kB   
2026.04.19 13:46:54 INFO                     
2026.04.19 13:46:54 INFO  Downloaded from central: https://repo.maven.apache.org/maven2/org/junit/jupiter/junit-jupiter-params/5.12.2/junit-jupiter-params-5.12.2-sources.jar (92 kB at 1.1 MB/s)
2026.04.19 13:46:54 INFO  [INFO] SUCCESS: org.junit.jupiter:junit-jupiter-params:jar:5.12.2:test (sources = true)
2026.04.19 13:46:54 INFO  [INFO] Resolving artifact: org.slf4j:slf4j-api:jar:2.0.17:compile (sources = false)
2026.04.19 13:46:54 INFO  [INFO] SUCCESS: org.slf4j:slf4j-api:jar:2.0.17:compile (sources = false)
2026.04.19 13:46:54 INFO  [INFO] Resolving artifact: org.slf4j:slf4j-api:jar:2.0.17:compile (sources = true)
2026.04.19 13:46:54 INFO  Downloading from central: https://repo.maven.apache.org/maven2/org/slf4j/slf4j-api/2.0.17/slf4j-api-2.0.17-sources.jar
2026.04.19 13:46:54 INFO  Progress (1): 7.7/77 kB
2026.04.19 13:46:54 INFO  Progress (1): 16/77 kB 
2026.04.19 13:46:54 INFO  Progress (1): 25/77 kB
2026.04.19 13:46:54 INFO  Progress (1): 41/77 kB
2026.04.19 13:46:54 INFO  Progress (1): 57/77 kB
2026.04.19 13:46:54 INFO  Progress (1): 74/77 kB
2026.04.19 13:46:54 INFO  Progress (1): 77 kB   
2026.04.19 13:46:54 INFO                     
2026.04.19 13:46:54 INFO  Downloaded from central: https://repo.maven.apache.org/maven2/org/slf4j/slf4j-api/2.0.17/slf4j-api-2.0.17-sources.jar (77 kB at 906 kB/s)
2026.04.19 13:46:54 INFO  [INFO] SUCCESS: org.slf4j:slf4j-api:jar:2.0.17:compile (sources = true)
2026.04.19 13:46:54 INFO  [INFO] Resolving artifact: com.fasterxml.jackson.core:jackson-annotations:jar:2.21:compile (sources = false)
2026.04.19 13:46:54 INFO  [INFO] SUCCESS: com.fasterxml.jackson.core:jackson-annotations:jar:2.21:compile (sources = false)
2026.04.19 13:46:54 INFO  [INFO] Resolving artifact: com.fasterxml.jackson.core:jackson-annotations:jar:2.21:compile (sources = true)
2026.04.19 13:46:54 INFO  Downloading from central: https://repo.maven.apache.org/maven2/com/fasterxml/jackson/core/jackson-annotations/2.21/jackson-annotations-2.21-sources.jar
2026.04.19 13:46:54 INFO  Progress (1): 7.7/90 kB
2026.04.19 13:46:54 INFO  Progress (1): 7.7/90 kB
2026.04.19 13:46:54 INFO  Progress (1): 24/90 kB 
2026.04.19 13:46:54 INFO  Progress (1): 40/90 kB
2026.04.19 13:46:54 INFO  Progress (1): 57/90 kB
2026.04.19 13:46:54 INFO  Progress (1): 73/90 kB
2026.04.19 13:46:54 INFO  Progress (1): 90 kB   
2026.04.19 13:46:54 INFO                     
2026.04.19 13:46:54 INFO  Downloaded from central: https://repo.maven.apache.org/maven2/com/fasterxml/jackson/core/jackson-annotations/2.21/jackson-annotations-2.21-sources.jar (90 kB at 1.0 MB/s)
2026.04.19 13:46:54 INFO  [INFO] SUCCESS: com.fasterxml.jackson.core:jackson-annotations:jar:2.21:compile (sources = true)
2026.04.19 13:46:54 INFO  [INFO] Resolving artifact: io.netty:netty-codec-http2:jar:4.1.132.Final:compile (sources = false)
2026.04.19 13:46:54 INFO  [INFO] SUCCESS: io.netty:netty-codec-http2:jar:4.1.132.Final:compile (sources = false)
2026.04.19 13:46:54 INFO  [INFO] Resolving artifact: io.netty:netty-codec-http2:jar:4.1.132.Final:compile (sources = true)
2026.04.19 13:46:54 INFO  Downloading from central: https://repo.maven.apache.org/maven2/io/netty/netty-codec-http2/4.1.132.Final/netty-codec-http2-4.1.132.Final-sources.jar
2026.04.19 13:46:54 INFO  Progress (1): 7.7/324 kB
2026.04.19 13:46:54 INFO  Progress (1): 16/324 kB 
2026.04.19 13:46:54 INFO  Progress (1): 25/324 kB
2026.04.19 13:46:54 INFO  Progress (1): 41/324 kB
2026.04.19 13:46:54 INFO  Progress (1): 57/324 kB
2026.04.19 13:46:54 INFO  Progress (1): 74/324 kB
2026.04.19 13:46:54 INFO  Progress (1): 90/324 kB
2026.04.19 13:46:54 INFO  Progress (1): 106/324 kB
2026.04.19 13:46:54 INFO  Progress (1): 123/324 kB
2026.04.19 13:46:54 INFO  Progress (1): 139/324 kB
2026.04.19 13:46:54 INFO  Progress (1): 156/324 kB
2026.04.19 13:46:54 INFO  Progress (1): 172/324 kB
2026.04.19 13:46:54 INFO  Progress (1): 188/324 kB
2026.04.19 13:46:54 INFO  Progress (1): 197/324 kB
2026.04.19 13:46:54 INFO  Progress (1): 213/324 kB
2026.04.19 13:46:54 INFO  Progress (1): 229/324 kB
2026.04.19 13:46:54 INFO  Progress (1): 246/324 kB
2026.04.19 13:46:54 INFO  Progress (1): 262/324 kB
2026.04.19 13:46:54 INFO  Progress (1): 279/324 kB
2026.04.19 13:46:54 INFO  Progress (1): 295/324 kB
2026.04.19 13:46:54 INFO  Progress (1): 311/324 kB
2026.04.19 13:46:54 INFO  Progress (1): 324 kB    
2026.04.19 13:46:54 INFO                      
2026.04.19 13:46:54 INFO  Downloaded from central: https://repo.maven.apache.org/maven2/io/netty/netty-codec-http2/4.1.132.Final/netty-codec-http2-4.1.132.Final-sources.jar (324 kB at 3.1 MB/s)
2026.04.19 13:46:54 INFO  [INFO] SUCCESS: io.netty:netty-codec-http2:jar:4.1.132.Final:compile (sources = true)
2026.04.19 13:46:54 INFO  [INFO] Resolving artifact: org.springframework.boot:spring-boot-test:jar:3.5.13:test (sources = false)
2026.04.19 13:46:54 INFO  [INFO] SUCCESS: org.springframework.boot:spring-boot-test:jar:3.5.13:test (sources = false)
2026.04.19 13:46:54 INFO  [INFO] Resolving artifact: org.springframework.boot:spring-boot-test:jar:3.5.13:test (sources = true)
2026.04.19 13:46:54 INFO  Downloading from central: https://repo.maven.apache.org/maven2/org/springframework/boot/spring-boot-test/3.5.13/spring-boot-test-3.5.13-sources.jar
2026.04.19 13:46:54 INFO  Progress (1): 7.7/176 kB
2026.04.19 13:46:54 INFO  Progress (1): 12/176 kB 
2026.04.19 13:46:54 INFO  Progress (1): 29/176 kB
2026.04.19 13:46:54 INFO  Progress (1): 45/176 kB
2026.04.19 13:46:54 INFO  Progress (1): 61/176 kB
2026.04.19 13:46:54 INFO  Progress (1): 78/176 kB
2026.04.19 13:46:54 INFO  Progress (1): 94/176 kB
2026.04.19 13:46:54 INFO  Progress (1): 111/176 kB
2026.04.19 13:46:54 INFO  Progress (1): 127/176 kB
2026.04.19 13:46:54 INFO  Progress (1): 143/176 kB
2026.04.19 13:46:54 INFO  Progress (1): 160/176 kB
2026.04.19 13:46:54 INFO  Progress (1): 176 kB    
2026.04.19 13:46:54 INFO                      
2026.04.19 13:46:54 INFO  Downloaded from central: https://repo.maven.apache.org/maven2/org/springframework/boot/spring-boot-test/3.5.13/spring-boot-test-3.5.13-sources.jar (176 kB at 1.9 MB/s)
2026.04.19 13:46:54 INFO  [INFO] SUCCESS: org.springframework.boot:spring-boot-test:jar:3.5.13:test (sources = true)
2026.04.19 13:46:54 INFO  [INFO] Resolving artifact: org.springframework:spring-web:jar:6.2.17:compile (sources = false)
2026.04.19 13:46:54 INFO  [INFO] SUCCESS: org.springframework:spring-web:jar:6.2.17:compile (sources = false)
2026.04.19 13:46:54 INFO  [INFO] Resolving artifact: org.springframework:spring-web:jar:6.2.17:compile (sources = true)
2026.04.19 13:46:54 INFO  [INFO] SUCCESS: org.springframework:spring-web:jar:6.2.17:compile (sources = true)
2026.04.19 13:46:54 INFO  [INFO] Resolving artifact: io.projectreactor.netty:reactor-netty-http:jar:1.2.16:compile (sources = false)
2026.04.19 13:46:54 INFO  [INFO] SUCCESS: io.projectreactor.netty:reactor-netty-http:jar:1.2.16:compile (sources = false)
2026.04.19 13:46:54 INFO  [INFO] Resolving artifact: io.projectreactor.netty:reactor-netty-http:jar:1.2.16:compile (sources = true)
2026.04.19 13:46:54 INFO  Downloading from central: https://repo.maven.apache.org/maven2/io/projectreactor/netty/reactor-netty-http/1.2.16/reactor-netty-http-1.2.16-sources.jar
2026.04.19 13:46:54 INFO  Progress (1): 7.7/348 kB
2026.04.19 13:46:54 INFO  Progress (1): 12/348 kB 
2026.04.19 13:46:54 INFO  Progress (1): 29/348 kB
2026.04.19 13:46:54 INFO  Progress (1): 45/348 kB
2026.04.19 13:46:54 INFO  Progress (1): 61/348 kB
2026.04.19 13:46:54 INFO  Progress (1): 78/348 kB
2026.04.19 13:46:54 INFO  Progress (1): 94/348 kB
2026.04.19 13:46:54 INFO  Progress (1): 111/348 kB
2026.04.19 13:46:54 INFO  Progress (1): 127/348 kB
2026.04.19 13:46:54 INFO  Progress (1): 143/348 kB
2026.04.19 13:46:54 INFO  Progress (1): 160/348 kB
2026.04.19 13:46:54 INFO  Progress (1): 176/348 kB
2026.04.19 13:46:54 INFO  Progress (1): 193/348 kB
2026.04.19 13:46:54 INFO  Progress (1): 209/348 kB
2026.04.19 13:46:54 INFO  Progress (1): 225/348 kB
2026.04.19 13:46:54 INFO  Progress (1): 242/348 kB
2026.04.19 13:46:54 INFO  Progress (1): 258/348 kB
2026.04.19 13:46:54 INFO  Progress (1): 274/348 kB
2026.04.19 13:46:54 INFO  Progress (1): 291/348 kB
2026.04.19 13:46:54 INFO  Progress (1): 307/348 kB
2026.04.19 13:46:54 INFO  Progress (1): 324/348 kB
2026.04.19 13:46:54 INFO  Progress (1): 340/348 kB
2026.04.19 13:46:54 INFO  Progress (1): 348 kB    
2026.04.19 13:46:54 INFO                      
2026.04.19 13:46:54 INFO  Downloaded from central: https://repo.maven.apache.org/maven2/io/projectreactor/netty/reactor-netty-http/1.2.16/reactor-netty-http-1.2.16-sources.jar (348 kB at 3.2 MB/s)
2026.04.19 13:46:54 INFO  [INFO] SUCCESS: io.projectreactor.netty:reactor-netty-http:jar:1.2.16:compile (sources = true)
2026.04.19 13:46:54 INFO  [INFO] Resolving artifact: ch.qos.logback:logback-core:jar:1.5.32:compile (sources = false)
2026.04.19 13:46:54 INFO  [INFO] SUCCESS: ch.qos.logback:logback-core:jar:1.5.32:compile (sources = false)
2026.04.19 13:46:54 INFO  [INFO] Resolving artifact: ch.qos.logback:logback-core:jar:1.5.32:compile (sources = true)
2026.04.19 13:46:54 INFO  Downloading from central: https://repo.maven.apache.org/maven2/ch/qos/logback/logback-core/1.5.32/logback-core-1.5.32-sources.jar
2026.04.19 13:46:54 INFO  Progress (1): 7.7/532 kB
2026.04.19 13:46:54 INFO  Progress (1): 12/532 kB 
2026.04.19 13:46:54 INFO  Progress (1): 28/532 kB
2026.04.19 13:46:54 INFO  Progress (1): 44/532 kB
2026.04.19 13:46:54 INFO  Progress (1): 61/532 kB
2026.04.19 13:46:54 INFO  Progress (1): 77/532 kB
2026.04.19 13:46:54 INFO  Progress (1): 93/532 kB
2026.04.19 13:46:54 INFO  Progress (1): 110/532 kB
2026.04.19 13:46:54 INFO  Progress (1): 126/532 kB
2026.04.19 13:46:54 INFO  Progress (1): 143/532 kB
2026.04.19 13:46:54 INFO  Progress (1): 159/532 kB
2026.04.19 13:46:54 INFO  Progress (1): 175/532 kB
2026.04.19 13:46:54 INFO  Progress (1): 192/532 kB
2026.04.19 13:46:54 INFO  Progress (1): 208/532 kB
2026.04.19 13:46:54 INFO  Progress (1): 225/532 kB
2026.04.19 13:46:54 INFO  Progress (1): 241/532 kB
2026.04.19 13:46:54 INFO  Progress (1): 257/532 kB
2026.04.19 13:46:54 INFO  Progress (1): 274/532 kB
2026.04.19 13:46:54 INFO  Progress (1): 290/532 kB
2026.04.19 13:46:54 INFO  Progress (1): 306/532 kB
2026.04.19 13:46:54 INFO  Progress (1): 323/532 kB
2026.04.19 13:46:54 INFO  Progress (1): 339/532 kB
2026.04.19 13:46:54 INFO  Progress (1): 356/532 kB
2026.04.19 13:46:54 INFO  Progress (1): 372/532 kB
2026.04.19 13:46:54 INFO  Progress (1): 388/532 kB
2026.04.19 13:46:54 INFO  Progress (1): 405/532 kB
2026.04.19 13:46:54 INFO  Progress (1): 421/532 kB
2026.04.19 13:46:54 INFO  Progress (1): 438/532 kB
2026.04.19 13:46:54 INFO  Progress (1): 454/532 kB
2026.04.19 13:46:54 INFO  Progress (1): 470/532 kB
2026.04.19 13:46:54 INFO  Progress (1): 487/532 kB
2026.04.19 13:46:54 INFO  Progress (1): 503/532 kB
2026.04.19 13:46:54 INFO  Progress (1): 519/532 kB
2026.04.19 13:46:54 INFO  Progress (1): 532 kB    
2026.04.19 13:46:54 INFO                      
2026.04.19 13:46:54 INFO  Downloaded from central: https://repo.maven.apache.org/maven2/ch/qos/logback/logback-core/1.5.32/logback-core-1.5.32-sources.jar (532 kB at 4.3 MB/s)
2026.04.19 13:46:54 INFO  [INFO] SUCCESS: ch.qos.logback:logback-core:jar:1.5.32:compile (sources = true)
2026.04.19 13:46:54 INFO  [INFO] Resolving artifact: org.springframework:spring-expression:jar:6.2.17:compile (sources = false)
2026.04.19 13:46:54 INFO  [INFO] SUCCESS: org.springframework:spring-expression:jar:6.2.17:compile (sources = false)
2026.04.19 13:46:54 INFO  [INFO] Resolving artifact: org.springframework:spring-expression:jar:6.2.17:compile (sources = true)
2026.04.19 13:46:54 INFO  Downloading from central: https://repo.maven.apache.org/maven2/org/springframework/spring-expression/6.2.17/spring-expression-6.2.17-sources.jar
2026.04.19 13:46:54 INFO  Progress (1): 7.7/238 kB
2026.04.19 13:46:54 INFO  Progress (1): 16/238 kB 
2026.04.19 13:46:54 INFO  Progress (1): 29/238 kB
2026.04.19 13:46:54 INFO  Progress (1): 45/238 kB
2026.04.19 13:46:54 INFO  Progress (1): 61/238 kB
2026.04.19 13:46:54 INFO  Progress (1): 78/238 kB
2026.04.19 13:46:54 INFO  Progress (1): 94/238 kB
2026.04.19 13:46:54 INFO  Progress (1): 111/238 kB
2026.04.19 13:46:54 INFO  Progress (1): 127/238 kB
2026.04.19 13:46:54 INFO  Progress (1): 143/238 kB
2026.04.19 13:46:54 INFO  Progress (1): 160/238 kB
2026.04.19 13:46:54 INFO  Progress (1): 176/238 kB
2026.04.19 13:46:54 INFO  Progress (1): 193/238 kB
2026.04.19 13:46:54 INFO  Progress (1): 209/238 kB
2026.04.19 13:46:54 INFO  Progress (1): 225/238 kB
2026.04.19 13:46:54 INFO  Progress (1): 238 kB    
2026.04.19 13:46:54 INFO                      
2026.04.19 13:46:54 INFO  Downloaded from central: https://repo.maven.apache.org/maven2/org/springframework/spring-expression/6.2.17/spring-expression-6.2.17-sources.jar (238 kB at 2.4 MB/s)
2026.04.19 13:46:54 INFO  [INFO] SUCCESS: org.springframework:spring-expression:jar:6.2.17:compile (sources = true)
2026.04.19 13:46:54 INFO  [INFO] Resolving artifact: org.apache.tomcat.embed:tomcat-embed-websocket:jar:10.1.53:compile (sources = false)
2026.04.19 13:46:54 INFO  [INFO] SUCCESS: org.apache.tomcat.embed:tomcat-embed-websocket:jar:10.1.53:compile (sources = false)
2026.04.19 13:46:54 INFO  [INFO] Resolving artifact: org.apache.tomcat.embed:tomcat-embed-websocket:jar:10.1.53:compile (sources = true)
2026.04.19 13:46:54 INFO  Downloading from central: https://repo.maven.apache.org/maven2/org/apache/tomcat/embed/tomcat-embed-websocket/10.1.53/tomcat-embed-websocket-10.1.53-sources.jar
2026.04.19 13:46:55 INFO  Progress (1): 7.7/249 kB
2026.04.19 13:46:55 INFO  Progress (1): 12/249 kB 
2026.04.19 13:46:55 INFO  Progress (1): 29/249 kB
2026.04.19 13:46:55 INFO  Progress (1): 45/249 kB
2026.04.19 13:46:55 INFO  Progress (1): 61/249 kB
2026.04.19 13:46:55 INFO  Progress (1): 66/249 kB
2026.04.19 13:46:55 INFO  Progress (1): 82/249 kB
2026.04.19 13:46:55 INFO  Progress (1): 98/249 kB
2026.04.19 13:46:55 INFO  Progress (1): 115/249 kB
2026.04.19 13:46:55 INFO  Progress (1): 131/249 kB
2026.04.19 13:46:55 INFO  Progress (1): 147/249 kB
2026.04.19 13:46:55 INFO  Progress (1): 164/249 kB
2026.04.19 13:46:55 INFO  Progress (1): 180/249 kB
2026.04.19 13:46:55 INFO  Progress (1): 197/249 kB
2026.04.19 13:46:55 INFO  Progress (1): 213/249 kB
2026.04.19 13:46:55 INFO  Progress (1): 229/249 kB
2026.04.19 13:46:55 INFO  Progress (1): 246/249 kB
2026.04.19 13:46:55 INFO  Progress (1): 249 kB    
2026.04.19 13:46:55 INFO                      
2026.04.19 13:46:55 INFO  Downloaded from central: https://repo.maven.apache.org/maven2/org/apache/tomcat/embed/tomcat-embed-websocket/10.1.53/tomcat-embed-websocket-10.1.53-sources.jar (249 kB at 2.4 MB/s)
2026.04.19 13:46:55 INFO  [INFO] SUCCESS: org.apache.tomcat.embed:tomcat-embed-websocket:jar:10.1.53:compile (sources = true)
2026.04.19 13:46:55 INFO  [INFO] Resolving artifact: org.springframework.boot:spring-boot-autoconfigure:jar:3.5.13:compile (sources = false)
2026.04.19 13:46:55 INFO  [INFO] SUCCESS: org.springframework.boot:spring-boot-autoconfigure:jar:3.5.13:compile (sources = false)
2026.04.19 13:46:55 INFO  [INFO] Resolving artifact: org.springframework.boot:spring-boot-autoconfigure:jar:3.5.13:compile (sources = true)
2026.04.19 13:46:55 INFO  Downloading from central: https://repo.maven.apache.org/maven2/org/springframework/boot/spring-boot-autoconfigure/3.5.13/spring-boot-autoconfigure-3.5.13-sources.jar
avr. 19, 2026 1:46:55 PM org.eclipse.lsp4j.jsonrpc.services.GenericEndpoint notify
INFOS: Unsupported notification method: $/setTrace
2026.04.19 13:46:55 INFO  Progress (1): 0/1.2 MB
2026.04.19 13:46:55 INFO  Progress (1): 0/1.2 MB
2026.04.19 13:46:55 INFO  Progress (1): 0/1.2 MB
2026.04.19 13:46:55 INFO  Progress (1): 0/1.2 MB
2026.04.19 13:46:55 INFO  Progress (1): 0.1/1.2 MB
2026.04.19 13:46:55 INFO  Progress (1): 0.1/1.2 MB
2026.04.19 13:46:55 INFO  Progress (1): 0.1/1.2 MB
2026.04.19 13:46:55 INFO  Progress (1): 0.1/1.2 MB
2026.04.19 13:46:55 INFO  no build target found for /home/yaroslav/Bureau/ganBackend/gan/src/main/java/com/ganbackend/gan/dto/TransferHistoryDto.java. Using fallback presentation compiler.
2026.04.19 13:46:55 INFO  Progress (1): 0.1/1.2 MB
2026.04.19 13:46:55 INFO  Progress (1): 0.1/1.2 MB
2026.04.19 13:46:55 INFO  Progress (1): 0.1/1.2 MB
2026.04.19 13:46:55 INFO  Progress (1): 0.2/1.2 MB
2026.04.19 13:46:55 INFO  Progress (1): 0.2/1.2 MB
2026.04.19 13:46:55 INFO  Progress (1): 0.2/1.2 MB
2026.04.19 13:46:55 INFO  Progress (1): 0.2/1.2 MB
2026.04.19 13:46:55 INFO  Progress (1): 0.2/1.2 MB
2026.04.19 13:46:55 INFO  Progress (1): 0.2/1.2 MB
2026.04.19 13:46:55 INFO  Progress (1): 0.3/1.2 MB
2026.04.19 13:46:55 INFO  Progress (1): 0.3/1.2 MB
2026.04.19 13:46:55 INFO  Progress (1): 0.3/1.2 MB
2026.04.19 13:46:55 INFO  Progress (1): 0.3/1.2 MB
2026.04.19 13:46:55 INFO  Progress (1): 0.3/1.2 MB
2026.04.19 13:46:55 INFO  Progress (1): 0.3/1.2 MB
2026.04.19 13:46:55 INFO  Progress (1): 0.4/1.2 MB
2026.04.19 13:46:55 INFO  Progress (1): 0.4/1.2 MB
2026.04.19 13:46:55 INFO  Progress (1): 0.4/1.2 MB
2026.04.19 13:46:55 INFO  Progress (1): 0.4/1.2 MB
2026.04.19 13:46:55 INFO  Progress (1): 0.4/1.2 MB
2026.04.19 13:46:55 INFO  Progress (1): 0.4/1.2 MB
2026.04.19 13:46:55 INFO  Progress (1): 0.5/1.2 MB
2026.04.19 13:46:55 INFO  Progress (1): 0.5/1.2 MB
2026.04.19 13:46:55 INFO  Progress (1): 0.5/1.2 MB
2026.04.19 13:46:55 INFO  Progress (1): 0.5/1.2 MB
2026.04.19 13:46:55 INFO  Progress (1): 0.5/1.2 MB
2026.04.19 13:46:55 INFO  Progress (1): 0.5/1.2 MB
2026.04.19 13:46:55 INFO  Progress (1): 0.6/1.2 MB
2026.04.19 13:46:55 INFO  Progress (1): 0.6/1.2 MB
2026.04.19 13:46:55 INFO  Progress (1): 0.6/1.2 MB
2026.04.19 13:46:55 INFO  Progress (1): 0.6/1.2 MB
2026.04.19 13:46:55 INFO  Progress (1): 0.6/1.2 MB
2026.04.19 13:46:55 INFO  Progress (1): 0.6/1.2 MB
2026.04.19 13:46:55 INFO  Progress (1): 0.7/1.2 MB
2026.04.19 13:46:55 INFO  Progress (1): 0.7/1.2 MB
2026.04.19 13:46:55 INFO  Progress (1): 0.7/1.2 MB
2026.04.19 13:46:55 INFO  Progress (1): 0.7/1.2 MB
2026.04.19 13:46:55 INFO  Progress (1): 0.7/1.2 MB
2026.04.19 13:46:55 INFO  Progress (1): 0.7/1.2 MB
2026.04.19 13:46:55 INFO  Progress (1): 0.8/1.2 MB
2026.04.19 13:46:55 INFO  Progress (1): 0.8/1.2 MB
2026.04.19 13:46:55 INFO  Progress (1): 0.8/1.2 MB
2026.04.19 13:46:55 INFO  Progress (1): 0.8/1.2 MB
2026.04.19 13:46:55 INFO  Progress (1): 0.8/1.2 MB
2026.04.19 13:46:55 INFO  Progress (1): 0.8/1.2 MB
2026.04.19 13:46:55 INFO  Progress (1): 0.9/1.2 MB
2026.04.19 13:46:55 INFO  Progress (1): 0.9/1.2 MB
2026.04.19 13:46:55 INFO  Progress (1): 0.9/1.2 MB
2026.04.19 13:46:55 INFO  Progress (1): 0.9/1.2 MB
2026.04.19 13:46:55 INFO  Progress (1): 0.9/1.2 MB
2026.04.19 13:46:55 INFO  Progress (1): 0.9/1.2 MB
2026.04.19 13:46:55 INFO  Progress (1): 1.0/1.2 MB
2026.04.19 13:46:55 INFO  Progress (1): 1.0/1.2 MB
2026.04.19 13:46:55 INFO  Progress (1): 1.0/1.2 MB
2026.04.19 13:46:55 INFO  Progress (1): 1.0/1.2 MB
2026.04.19 13:46:55 INFO  Progress (1): 1.0/1.2 MB
2026.04.19 13:46:55 INFO  Progress (1): 1.0/1.2 MB
2026.04.19 13:46:55 INFO  Progress (1): 1.0/1.2 MB
2026.04.19 13:46:55 INFO  Progress (1): 1.1/1.2 MB
2026.04.19 13:46:55 INFO  Progress (1): 1.1/1.2 MB
2026.04.19 13:46:55 INFO  Progress (1): 1.1/1.2 MB
2026.04.19 13:46:55 INFO  Progress (1): 1.1/1.2 MB
2026.04.19 13:46:55 INFO  Progress (1): 1.1/1.2 MB
2026.04.19 13:46:55 INFO  Progress (1): 1.1/1.2 MB
2026.04.19 13:46:55 INFO  Progress (1): 1.2/1.2 MB
2026.04.19 13:46:55 INFO  Progress (1): 1.2/1.2 MB
2026.04.19 13:46:55 INFO  Progress (1): 1.2 MB    
2026.04.19 13:46:55 INFO                      
2026.04.19 13:46:55 INFO  Downloaded from central: https://repo.maven.apache.org/maven2/org/springframework/boot/spring-boot-autoconfigure/3.5.13/spring-boot-autoconfigure-3.5.13-sources.jar (1.2 MB at 5.4 MB/s)
2026.04.19 13:46:55 INFO  [INFO] SUCCESS: org.springframework.boot:spring-boot-autoconfigure:jar:3.5.13:compile (sources = true)
2026.04.19 13:46:55 INFO  [INFO] Resolving artifact: org.springframework:spring-test:jar:6.2.17:test (sources = false)
2026.04.19 13:46:55 INFO  [INFO] SUCCESS: org.springframework:spring-test:jar:6.2.17:test (sources = false)
2026.04.19 13:46:55 INFO  [INFO] Resolving artifact: org.springframework:spring-test:jar:6.2.17:test (sources = true)
2026.04.19 13:46:55 INFO  Downloading from central: https://repo.maven.apache.org/maven2/org/springframework/spring-test/6.2.17/spring-test-6.2.17-sources.jar
2026.04.19 13:46:55 INFO  Progress (1): 7.7/815 kB
2026.04.19 13:46:55 INFO  Progress (1): 12/815 kB 
2026.04.19 13:46:55 INFO  Progress (1): 29/815 kB
2026.04.19 13:46:55 INFO  Progress (1): 45/815 kB
2026.04.19 13:46:55 INFO  Progress (1): 61/815 kB
2026.04.19 13:46:55 INFO  Progress (1): 78/815 kB
2026.04.19 13:46:55 INFO  Progress (1): 94/815 kB
2026.04.19 13:46:55 INFO  Progress (1): 111/815 kB
2026.04.19 13:46:55 INFO  Progress (1): 127/815 kB
2026.04.19 13:46:55 INFO  Progress (1): 143/815 kB
2026.04.19 13:46:55 INFO  Progress (1): 160/815 kB
2026.04.19 13:46:55 INFO  Progress (1): 176/815 kB
2026.04.19 13:46:55 INFO  Progress (1): 193/815 kB
2026.04.19 13:46:55 INFO  Progress (1): 209/815 kB
2026.04.19 13:46:55 INFO  Progress (1): 225/815 kB
2026.04.19 13:46:55 INFO  Progress (1): 242/815 kB
2026.04.19 13:46:55 INFO  Progress (1): 258/815 kB
2026.04.19 13:46:55 INFO  Progress (1): 274/815 kB
2026.04.19 13:46:55 INFO  Progress (1): 291/815 kB
2026.04.19 13:46:55 INFO  Progress (1): 307/815 kB
2026.04.19 13:46:55 INFO  Progress (1): 324/815 kB
2026.04.19 13:46:55 INFO  Progress (1): 340/815 kB
2026.04.19 13:46:55 INFO  Progress (1): 356/815 kB
2026.04.19 13:46:55 INFO  Progress (1): 373/815 kB
2026.04.19 13:46:55 INFO  Progress (1): 389/815 kB
2026.04.19 13:46:55 INFO  Progress (1): 406/815 kB
2026.04.19 13:46:55 INFO  Progress (1): 422/815 kB
2026.04.19 13:46:55 INFO  Progress (1): 438/815 kB
2026.04.19 13:46:55 INFO  Progress (1): 455/815 kB
2026.04.19 13:46:55 INFO  Progress (1): 471/815 kB
2026.04.19 13:46:55 INFO  Progress (1): 487/815 kB
2026.04.19 13:46:55 INFO  Progress (1): 504/815 kB
2026.04.19 13:46:55 INFO  Progress (1): 520/815 kB
2026.04.19 13:46:55 INFO  Progress (1): 524/815 kB
2026.04.19 13:46:55 INFO  Progress (1): 541/815 kB
2026.04.19 13:46:55 INFO  Progress (1): 557/815 kB
2026.04.19 13:46:55 INFO  Progress (1): 573/815 kB
2026.04.19 13:46:55 INFO  Progress (1): 590/815 kB
2026.04.19 13:46:55 INFO  Progress (1): 606/815 kB
2026.04.19 13:46:55 INFO  Progress (1): 623/815 kB
2026.04.19 13:46:55 INFO  Progress (1): 639/815 kB
2026.04.19 13:46:55 INFO  Progress (1): 655/815 kB
2026.04.19 13:46:55 INFO  Progress (1): 672/815 kB
2026.04.19 13:46:55 INFO  Progress (1): 688/815 kB
2026.04.19 13:46:55 INFO  Progress (1): 705/815 kB
2026.04.19 13:46:55 INFO  Progress (1): 721/815 kB
2026.04.19 13:46:55 INFO  Progress (1): 737/815 kB
2026.04.19 13:46:55 INFO  Progress (1): 754/815 kB
2026.04.19 13:46:55 INFO  Progress (1): 770/815 kB
2026.04.19 13:46:55 INFO  Progress (1): 786/815 kB
2026.04.19 13:46:55 INFO  Progress (1): 803/815 kB
2026.04.19 13:46:55 INFO  Progress (1): 815 kB    
2026.04.19 13:46:55 INFO                      
2026.04.19 13:46:55 INFO  Downloaded from central: https://repo.maven.apache.org/maven2/org/springframework/spring-test/6.2.17/spring-test-6.2.17-sources.jar (815 kB at 3.0 MB/s)
2026.04.19 13:46:55 INFO  [INFO] SUCCESS: org.springframework:spring-test:jar:6.2.17:test (sources = true)
2026.04.19 13:46:55 INFO  [INFO] Resolving artifact: org.springframework:spring-jcl:jar:6.2.17:compile (sources = false)
2026.04.19 13:46:55 INFO  [INFO] SUCCESS: org.springframework:spring-jcl:jar:6.2.17:compile (sources = false)
2026.04.19 13:46:55 INFO  [INFO] Resolving artifact: org.springframework:spring-jcl:jar:6.2.17:compile (sources = true)
2026.04.19 13:46:55 INFO  Downloading from central: https://repo.maven.apache.org/maven2/org/springframework/spring-jcl/6.2.17/spring-jcl-6.2.17-sources.jar
2026.04.19 13:46:55 INFO  Progress (1): 7.7/13 kB
2026.04.19 13:46:55 INFO  Progress (1): 13 kB    
2026.04.19 13:46:55 INFO                     
2026.04.19 13:46:55 INFO  Downloaded from central: https://repo.maven.apache.org/maven2/org/springframework/spring-jcl/6.2.17/spring-jcl-6.2.17-sources.jar (13 kB at 161 kB/s)
2026.04.19 13:46:55 INFO  [INFO] SUCCESS: org.springframework:spring-jcl:jar:6.2.17:compile (sources = true)
2026.04.19 13:46:55 INFO  [INFO] Resolving artifact: net.minidev:accessors-smart:jar:2.5.2:test (sources = false)
2026.04.19 13:46:55 INFO  [INFO] SUCCESS: net.minidev:accessors-smart:jar:2.5.2:test (sources = false)
2026.04.19 13:46:55 INFO  [INFO] Resolving artifact: net.minidev:accessors-smart:jar:2.5.2:test (sources = true)
2026.04.19 13:46:55 INFO  Downloading from central: https://repo.maven.apache.org/maven2/net/minidev/accessors-smart/2.5.2/accessors-smart-2.5.2-sources.jar
2026.04.19 13:46:55 INFO  Progress (1): 7.7/25 kB
2026.04.19 13:46:55 INFO  Progress (1): 16/25 kB 
2026.04.19 13:46:55 INFO  Progress (1): 25 kB   
2026.04.19 13:46:55 INFO                     
2026.04.19 13:46:55 INFO  Downloaded from central: https://repo.maven.apache.org/maven2/net/minidev/accessors-smart/2.5.2/accessors-smart-2.5.2-sources.jar (25 kB at 297 kB/s)
2026.04.19 13:46:55 INFO  [INFO] SUCCESS: net.minidev:accessors-smart:jar:2.5.2:test (sources = true)
2026.04.19 13:46:55 INFO  [INFO] Resolving artifact: org.springframework:spring-beans:jar:6.2.17:compile (sources = false)
2026.04.19 13:46:55 INFO  [INFO] SUCCESS: org.springframework:spring-beans:jar:6.2.17:compile (sources = false)
2026.04.19 13:46:55 INFO  [INFO] Resolving artifact: org.springframework:spring-beans:jar:6.2.17:compile (sources = true)
2026.04.19 13:46:55 INFO  Downloading from central: https://repo.maven.apache.org/maven2/org/springframework/spring-beans/6.2.17/spring-beans-6.2.17-sources.jar
2026.04.19 13:46:55 INFO  Progress (1): 4.1/742 kB
2026.04.19 13:46:55 INFO  Progress (1): 20/742 kB 
2026.04.19 13:46:55 INFO  Progress (1): 37/742 kB
2026.04.19 13:46:55 INFO  Progress (1): 53/742 kB
2026.04.19 13:46:55 INFO  Progress (1): 61/742 kB
2026.04.19 13:46:55 INFO  Progress (1): 78/742 kB
2026.04.19 13:46:55 INFO  Progress (1): 94/742 kB
2026.04.19 13:46:55 INFO  Progress (1): 111/742 kB
2026.04.19 13:46:55 INFO  Progress (1): 127/742 kB
2026.04.19 13:46:55 INFO  Progress (1): 143/742 kB
2026.04.19 13:46:55 INFO  Progress (1): 160/742 kB
2026.04.19 13:46:55 INFO  Progress (1): 176/742 kB
2026.04.19 13:46:55 INFO  Progress (1): 193/742 kB
2026.04.19 13:46:55 INFO  Progress (1): 209/742 kB
2026.04.19 13:46:55 INFO  Progress (1): 225/742 kB
2026.04.19 13:46:55 INFO  Progress (1): 242/742 kB
2026.04.19 13:46:55 INFO  Progress (1): 258/742 kB
2026.04.19 13:46:55 INFO  Progress (1): 274/742 kB
2026.04.19 13:46:55 INFO  Progress (1): 291/742 kB
2026.04.19 13:46:55 INFO  Progress (1): 307/742 kB
2026.04.19 13:46:55 INFO  Progress (1): 324/742 kB
2026.04.19 13:46:55 INFO  Progress (1): 340/742 kB
2026.04.19 13:46:55 INFO  Progress (1): 356/742 kB
2026.04.19 13:46:55 INFO  Progress (1): 373/742 kB
2026.04.19 13:46:55 INFO  Progress (1): 389/742 kB
2026.04.19 13:46:55 INFO  Progress (1): 406/742 kB
2026.04.19 13:46:55 INFO  Progress (1): 422/742 kB
2026.04.19 13:46:55 INFO  Progress (1): 438/742 kB
2026.04.19 13:46:55 INFO  Progress (1): 455/742 kB
2026.04.19 13:46:55 INFO  Progress (1): 471/742 kB
2026.04.19 13:46:55 INFO  Progress (1): 487/742 kB
2026.04.19 13:46:55 INFO  Progress (1): 504/742 kB
2026.04.19 13:46:55 INFO  Progress (1): 520/742 kB
2026.04.19 13:46:55 INFO  Progress (1): 537/742 kB
2026.04.19 13:46:55 INFO  Progress (1): 553/742 kB
2026.04.19 13:46:55 INFO  Progress (1): 569/742 kB
2026.04.19 13:46:55 INFO  Progress (1): 586/742 kB
2026.04.19 13:46:55 INFO  Progress (1): 602/742 kB
2026.04.19 13:46:55 INFO  Progress (1): 618/742 kB
2026.04.19 13:46:55 INFO  Progress (1): 635/742 kB
2026.04.19 13:46:55 INFO  Progress (1): 651/742 kB
2026.04.19 13:46:55 INFO  Progress (1): 668/742 kB
2026.04.19 13:46:55 INFO  Progress (1): 684/742 kB
2026.04.19 13:46:55 INFO  Progress (1): 700/742 kB
2026.04.19 13:46:55 INFO  Progress (1): 717/742 kB
2026.04.19 13:46:55 INFO  Progress (1): 733/742 kB
2026.04.19 13:46:55 INFO  Progress (1): 742 kB    
2026.04.19 13:46:55 INFO                      
2026.04.19 13:46:55 INFO  Downloaded from central: https://repo.maven.apache.org/maven2/org/springframework/spring-beans/6.2.17/spring-beans-6.2.17-sources.jar (742 kB at 3.8 MB/s)
2026.04.19 13:46:55 INFO  [INFO] SUCCESS: org.springframework:spring-beans:jar:6.2.17:compile (sources = true)
2026.04.19 13:46:55 INFO  [INFO] Resolving artifact: org.springframework.boot:spring-boot-starter-json:jar:3.5.13:compile (sources = false)
2026.04.19 13:46:55 INFO  [INFO] SUCCESS: org.springframework.boot:spring-boot-starter-json:jar:3.5.13:compile (sources = false)
2026.04.19 13:46:55 INFO  [INFO] Resolving artifact: org.springframework.boot:spring-boot-starter-json:jar:3.5.13:compile (sources = true)
2026.04.19 13:46:55 INFO  Downloading from central: https://repo.maven.apache.org/maven2/org/springframework/boot/spring-boot-starter-json/3.5.13/spring-boot-starter-json-3.5.13-sources.jar
2026.04.19 13:46:55 INFO  Progress (1): 4.7 kB
2026.04.19 13:46:55 INFO                      
2026.04.19 13:46:55 INFO  Downloaded from central: https://repo.maven.apache.org/maven2/org/springframework/boot/spring-boot-starter-json/3.5.13/spring-boot-starter-json-3.5.13-sources.jar (4.7 kB at 60 kB/s)
2026.04.19 13:46:55 INFO  [INFO] SUCCESS: org.springframework.boot:spring-boot-starter-json:jar:3.5.13:compile (sources = true)
2026.04.19 13:46:55 INFO  [INFO] Resolving artifact: org.assertj:assertj-core:jar:3.27.7:test (sources = false)
2026.04.19 13:46:55 INFO  [INFO] SUCCESS: org.assertj:assertj-core:jar:3.27.7:test (sources = false)
2026.04.19 13:46:55 INFO  [INFO] Resolving artifact: org.assertj:assertj-core:jar:3.27.7:test (sources = true)
2026.04.19 13:46:55 INFO  Downloading from central: https://repo.maven.apache.org/maven2/org/assertj/assertj-core/3.27.7/assertj-core-3.27.7-sources.jar
2026.04.19 13:46:56 INFO  Progress (1): 0/1.5 MB
2026.04.19 13:46:56 INFO  Progress (1): 0/1.5 MB
2026.04.19 13:46:56 INFO  Progress (1): 0/1.5 MB
2026.04.19 13:46:56 INFO  Progress (1): 0/1.5 MB
2026.04.19 13:46:56 INFO  Progress (1): 0.1/1.5 MB
2026.04.19 13:46:56 INFO  Progress (1): 0.1/1.5 MB
2026.04.19 13:46:56 INFO  Progress (1): 0.1/1.5 MB
2026.04.19 13:46:56 INFO  Progress (1): 0.1/1.5 MB
2026.04.19 13:46:56 INFO  Progress (1): 0.1/1.5 MB
2026.04.19 13:46:56 INFO  Progress (1): 0.1/1.5 MB
2026.04.19 13:46:56 INFO  Progress (1): 0.2/1.5 MB
2026.04.19 13:46:56 INFO  Progress (1): 0.2/1.5 MB
2026.04.19 13:46:56 INFO  Progress (1): 0.2/1.5 MB
2026.04.19 13:46:56 INFO  Progress (1): 0.2/1.5 MB
2026.04.19 13:46:56 INFO  Progress (1): 0.2/1.5 MB
2026.04.19 13:46:56 INFO  Progress (1): 0.2/1.5 MB
2026.04.19 13:46:56 INFO  Progress (1): 0.3/1.5 MB
2026.04.19 13:46:56 INFO  Progress (1): 0.3/1.5 MB
2026.04.19 13:46:56 INFO  Progress (1): 0.3/1.5 MB
2026.04.19 13:46:56 INFO  Progress (1): 0.3/1.5 MB
2026.04.19 13:46:56 INFO  Progress (1): 0.3/1.5 MB
2026.04.19 13:46:56 INFO  Progress (1): 0.3/1.5 MB
2026.04.19 13:46:56 INFO  Progress (1): 0.4/1.5 MB
2026.04.19 13:46:56 INFO  Progress (1): 0.4/1.5 MB
2026.04.19 13:46:56 INFO  Progress (1): 0.4/1.5 MB
2026.04.19 13:46:56 INFO  Progress (1): 0.4/1.5 MB
2026.04.19 13:46:56 INFO  Progress (1): 0.4/1.5 MB
2026.04.19 13:46:56 INFO  Progress (1): 0.4/1.5 MB
2026.04.19 13:46:56 INFO  Progress (1): 0.5/1.5 MB
2026.04.19 13:46:56 INFO  Progress (1): 0.5/1.5 MB
2026.04.19 13:46:56 INFO  Progress (1): 0.5/1.5 MB
2026.04.19 13:46:56 INFO  Progress (1): 0.5/1.5 MB
2026.04.19 13:46:56 INFO  Progress (1): 0.5/1.5 MB
2026.04.19 13:46:56 INFO  Progress (1): 0.5/1.5 MB
2026.04.19 13:46:56 INFO  Progress (1): 0.5/1.5 MB
2026.04.19 13:46:56 INFO  Progress (1): 0.6/1.5 MB
2026.04.19 13:46:56 INFO  Progress (1): 0.6/1.5 MB
2026.04.19 13:46:56 INFO  Progress (1): 0.6/1.5 MB
2026.04.19 13:46:56 INFO  Progress (1): 0.6/1.5 MB
2026.04.19 13:46:56 INFO  Progress (1): 0.6/1.5 MB
2026.04.19 13:46:56 INFO  Progress (1): 0.6/1.5 MB
2026.04.19 13:46:56 INFO  Progress (1): 0.7/1.5 MB
2026.04.19 13:46:56 INFO  Progress (1): 0.7/1.5 MB
2026.04.19 13:46:56 INFO  Progress (1): 0.7/1.5 MB
2026.04.19 13:46:56 INFO  Progress (1): 0.7/1.5 MB
2026.04.19 13:46:56 INFO  Progress (1): 0.7/1.5 MB
2026.04.19 13:46:56 INFO  Progress (1): 0.7/1.5 MB
2026.04.19 13:46:56 INFO  Progress (1): 0.8/1.5 MB
2026.04.19 13:46:56 INFO  Progress (1): 0.8/1.5 MB
2026.04.19 13:46:56 INFO  Progress (1): 0.8/1.5 MB
2026.04.19 13:46:56 INFO  Progress (1): 0.8/1.5 MB
2026.04.19 13:46:56 INFO  Progress (1): 0.8/1.5 MB
2026.04.19 13:46:56 INFO  Progress (1): 0.8/1.5 MB
2026.04.19 13:46:56 INFO  Progress (1): 0.9/1.5 MB
2026.04.19 13:46:56 INFO  Progress (1): 0.9/1.5 MB
2026.04.19 13:46:56 INFO  Progress (1): 0.9/1.5 MB
2026.04.19 13:46:56 INFO  Progress (1): 0.9/1.5 MB
2026.04.19 13:46:56 INFO  Progress (1): 0.9/1.5 MB
2026.04.19 13:46:56 INFO  Progress (1): 0.9/1.5 MB
2026.04.19 13:46:56 INFO  Progress (1): 1.0/1.5 MB
2026.04.19 13:46:56 INFO  Progress (1): 1.0/1.5 MB
2026.04.19 13:46:56 INFO  Progress (1): 1.0/1.5 MB
2026.04.19 13:46:56 INFO  Progress (1): 1.0/1.5 MB
2026.04.19 13:46:56 INFO  Progress (1): 1.0/1.5 MB
2026.04.19 13:46:56 INFO  Progress (1): 1.0/1.5 MB
2026.04.19 13:46:56 INFO  Progress (1): 1.1/1.5 MB
2026.04.19 13:46:56 INFO  Progress (1): 1.1/1.5 MB
2026.04.19 13:46:56 INFO  Progress (1): 1.1/1.5 MB
2026.04.19 13:46:56 INFO  Progress (1): 1.1/1.5 MB
2026.04.19 13:46:56 INFO  Progress (1): 1.1/1.5 MB
2026.04.19 13:46:56 INFO  Progress (1): 1.1/1.5 MB
2026.04.19 13:46:56 INFO  Progress (1): 1.2/1.5 MB
2026.04.19 13:46:56 INFO  Progress (1): 1.2/1.5 MB
2026.04.19 13:46:56 INFO  Progress (1): 1.2/1.5 MB
2026.04.19 13:46:56 INFO  Progress (1): 1.2/1.5 MB
2026.04.19 13:46:56 INFO  Progress (1): 1.2/1.5 MB
2026.04.19 13:46:56 INFO  Progress (1): 1.2/1.5 MB
2026.04.19 13:46:56 INFO  Progress (1): 1.3/1.5 MB
2026.04.19 13:46:56 INFO  Progress (1): 1.3/1.5 MB
2026.04.19 13:46:56 INFO  Progress (1): 1.3/1.5 MB
2026.04.19 13:46:56 INFO  Progress (1): 1.3/1.5 MB
2026.04.19 13:46:56 INFO  Progress (1): 1.3/1.5 MB
2026.04.19 13:46:56 INFO  Progress (1): 1.3/1.5 MB
2026.04.19 13:46:56 INFO  Progress (1): 1.4/1.5 MB
2026.04.19 13:46:56 INFO  Progress (1): 1.4/1.5 MB
2026.04.19 13:46:56 INFO  Progress (1): 1.4/1.5 MB
2026.04.19 13:46:56 INFO  Progress (1): 1.4/1.5 MB
2026.04.19 13:46:56 INFO  Progress (1): 1.4/1.5 MB
2026.04.19 13:46:56 INFO  Progress (1): 1.4/1.5 MB
2026.04.19 13:46:56 INFO  Progress (1): 1.4/1.5 MB
2026.04.19 13:46:56 INFO  Progress (1): 1.5 MB    
2026.04.19 13:46:56 INFO                      
2026.04.19 13:46:56 INFO  Downloaded from central: https://repo.maven.apache.org/maven2/org/assertj/assertj-core/3.27.7/assertj-core-3.27.7-sources.jar (1.5 MB at 5.5 MB/s)
2026.04.19 13:46:56 INFO  [INFO] SUCCESS: org.assertj:assertj-core:jar:3.27.7:test (sources = true)
2026.04.19 13:46:56 INFO  [INFO] Resolving artifact: org.mockito:mockito-junit-jupiter:jar:5.17.0:test (sources = false)
2026.04.19 13:46:56 INFO  [INFO] SUCCESS: org.mockito:mockito-junit-jupiter:jar:5.17.0:test (sources = false)
2026.04.19 13:46:56 INFO  [INFO] Resolving artifact: org.mockito:mockito-junit-jupiter:jar:5.17.0:test (sources = true)
2026.04.19 13:46:56 INFO  Downloading from central: https://repo.maven.apache.org/maven2/org/mockito/mockito-junit-jupiter/5.17.0/mockito-junit-jupiter-5.17.0-sources.jar
2026.04.19 13:46:56 INFO  Progress (1): 6.7 kB
2026.04.19 13:46:56 INFO                      
2026.04.19 13:46:56 INFO  Downloaded from central: https://repo.maven.apache.org/maven2/org/mockito/mockito-junit-jupiter/5.17.0/mockito-junit-jupiter-5.17.0-sources.jar (6.7 kB at 83 kB/s)
2026.04.19 13:46:56 INFO  [INFO] SUCCESS: org.mockito:mockito-junit-jupiter:jar:5.17.0:test (sources = true)
2026.04.19 13:46:56 INFO  [INFO] Resolving artifact: org.mockito:mockito-core:jar:5.17.0:test (sources = false)
2026.04.19 13:46:56 INFO  [INFO] SUCCESS: org.mockito:mockito-core:jar:5.17.0:test (sources = false)
2026.04.19 13:46:56 INFO  [INFO] Resolving artifact: org.mockito:mockito-core:jar:5.17.0:test (sources = true)
2026.04.19 13:46:56 INFO  Downloading from central: https://repo.maven.apache.org/maven2/org/mockito/mockito-core/5.17.0/mockito-core-5.17.0-sources.jar
2026.04.19 13:46:56 INFO  Progress (1): 7.7/542 kB
2026.04.19 13:46:56 INFO  Progress (1): 16/542 kB 
2026.04.19 13:46:56 INFO  Progress (1): 24/542 kB
2026.04.19 13:46:56 INFO  Progress (1): 40/542 kB
2026.04.19 13:46:56 INFO  Progress (1): 57/542 kB
2026.04.19 13:46:56 INFO  Progress (1): 73/542 kB
2026.04.19 13:46:56 INFO  Progress (1): 90/542 kB
2026.04.19 13:46:56 INFO  Progress (1): 106/542 kB
2026.04.19 13:46:56 INFO  Progress (1): 122/542 kB
2026.04.19 13:46:56 INFO  Progress (1): 139/542 kB
2026.04.19 13:46:56 INFO  Progress (1): 155/542 kB
2026.04.19 13:46:56 INFO  Progress (1): 172/542 kB
2026.04.19 13:46:56 INFO  Progress (1): 188/542 kB
2026.04.19 13:46:56 INFO  Progress (1): 204/542 kB
2026.04.19 13:46:56 INFO  Progress (1): 221/542 kB
2026.04.19 13:46:56 INFO  Progress (1): 237/542 kB
2026.04.19 13:46:56 INFO  Progress (1): 253/542 kB
2026.04.19 13:46:56 INFO  Progress (1): 270/542 kB
2026.04.19 13:46:56 INFO  Progress (1): 286/542 kB
2026.04.19 13:46:56 INFO  Progress (1): 303/542 kB
2026.04.19 13:46:56 INFO  Progress (1): 319/542 kB
2026.04.19 13:46:56 INFO  Progress (1): 335/542 kB
2026.04.19 13:46:56 INFO  Progress (1): 352/542 kB
2026.04.19 13:46:56 INFO  Progress (1): 368/542 kB
2026.04.19 13:46:56 INFO  no build target found for /home/yaroslav/Bureau/ganBackend/gan/src/main/java/com/ganbackend/gan/dto/TransferHistoryDto.java. Using fallback presentation compiler.
2026.04.19 13:46:56 INFO  Progress (1): 385/542 kB
2026.04.19 13:46:56 INFO  Progress (1): 401/542 kB
2026.04.19 13:46:56 INFO  Progress (1): 417/542 kB
2026.04.19 13:46:56 INFO  Progress (1): 434/542 kB
2026.04.19 13:46:56 INFO  Progress (1): 450/542 kB
2026.04.19 13:46:56 INFO  Progress (1): 466/542 kB
2026.04.19 13:46:56 INFO  Progress (1): 483/542 kB
2026.04.19 13:46:56 INFO  Progress (1): 499/542 kB
2026.04.19 13:46:56 INFO  Progress (1): 516/542 kB
2026.04.19 13:46:56 INFO  Progress (1): 532/542 kB
2026.04.19 13:46:56 INFO  Progress (1): 542 kB    
2026.04.19 13:46:56 INFO                      
2026.04.19 13:46:56 INFO  Downloaded from central: https://repo.maven.apache.org/maven2/org/mockito/mockito-core/5.17.0/mockito-core-5.17.0-sources.jar (542 kB at 3.7 MB/s)
2026.04.19 13:46:56 INFO  [INFO] SUCCESS: org.mockito:mockito-core:jar:5.17.0:test (sources = true)
2026.04.19 13:46:56 INFO  [INFO] Resolving artifact: org.ow2.asm:asm:jar:9.7.1:test (sources = false)
2026.04.19 13:46:56 INFO  [INFO] SUCCESS: org.ow2.asm:asm:jar:9.7.1:test (sources = false)
2026.04.19 13:46:56 INFO  [INFO] Resolving artifact: org.ow2.asm:asm:jar:9.7.1:test (sources = true)
2026.04.19 13:46:56 INFO  Downloading from central: https://repo.maven.apache.org/maven2/org/ow2/asm/asm/9.7.1/asm-9.7.1-sources.jar
2026.04.19 13:46:56 INFO  Progress (1): 7.7/185 kB
2026.04.19 13:46:56 INFO  Progress (1): 12/185 kB 
2026.04.19 13:46:56 INFO  Progress (1): 29/185 kB
2026.04.19 13:46:56 INFO  Progress (1): 45/185 kB
2026.04.19 13:46:56 INFO  Progress (1): 61/185 kB
2026.04.19 13:46:56 INFO  Progress (1): 78/185 kB
2026.04.19 13:46:56 INFO  Progress (1): 94/185 kB
2026.04.19 13:46:56 INFO  Progress (1): 111/185 kB
2026.04.19 13:46:56 INFO  Progress (1): 127/185 kB
2026.04.19 13:46:56 INFO  Progress (1): 143/185 kB
2026.04.19 13:46:56 INFO  Progress (1): 160/185 kB
2026.04.19 13:46:56 INFO  Progress (1): 176/185 kB
2026.04.19 13:46:56 INFO  Progress (1): 185 kB    
2026.04.19 13:46:56 INFO                      
2026.04.19 13:46:56 INFO  Downloaded from central: https://repo.maven.apache.org/maven2/org/ow2/asm/asm/9.7.1/asm-9.7.1-sources.jar (185 kB at 1.8 MB/s)
2026.04.19 13:46:56 INFO  [INFO] SUCCESS: org.ow2.asm:asm:jar:9.7.1:test (sources = true)
2026.04.19 13:46:56 INFO  [INFO] Resolving artifact: org.junit.jupiter:junit-jupiter-api:jar:5.12.2:test (sources = false)
2026.04.19 13:46:56 INFO  [INFO] SUCCESS: org.junit.jupiter:junit-jupiter-api:jar:5.12.2:test (sources = false)
2026.04.19 13:46:56 INFO  [INFO] Resolving artifact: org.junit.jupiter:junit-jupiter-api:jar:5.12.2:test (sources = true)
2026.04.19 13:46:56 INFO  Downloading from central: https://repo.maven.apache.org/maven2/org/junit/jupiter/junit-jupiter-api/5.12.2/junit-jupiter-api-5.12.2-sources.jar
2026.04.19 13:46:56 INFO  Progress (1): 8.2/232 kB
2026.04.19 13:46:56 INFO  Progress (1): 25/232 kB 
2026.04.19 13:46:56 INFO  Progress (1): 41/232 kB
2026.04.19 13:46:56 INFO  Progress (1): 57/232 kB
2026.04.19 13:46:56 INFO  Progress (1): 74/232 kB
2026.04.19 13:46:56 INFO  Progress (1): 90/232 kB
2026.04.19 13:46:56 INFO  Progress (1): 106/232 kB
2026.04.19 13:46:56 INFO  Progress (1): 123/232 kB
2026.04.19 13:46:56 INFO  Progress (1): 131/232 kB
2026.04.19 13:46:56 INFO  Progress (1): 147/232 kB
2026.04.19 13:46:56 INFO  Progress (1): 164/232 kB
2026.04.19 13:46:56 INFO  Progress (1): 180/232 kB
2026.04.19 13:46:56 INFO  Progress (1): 197/232 kB
2026.04.19 13:46:56 INFO  Progress (1): 213/232 kB
2026.04.19 13:46:56 INFO  Progress (1): 229/232 kB
2026.04.19 13:46:56 INFO  Progress (1): 232 kB    
2026.04.19 13:46:56 INFO                      
2026.04.19 13:46:56 INFO  Downloaded from central: https://repo.maven.apache.org/maven2/org/junit/jupiter/junit-jupiter-api/5.12.2/junit-jupiter-api-5.12.2-sources.jar (232 kB at 2.3 MB/s)
2026.04.19 13:46:56 INFO  [INFO] SUCCESS: org.junit.jupiter:junit-jupiter-api:jar:5.12.2:test (sources = true)
2026.04.19 13:46:56 INFO  [INFO] Resolving artifact: org.slf4j:jul-to-slf4j:jar:2.0.17:compile (sources = false)
2026.04.19 13:46:56 INFO  [INFO] SUCCESS: org.slf4j:jul-to-slf4j:jar:2.0.17:compile (sources = false)
2026.04.19 13:46:56 INFO  [INFO] Resolving artifact: org.slf4j:jul-to-slf4j:jar:2.0.17:compile (sources = true)
2026.04.19 13:46:56 INFO  Downloading from central: https://repo.maven.apache.org/maven2/org/slf4j/jul-to-slf4j/2.0.17/jul-to-slf4j-2.0.17-sources.jar
2026.04.19 13:46:56 INFO  Progress (1): 7.1 kB
2026.04.19 13:46:56 INFO                      
2026.04.19 13:46:56 INFO  Downloaded from central: https://repo.maven.apache.org/maven2/org/slf4j/jul-to-slf4j/2.0.17/jul-to-slf4j-2.0.17-sources.jar (7.1 kB at 89 kB/s)
2026.04.19 13:46:56 INFO  [INFO] SUCCESS: org.slf4j:jul-to-slf4j:jar:2.0.17:compile (sources = true)
2026.04.19 13:46:56 INFO  [INFO] Resolving artifact: org.springframework.boot:spring-boot-starter-tomcat:jar:3.5.13:compile (sources = false)
2026.04.19 13:46:56 INFO  [INFO] SUCCESS: org.springframework.boot:spring-boot-starter-tomcat:jar:3.5.13:compile (sources = false)
2026.04.19 13:46:56 INFO  [INFO] Resolving artifact: org.springframework.boot:spring-boot-starter-tomcat:jar:3.5.13:compile (sources = true)
2026.04.19 13:46:56 INFO  Downloading from central: https://repo.maven.apache.org/maven2/org/springframework/boot/spring-boot-starter-tomcat/3.5.13/spring-boot-starter-tomcat-3.5.13-sources.jar
2026.04.19 13:46:56 INFO  Progress (1): 4.8 kB
2026.04.19 13:46:56 INFO                      
2026.04.19 13:46:56 INFO  Downloaded from central: https://repo.maven.apache.org/maven2/org/springframework/boot/spring-boot-starter-tomcat/3.5.13/spring-boot-starter-tomcat-3.5.13-sources.jar (4.8 kB at 60 kB/s)
2026.04.19 13:46:56 INFO  [INFO] SUCCESS: org.springframework.boot:spring-boot-starter-tomcat:jar:3.5.13:compile (sources = true)
2026.04.19 13:46:56 INFO  [INFO] Resolving artifact: io.projectreactor.netty:reactor-netty-core:jar:1.2.16:compile (sources = false)
2026.04.19 13:46:56 INFO  [INFO] SUCCESS: io.projectreactor.netty:reactor-netty-core:jar:1.2.16:compile (sources = false)
2026.04.19 13:46:56 INFO  [INFO] Resolving artifact: io.projectreactor.netty:reactor-netty-core:jar:1.2.16:compile (sources = true)
2026.04.19 13:46:56 INFO  Downloading from central: https://repo.maven.apache.org/maven2/io/projectreactor/netty/reactor-netty-core/1.2.16/reactor-netty-core-1.2.16-sources.jar
2026.04.19 13:46:56 INFO  Progress (1): 7.7/244 kB
2026.04.19 13:46:56 INFO  Progress (1): 7.7/244 kB
2026.04.19 13:46:56 INFO  Progress (1): 24/244 kB 
2026.04.19 13:46:56 INFO  Progress (1): 40/244 kB
2026.04.19 13:46:56 INFO  Progress (1): 57/244 kB
2026.04.19 13:46:56 INFO  Progress (1): 73/244 kB
2026.04.19 13:46:56 INFO  Progress (1): 90/244 kB
2026.04.19 13:46:56 INFO  Progress (1): 106/244 kB
2026.04.19 13:46:56 INFO  Progress (1): 122/244 kB
2026.04.19 13:46:56 INFO  Progress (1): 139/244 kB
2026.04.19 13:46:56 INFO  Progress (1): 155/244 kB
2026.04.19 13:46:56 INFO  Progress (1): 172/244 kB
2026.04.19 13:46:56 INFO  Progress (1): 188/244 kB
2026.04.19 13:46:56 INFO  Progress (1): 204/244 kB
2026.04.19 13:46:56 INFO  Progress (1): 221/244 kB
2026.04.19 13:46:56 INFO  Progress (1): 237/244 kB
2026.04.19 13:46:56 INFO  Progress (1): 244 kB    
2026.04.19 13:46:56 INFO                      
2026.04.19 13:46:56 INFO  Downloaded from central: https://repo.maven.apache.org/maven2/io/projectreactor/netty/reactor-netty-core/1.2.16/reactor-netty-core-1.2.16-sources.jar (244 kB at 2.3 MB/s)
2026.04.19 13:46:56 INFO  [INFO] SUCCESS: io.projectreactor.netty:reactor-netty-core:jar:1.2.16:compile (sources = true)
2026.04.19 13:46:56 INFO  [INFO] Resolving artifact: org.springframework.boot:spring-boot-docker-compose:jar:3.5.13:runtime (sources = false)
2026.04.19 13:46:56 INFO  [INFO] SUCCESS: org.springframework.boot:spring-boot-docker-compose:jar:3.5.13:runtime (sources = false)
2026.04.19 13:46:56 INFO  [INFO] Resolving artifact: org.springframework.boot:spring-boot-docker-compose:jar:3.5.13:runtime (sources = true)
2026.04.19 13:46:56 INFO  Downloading from central: https://repo.maven.apache.org/maven2/org/springframework/boot/spring-boot-docker-compose/3.5.13/spring-boot-docker-compose-3.5.13-sources.jar
2026.04.19 13:46:56 INFO  Progress (1): 7.7/153 kB
2026.04.19 13:46:56 INFO  Progress (1): 8.2/153 kB
2026.04.19 13:46:56 INFO  Progress (1): 25/153 kB 
2026.04.19 13:46:57 INFO  Progress (1): 41/153 kB
2026.04.19 13:46:57 INFO  Progress (1): 57/153 kB
2026.04.19 13:46:57 INFO  Progress (1): 74/153 kB
2026.04.19 13:46:57 INFO  Progress (1): 82/153 kB
2026.04.19 13:46:57 INFO  Progress (1): 98/153 kB
2026.04.19 13:46:57 INFO  Progress (1): 115/153 kB
2026.04.19 13:46:57 INFO  Progress (1): 131/153 kB
2026.04.19 13:46:57 INFO  Progress (1): 147/153 kB
2026.04.19 13:46:57 INFO  Progress (1): 153 kB    
2026.04.19 13:46:57 INFO                      
2026.04.19 13:46:57 INFO  Downloaded from central: https://repo.maven.apache.org/maven2/org/springframework/boot/spring-boot-docker-compose/3.5.13/spring-boot-docker-compose-3.5.13-sources.jar (153 kB at 1.3 MB/s)
2026.04.19 13:46:57 INFO  [INFO] SUCCESS: org.springframework.boot:spring-boot-docker-compose:jar:3.5.13:runtime (sources = true)
2026.04.19 13:46:57 INFO  [INFO] Resolving artifact: com.fasterxml.jackson.module:jackson-module-parameter-names:jar:2.21.2:compile (sources = false)
2026.04.19 13:46:57 INFO  [INFO] SUCCESS: com.fasterxml.jackson.module:jackson-module-parameter-names:jar:2.21.2:compile (sources = false)
2026.04.19 13:46:57 INFO  [INFO] Resolving artifact: com.fasterxml.jackson.module:jackson-module-parameter-names:jar:2.21.2:compile (sources = true)
2026.04.19 13:46:57 INFO  Downloading from central: https://repo.maven.apache.org/maven2/com/fasterxml/jackson/module/jackson-module-parameter-names/2.21.2/jackson-module-parameter-names-2.21.2-sources.jar
2026.04.19 13:46:57 INFO  Progress (1): 7.7/7.9 kB
2026.04.19 13:46:57 INFO  Progress (1): 7.9 kB    
2026.04.19 13:46:57 INFO                      
2026.04.19 13:46:57 INFO  Downloaded from central: https://repo.maven.apache.org/maven2/com/fasterxml/jackson/module/jackson-module-parameter-names/2.21.2/jackson-module-parameter-names-2.21.2-sources.jar (7.9 kB at 99 kB/s)
2026.04.19 13:46:57 INFO  [INFO] SUCCESS: com.fasterxml.jackson.module:jackson-module-parameter-names:jar:2.21.2:compile (sources = true)
2026.04.19 13:46:57 INFO  [INFO] Resolving artifact: org.opentest4j:opentest4j:jar:1.3.0:test (sources = false)
2026.04.19 13:46:57 INFO  [INFO] SUCCESS: org.opentest4j:opentest4j:jar:1.3.0:test (sources = false)
2026.04.19 13:46:57 INFO  [INFO] Resolving artifact: org.opentest4j:opentest4j:jar:1.3.0:test (sources = true)
2026.04.19 13:46:57 INFO  Downloading from central: https://repo.maven.apache.org/maven2/org/opentest4j/opentest4j/1.3.0/opentest4j-1.3.0-sources.jar
2026.04.19 13:46:57 INFO  Progress (1): 7.5/10 kB
2026.04.19 13:46:57 INFO  Progress (1): 10 kB    
2026.04.19 13:46:57 INFO                     
2026.04.19 13:46:57 INFO  Downloaded from central: https://repo.maven.apache.org/maven2/org/opentest4j/opentest4j/1.3.0/opentest4j-1.3.0-sources.jar (10 kB at 130 kB/s)
2026.04.19 13:46:57 INFO  [INFO] SUCCESS: org.opentest4j:opentest4j:jar:1.3.0:test (sources = true)
2026.04.19 13:46:57 INFO  [INFO] Resolving artifact: ch.qos.logback:logback-classic:jar:1.5.32:compile (sources = false)
2026.04.19 13:46:57 INFO  [INFO] SUCCESS: ch.qos.logback:logback-classic:jar:1.5.32:compile (sources = false)
2026.04.19 13:46:57 INFO  [INFO] Resolving artifact: ch.qos.logback:logback-classic:jar:1.5.32:compile (sources = true)
2026.04.19 13:46:57 INFO  Downloading from central: https://repo.maven.apache.org/maven2/ch/qos/logback/logback-classic/1.5.32/logback-classic-1.5.32-sources.jar
2026.04.19 13:46:57 INFO  Progress (1): 7.7/251 kB
2026.04.19 13:46:57 INFO  Progress (1): 16/251 kB 
2026.04.19 13:46:57 INFO  Progress (1): 29/251 kB
2026.04.19 13:46:57 INFO  Progress (1): 45/251 kB
2026.04.19 13:46:57 INFO  Progress (1): 61/251 kB
2026.04.19 13:46:57 INFO  Progress (1): 78/251 kB
2026.04.19 13:46:57 INFO  Progress (1): 94/251 kB
2026.04.19 13:46:57 INFO  Progress (1): 111/251 kB
2026.04.19 13:46:57 INFO  Progress (1): 127/251 kB
2026.04.19 13:46:57 INFO  Progress (1): 143/251 kB
2026.04.19 13:46:57 INFO  Progress (1): 147/251 kB
2026.04.19 13:46:57 INFO  Progress (1): 164/251 kB
2026.04.19 13:46:57 INFO  Progress (1): 180/251 kB
2026.04.19 13:46:57 INFO  Progress (1): 197/251 kB
2026.04.19 13:46:57 INFO  Progress (1): 213/251 kB
2026.04.19 13:46:57 INFO  Progress (1): 229/251 kB
2026.04.19 13:46:57 INFO  Progress (1): 246/251 kB
2026.04.19 13:46:57 INFO  Progress (1): 251 kB    
2026.04.19 13:46:57 INFO                      
2026.04.19 13:46:57 INFO  Downloaded from central: https://repo.maven.apache.org/maven2/ch/qos/logback/logback-classic/1.5.32/logback-classic-1.5.32-sources.jar (251 kB at 2.4 MB/s)
2026.04.19 13:46:57 INFO  [INFO] SUCCESS: ch.qos.logback:logback-classic:jar:1.5.32:compile (sources = true)
2026.04.19 13:46:57 INFO  [INFO] Resolving artifact: org.springframework.boot:spring-boot-starter:jar:3.5.13:compile (sources = false)
2026.04.19 13:46:57 INFO  [INFO] SUCCESS: org.springframework.boot:spring-boot-starter:jar:3.5.13:compile (sources = false)
2026.04.19 13:46:57 INFO  [INFO] Resolving artifact: org.springframework.boot:spring-boot-starter:jar:3.5.13:compile (sources = true)
2026.04.19 13:46:57 INFO  Downloading from central: https://repo.maven.apache.org/maven2/org/springframework/boot/spring-boot-starter/3.5.13/spring-boot-starter-3.5.13-sources.jar
2026.04.19 13:46:57 INFO  Progress (1): 4.8 kB
2026.04.19 13:46:57 INFO                      
2026.04.19 13:46:57 INFO  Downloaded from central: https://repo.maven.apache.org/maven2/org/springframework/boot/spring-boot-starter/3.5.13/spring-boot-starter-3.5.13-sources.jar (4.8 kB at 59 kB/s)
2026.04.19 13:46:57 INFO  [INFO] SUCCESS: org.springframework.boot:spring-boot-starter:jar:3.5.13:compile (sources = true)
2026.04.19 13:46:57 INFO  [INFO] Resolving artifact: io.netty:netty-codec-http:jar:4.1.132.Final:compile (sources = false)
2026.04.19 13:46:57 INFO  [INFO] SUCCESS: io.netty:netty-codec-http:jar:4.1.132.Final:compile (sources = false)
2026.04.19 13:46:57 INFO  [INFO] Resolving artifact: io.netty:netty-codec-http:jar:4.1.132.Final:compile (sources = true)
2026.04.19 13:46:57 INFO  Downloading from central: https://repo.maven.apache.org/maven2/io/netty/netty-codec-http/4.1.132.Final/netty-codec-http-4.1.132.Final-sources.jar
2026.04.19 13:46:57 INFO  Progress (1): 7.7/519 kB
2026.04.19 13:46:57 INFO  Progress (1): 16/519 kB 
2026.04.19 13:46:57 INFO  Progress (1): 25/519 kB
2026.04.19 13:46:57 INFO  Progress (1): 41/519 kB
2026.04.19 13:46:57 INFO  Progress (1): 57/519 kB
2026.04.19 13:46:57 INFO  Progress (1): 74/519 kB
2026.04.19 13:46:57 INFO  Progress (1): 90/519 kB
2026.04.19 13:46:57 INFO  Progress (1): 106/519 kB
2026.04.19 13:46:57 INFO  Progress (1): 123/519 kB
2026.04.19 13:46:57 INFO  Progress (1): 139/519 kB
2026.04.19 13:46:57 INFO  Progress (1): 147/519 kB
2026.04.19 13:46:57 INFO  Progress (1): 164/519 kB
2026.04.19 13:46:57 INFO  Progress (1): 180/519 kB
2026.04.19 13:46:57 INFO  Progress (1): 197/519 kB
2026.04.19 13:46:57 INFO  Progress (1): 213/519 kB
2026.04.19 13:46:57 INFO  Progress (1): 229/519 kB
2026.04.19 13:46:57 INFO  Progress (1): 246/519 kB
2026.04.19 13:46:57 INFO  Progress (1): 262/519 kB
2026.04.19 13:46:57 INFO  Progress (1): 279/519 kB
2026.04.19 13:46:57 INFO  Progress (1): 295/519 kB
2026.04.19 13:46:57 INFO  Progress (1): 311/519 kB
2026.04.19 13:46:57 INFO  Progress (1): 328/519 kB
2026.04.19 13:46:57 INFO  Progress (1): 344/519 kB
2026.04.19 13:46:57 INFO  Progress (1): 360/519 kB
2026.04.19 13:46:57 INFO  Progress (1): 377/519 kB
2026.04.19 13:46:57 INFO  Progress (1): 393/519 kB
2026.04.19 13:46:57 INFO  Progress (1): 410/519 kB
2026.04.19 13:46:57 INFO  Progress (1): 426/519 kB
2026.04.19 13:46:57 INFO  Progress (1): 442/519 kB
2026.04.19 13:46:57 INFO  Progress (1): 459/519 kB
2026.04.19 13:46:57 INFO  Progress (1): 475/519 kB
2026.04.19 13:46:57 INFO  Progress (1): 492/519 kB
2026.04.19 13:46:57 INFO  Progress (1): 508/519 kB
2026.04.19 13:46:57 INFO  Progress (1): 519 kB    
2026.04.19 13:46:57 INFO                      
2026.04.19 13:46:57 INFO  Downloaded from central: https://repo.maven.apache.org/maven2/io/netty/netty-codec-http/4.1.132.Final/netty-codec-http-4.1.132.Final-sources.jar (519 kB at 3.8 MB/s)
2026.04.19 13:46:57 INFO  [INFO] SUCCESS: io.netty:netty-codec-http:jar:4.1.132.Final:compile (sources = true)
2026.04.19 13:46:57 INFO  [INFO] Resolving artifact: org.junit.jupiter:junit-jupiter-engine:jar:5.12.2:test (sources = false)
2026.04.19 13:46:57 INFO  [INFO] SUCCESS: org.junit.jupiter:junit-jupiter-engine:jar:5.12.2:test (sources = false)
2026.04.19 13:46:57 INFO  [INFO] Resolving artifact: org.junit.jupiter:junit-jupiter-engine:jar:5.12.2:test (sources = true)
2026.04.19 13:46:57 INFO  Downloading from central: https://repo.maven.apache.org/maven2/org/junit/jupiter/junit-jupiter-engine/5.12.2/junit-jupiter-engine-5.12.2-sources.jar
2026.04.19 13:46:57 INFO  Progress (1): 16/148 kB
2026.04.19 13:46:57 INFO  Progress (1): 25/148 kB
2026.04.19 13:46:57 INFO  Progress (1): 41/148 kB
2026.04.19 13:46:57 INFO  Progress (1): 57/148 kB
2026.04.19 13:46:57 INFO  Progress (1): 74/148 kB
2026.04.19 13:46:57 INFO  Progress (1): 82/148 kB
2026.04.19 13:46:57 INFO  Progress (1): 98/148 kB
2026.04.19 13:46:57 INFO  Progress (1): 115/148 kB
2026.04.19 13:46:57 INFO  Progress (1): 131/148 kB
2026.04.19 13:46:57 INFO  Progress (1): 147/148 kB
2026.04.19 13:46:57 INFO  Progress (1): 148 kB    
2026.04.19 13:46:57 INFO                      
2026.04.19 13:46:57 INFO  Downloaded from central: https://repo.maven.apache.org/maven2/org/junit/jupiter/junit-jupiter-engine/5.12.2/junit-jupiter-engine-5.12.2-sources.jar (148 kB at 1.5 MB/s)
2026.04.19 13:46:57 INFO  [INFO] SUCCESS: org.junit.jupiter:junit-jupiter-engine:jar:5.12.2:test (sources = true)
2026.04.19 13:46:57 INFO  [INFO] Resolving artifact: org.springframework:spring-webmvc:jar:6.2.17:compile (sources = false)
2026.04.19 13:46:57 INFO  [INFO] SUCCESS: org.springframework:spring-webmvc:jar:6.2.17:compile (sources = false)
2026.04.19 13:46:57 INFO  [INFO] Resolving artifact: org.springframework:spring-webmvc:jar:6.2.17:compile (sources = true)
2026.04.19 13:46:57 INFO  Downloading from central: https://repo.maven.apache.org/maven2/org/springframework/spring-webmvc/6.2.17/spring-webmvc-6.2.17-sources.jar
2026.04.19 13:46:57 INFO  Progress (1): 7.7/856 kB
2026.04.19 13:46:57 INFO  Progress (1): 8.2/856 kB
2026.04.19 13:46:57 INFO  Progress (1): 25/856 kB 
2026.04.19 13:46:57 INFO  Progress (1): 41/856 kB
2026.04.19 13:46:57 INFO  Progress (1): 57/856 kB
2026.04.19 13:46:57 INFO  Progress (1): 74/856 kB
2026.04.19 13:46:57 INFO  Progress (1): 90/856 kB
2026.04.19 13:46:57 INFO  Progress (1): 106/856 kB
2026.04.19 13:46:57 INFO  Progress (1): 123/856 kB
2026.04.19 13:46:57 INFO  Progress (1): 131/856 kB
2026.04.19 13:46:57 INFO  Progress (1): 147/856 kB
2026.04.19 13:46:57 INFO  Progress (1): 164/856 kB
2026.04.19 13:46:57 INFO  Progress (1): 180/856 kB
2026.04.19 13:46:57 INFO  Progress (1): 197/856 kB
2026.04.19 13:46:57 INFO  Progress (1): 213/856 kB
2026.04.19 13:46:57 INFO  Progress (1): 229/856 kB
2026.04.19 13:46:57 INFO  Progress (1): 246/856 kB
2026.04.19 13:46:57 INFO  Progress (1): 262/856 kB
2026.04.19 13:46:57 INFO  Progress (1): 279/856 kB
2026.04.19 13:46:57 INFO  Progress (1): 295/856 kB
2026.04.19 13:46:57 INFO  Progress (1): 311/856 kB
2026.04.19 13:46:57 INFO  Progress (1): 328/856 kB
2026.04.19 13:46:57 INFO  Progress (1): 344/856 kB
2026.04.19 13:46:57 INFO  Progress (1): 360/856 kB
2026.04.19 13:46:57 INFO  Progress (1): 377/856 kB
2026.04.19 13:46:57 INFO  Progress (1): 393/856 kB
2026.04.19 13:46:57 INFO  Progress (1): 410/856 kB
2026.04.19 13:46:57 INFO  Progress (1): 426/856 kB
2026.04.19 13:46:57 INFO  Progress (1): 442/856 kB
2026.04.19 13:46:57 INFO  Progress (1): 459/856 kB
2026.04.19 13:46:57 INFO  Progress (1): 475/856 kB
2026.04.19 13:46:57 INFO  Progress (1): 492/856 kB
2026.04.19 13:46:57 INFO  Progress (1): 508/856 kB
2026.04.19 13:46:57 INFO  Progress (1): 524/856 kB
2026.04.19 13:46:57 INFO  Progress (1): 541/856 kB
2026.04.19 13:46:57 INFO  Progress (1): 557/856 kB
2026.04.19 13:46:57 INFO  Progress (1): 573/856 kB
2026.04.19 13:46:57 INFO  Progress (1): 590/856 kB
2026.04.19 13:46:57 INFO  Progress (1): 606/856 kB
2026.04.19 13:46:57 INFO  Progress (1): 623/856 kB
2026.04.19 13:46:57 INFO  Progress (1): 639/856 kB
2026.04.19 13:46:57 INFO  Progress (1): 655/856 kB
2026.04.19 13:46:57 INFO  Progress (1): 672/856 kB
2026.04.19 13:46:57 INFO  Progress (1): 688/856 kB
2026.04.19 13:46:57 INFO  Progress (1): 705/856 kB
2026.04.19 13:46:57 INFO  Progress (1): 721/856 kB
2026.04.19 13:46:57 INFO  Progress (1): 737/856 kB
2026.04.19 13:46:57 INFO  Progress (1): 754/856 kB
2026.04.19 13:46:57 INFO  Progress (1): 770/856 kB
2026.04.19 13:46:57 INFO  Progress (1): 786/856 kB
2026.04.19 13:46:57 INFO  Progress (1): 803/856 kB
2026.04.19 13:46:57 INFO  Progress (1): 819/856 kB
2026.04.19 13:46:57 INFO  Progress (1): 836/856 kB
2026.04.19 13:46:57 INFO  Progress (1): 852/856 kB
2026.04.19 13:46:57 INFO  Progress (1): 856 kB    
2026.04.19 13:46:57 INFO                      
2026.04.19 13:46:57 INFO  Downloaded from central: https://repo.maven.apache.org/maven2/org/springframework/spring-webmvc/6.2.17/spring-webmvc-6.2.17-sources.jar (856 kB at 5.1 MB/s)
2026.04.19 13:46:57 INFO  [INFO] SUCCESS: org.springframework:spring-webmvc:jar:6.2.17:compile (sources = true)
2026.04.19 13:46:57 INFO  [INFO] Resolving artifact: org.skyscreamer:jsonassert:jar:1.5.3:test (sources = false)
2026.04.19 13:46:57 INFO  [INFO] SUCCESS: org.skyscreamer:jsonassert:jar:1.5.3:test (sources = false)
2026.04.19 13:46:57 INFO  [INFO] Resolving artifact: org.skyscreamer:jsonassert:jar:1.5.3:test (sources = true)
2026.04.19 13:46:57 INFO  Downloading from central: https://repo.maven.apache.org/maven2/org/skyscreamer/jsonassert/1.5.3/jsonassert-1.5.3-sources.jar
2026.04.19 13:46:57 INFO  Progress (1): 7.7/30 kB
2026.04.19 13:46:57 INFO  Progress (1): 12/30 kB 
2026.04.19 13:46:57 INFO  Progress (1): 29/30 kB
2026.04.19 13:46:57 INFO  Progress (1): 30 kB   
2026.04.19 13:46:57 INFO                     
2026.04.19 13:46:57 INFO  Downloaded from central: https://repo.maven.apache.org/maven2/org/skyscreamer/jsonassert/1.5.3/jsonassert-1.5.3-sources.jar (30 kB at 360 kB/s)
2026.04.19 13:46:57 INFO  [INFO] SUCCESS: org.skyscreamer:jsonassert:jar:1.5.3:test (sources = true)
2026.04.19 13:46:57 INFO  [INFO] Resolving artifact: io.netty:netty-buffer:jar:4.1.132.Final:compile (sources = false)
2026.04.19 13:46:57 INFO  [INFO] SUCCESS: io.netty:netty-buffer:jar:4.1.132.Final:compile (sources = false)
2026.04.19 13:46:57 INFO  [INFO] Resolving artifact: io.netty:netty-buffer:jar:4.1.132.Final:compile (sources = true)
2026.04.19 13:46:57 INFO  Downloading from central: https://repo.maven.apache.org/maven2/io/netty/netty-buffer/4.1.132.Final/netty-buffer-4.1.132.Final-sources.jar
2026.04.19 13:46:57 INFO  Progress (1): 7.7/223 kB
2026.04.19 13:46:57 INFO  Progress (1): 16/223 kB 
2026.04.19 13:46:57 INFO  Progress (1): 25/223 kB
2026.04.19 13:46:57 INFO  Progress (1): 41/223 kB
2026.04.19 13:46:57 INFO  Progress (1): 57/223 kB
2026.04.19 13:46:57 INFO  Progress (1): 74/223 kB
2026.04.19 13:46:57 INFO  Progress (1): 90/223 kB
2026.04.19 13:46:57 INFO  Progress (1): 94/223 kB
2026.04.19 13:46:57 INFO  Progress (1): 110/223 kB
2026.04.19 13:46:57 INFO  Progress (1): 127/223 kB
2026.04.19 13:46:57 INFO  Progress (1): 143/223 kB
2026.04.19 13:46:57 INFO  Progress (1): 159/223 kB
2026.04.19 13:46:57 INFO  Progress (1): 176/223 kB
2026.04.19 13:46:57 INFO  Progress (1): 192/223 kB
2026.04.19 13:46:57 INFO  Progress (1): 209/223 kB
2026.04.19 13:46:57 INFO  Progress (1): 223 kB    
2026.04.19 13:46:57 INFO                      
2026.04.19 13:46:57 INFO  Downloaded from central: https://repo.maven.apache.org/maven2/io/netty/netty-buffer/4.1.132.Final/netty-buffer-4.1.132.Final-sources.jar (223 kB at 2.2 MB/s)
2026.04.19 13:46:57 INFO  [INFO] SUCCESS: io.netty:netty-buffer:jar:4.1.132.Final:compile (sources = true)
2026.04.19 13:46:57 INFO  [INFO] Resolving artifact: io.netty:netty-handler:jar:4.1.132.Final:compile (sources = false)
2026.04.19 13:46:57 INFO  [INFO] SUCCESS: io.netty:netty-handler:jar:4.1.132.Final:compile (sources = false)
2026.04.19 13:46:57 INFO  [INFO] Resolving artifact: io.netty:netty-handler:jar:4.1.132.Final:compile (sources = true)
2026.04.19 13:46:57 INFO  Downloading from central: https://repo.maven.apache.org/maven2/io/netty/netty-handler/4.1.132.Final/netty-handler-4.1.132.Final-sources.jar
2026.04.19 13:46:58 INFO  Progress (1): 7.7/390 kB
2026.04.19 13:46:58 INFO  Progress (1): 16/390 kB 
2026.04.19 13:46:58 INFO  Progress (1): 25/390 kB
2026.04.19 13:46:58 INFO  Progress (1): 41/390 kB
2026.04.19 13:46:58 INFO  Progress (1): 57/390 kB
2026.04.19 13:46:58 INFO  Progress (1): 74/390 kB
2026.04.19 13:46:58 INFO  Progress (1): 82/390 kB
2026.04.19 13:46:58 INFO  Progress (1): 98/390 kB
2026.04.19 13:46:58 INFO  Progress (1): 115/390 kB
2026.04.19 13:46:58 INFO  Progress (1): 131/390 kB
2026.04.19 13:46:58 INFO  Progress (1): 147/390 kB
2026.04.19 13:46:58 INFO  Progress (1): 164/390 kB
2026.04.19 13:46:58 INFO  Progress (1): 180/390 kB
2026.04.19 13:46:58 INFO  Progress (1): 197/390 kB
2026.04.19 13:46:58 INFO  Progress (1): 213/390 kB
2026.04.19 13:46:58 INFO  Progress (1): 229/390 kB
2026.04.19 13:46:58 INFO  Progress (1): 246/390 kB
2026.04.19 13:46:58 INFO  Progress (1): 262/390 kB
2026.04.19 13:46:58 INFO  Progress (1): 279/390 kB
2026.04.19 13:46:58 INFO  Progress (1): 295/390 kB
2026.04.19 13:46:58 INFO  Progress (1): 311/390 kB
2026.04.19 13:46:58 INFO  Progress (1): 328/390 kB
2026.04.19 13:46:58 INFO  Progress (1): 344/390 kB
2026.04.19 13:46:58 INFO  Progress (1): 360/390 kB
2026.04.19 13:46:58 INFO  Progress (1): 377/390 kB
2026.04.19 13:46:58 INFO  Progress (1): 390 kB    
2026.04.19 13:46:58 INFO                      
2026.04.19 13:46:58 INFO  Downloaded from central: https://repo.maven.apache.org/maven2/io/netty/netty-handler/4.1.132.Final/netty-handler-4.1.132.Final-sources.jar (390 kB at 3.2 MB/s)
2026.04.19 13:46:58 INFO  [INFO] SUCCESS: io.netty:netty-handler:jar:4.1.132.Final:compile (sources = true)
2026.04.19 13:46:58 INFO  [INFO] Resolving artifact: com.fasterxml.jackson.core:jackson-databind:jar:2.21.2:compile (sources = false)
2026.04.19 13:46:58 INFO  [INFO] SUCCESS: com.fasterxml.jackson.core:jackson-databind:jar:2.21.2:compile (sources = false)
2026.04.19 13:46:58 INFO  [INFO] Resolving artifact: com.fasterxml.jackson.core:jackson-databind:jar:2.21.2:compile (sources = true)
2026.04.19 13:46:58 INFO  Downloading from central: https://repo.maven.apache.org/maven2/com/fasterxml/jackson/core/jackson-databind/2.21.2/jackson-databind-2.21.2-sources.jar
2026.04.19 13:46:58 INFO  Progress (1): 0/1.3 MB
2026.04.19 13:46:58 INFO  Progress (1): 0/1.3 MB
2026.04.19 13:46:58 INFO  Progress (1): 0/1.3 MB
2026.04.19 13:46:58 INFO  Progress (1): 0/1.3 MB
2026.04.19 13:46:58 INFO  Progress (1): 0.1/1.3 MB
2026.04.19 13:46:58 INFO  Progress (1): 0.1/1.3 MB
2026.04.19 13:46:58 INFO  Progress (1): 0.1/1.3 MB
2026.04.19 13:46:58 INFO  Progress (1): 0.1/1.3 MB
2026.04.19 13:46:58 INFO  Progress (1): 0.1/1.3 MB
2026.04.19 13:46:58 INFO  Progress (1): 0.1/1.3 MB
2026.04.19 13:46:58 INFO  Progress (1): 0.2/1.3 MB
2026.04.19 13:46:58 INFO  Progress (1): 0.2/1.3 MB
2026.04.19 13:46:58 INFO  Progress (1): 0.2/1.3 MB
2026.04.19 13:46:58 INFO  Progress (1): 0.2/1.3 MB
2026.04.19 13:46:58 INFO  Progress (1): 0.2/1.3 MB
2026.04.19 13:46:58 INFO  Progress (1): 0.2/1.3 MB
2026.04.19 13:46:58 INFO  Progress (1): 0.3/1.3 MB
2026.04.19 13:46:58 INFO  Progress (1): 0.3/1.3 MB
2026.04.19 13:46:58 INFO  Progress (1): 0.3/1.3 MB
2026.04.19 13:46:58 INFO  Progress (1): 0.3/1.3 MB
2026.04.19 13:46:58 INFO  Progress (1): 0.3/1.3 MB
2026.04.19 13:46:58 INFO  Progress (1): 0.3/1.3 MB
2026.04.19 13:46:58 INFO  Progress (1): 0.4/1.3 MB
2026.04.19 13:46:58 INFO  Progress (1): 0.4/1.3 MB
2026.04.19 13:46:58 INFO  Progress (1): 0.4/1.3 MB
2026.04.19 13:46:58 INFO  Progress (1): 0.4/1.3 MB
2026.04.19 13:46:58 INFO  Progress (1): 0.4/1.3 MB
2026.04.19 13:46:58 INFO  Progress (1): 0.4/1.3 MB
2026.04.19 13:46:58 INFO  Progress (1): 0.5/1.3 MB
2026.04.19 13:46:58 INFO  Progress (1): 0.5/1.3 MB
2026.04.19 13:46:58 INFO  Progress (1): 0.5/1.3 MB
2026.04.19 13:46:58 INFO  Progress (1): 0.5/1.3 MB
2026.04.19 13:46:58 INFO  Progress (1): 0.5/1.3 MB
2026.04.19 13:46:58 INFO  Progress (1): 0.5/1.3 MB
2026.04.19 13:46:58 INFO  Progress (1): 0.6/1.3 MB
2026.04.19 13:46:58 INFO  Progress (1): 0.6/1.3 MB
2026.04.19 13:46:58 INFO  Progress (1): 0.6/1.3 MB
2026.04.19 13:46:58 INFO  Progress (1): 0.6/1.3 MB
2026.04.19 13:46:58 INFO  Progress (1): 0.6/1.3 MB
2026.04.19 13:46:58 INFO  Progress (1): 0.6/1.3 MB
2026.04.19 13:46:58 INFO  Progress (1): 0.7/1.3 MB
2026.04.19 13:46:58 INFO  Progress (1): 0.7/1.3 MB
2026.04.19 13:46:58 INFO  Progress (1): 0.7/1.3 MB
2026.04.19 13:46:58 INFO  Progress (1): 0.7/1.3 MB
2026.04.19 13:46:58 INFO  Progress (1): 0.7/1.3 MB
2026.04.19 13:46:58 INFO  Progress (1): 0.7/1.3 MB
2026.04.19 13:46:58 INFO  Progress (1): 0.7/1.3 MB
2026.04.19 13:46:58 INFO  Progress (1): 0.8/1.3 MB
2026.04.19 13:46:58 INFO  Progress (1): 0.8/1.3 MB
2026.04.19 13:46:58 INFO  Progress (1): 0.8/1.3 MB
2026.04.19 13:46:58 INFO  Progress (1): 0.8/1.3 MB
2026.04.19 13:46:58 INFO  Progress (1): 0.8/1.3 MB
2026.04.19 13:46:58 INFO  Progress (1): 0.8/1.3 MB
2026.04.19 13:46:58 INFO  Progress (1): 0.9/1.3 MB
2026.04.19 13:46:58 INFO  Progress (1): 0.9/1.3 MB
2026.04.19 13:46:58 INFO  Progress (1): 0.9/1.3 MB
2026.04.19 13:46:58 INFO  Progress (1): 0.9/1.3 MB
2026.04.19 13:46:58 INFO  Progress (1): 0.9/1.3 MB
2026.04.19 13:46:58 INFO  Progress (1): 0.9/1.3 MB
2026.04.19 13:46:58 INFO  Progress (1): 1.0/1.3 MB
2026.04.19 13:46:58 INFO  Progress (1): 1.0/1.3 MB
2026.04.19 13:46:58 INFO  Progress (1): 1.0/1.3 MB
2026.04.19 13:46:58 INFO  Progress (1): 1.0/1.3 MB
2026.04.19 13:46:58 INFO  Progress (1): 1.0/1.3 MB
2026.04.19 13:46:58 INFO  Progress (1): 1.0/1.3 MB
2026.04.19 13:46:58 INFO  Progress (1): 1.1/1.3 MB
2026.04.19 13:46:58 INFO  Progress (1): 1.1/1.3 MB
2026.04.19 13:46:58 INFO  Progress (1): 1.1/1.3 MB
2026.04.19 13:46:58 INFO  Progress (1): 1.1/1.3 MB
2026.04.19 13:46:58 INFO  Progress (1): 1.1/1.3 MB
2026.04.19 13:46:58 INFO  Progress (1): 1.1/1.3 MB
2026.04.19 13:46:58 INFO  Progress (1): 1.2/1.3 MB
2026.04.19 13:46:58 INFO  Progress (1): 1.2/1.3 MB
2026.04.19 13:46:58 INFO  Progress (1): 1.2/1.3 MB
2026.04.19 13:46:58 INFO  Progress (1): 1.2/1.3 MB
2026.04.19 13:46:58 INFO  Progress (1): 1.2/1.3 MB
2026.04.19 13:46:58 INFO  Progress (1): 1.2/1.3 MB
2026.04.19 13:46:58 INFO  Progress (1): 1.3 MB    
2026.04.19 13:46:58 INFO                      
2026.04.19 13:46:58 INFO  Downloaded from central: https://repo.maven.apache.org/maven2/com/fasterxml/jackson/core/jackson-databind/2.21.2/jackson-databind-2.21.2-sources.jar (1.3 MB at 6.1 MB/s)
2026.04.19 13:46:58 INFO  [INFO] SUCCESS: com.fasterxml.jackson.core:jackson-databind:jar:2.21.2:compile (sources = true)
2026.04.19 13:46:58 INFO  [INFO] Resolving artifact: io.netty:netty-resolver-dns-classes-macos:jar:4.1.132.Final:compile (sources = false)
2026.04.19 13:46:58 INFO  [INFO] SUCCESS: io.netty:netty-resolver-dns-classes-macos:jar:4.1.132.Final:compile (sources = false)
2026.04.19 13:46:58 INFO  [INFO] Resolving artifact: io.netty:netty-resolver-dns-classes-macos:jar:4.1.132.Final:compile (sources = true)
2026.04.19 13:46:58 INFO  Downloading from central: https://repo.maven.apache.org/maven2/io/netty/netty-resolver-dns-classes-macos/4.1.132.Final/netty-resolver-dns-classes-macos-4.1.132.Final-sources.jar
2026.04.19 13:46:58 INFO  Progress (1): 7.2 kB
2026.04.19 13:46:58 INFO                      
2026.04.19 13:46:58 INFO  Downloaded from central: https://repo.maven.apache.org/maven2/io/netty/netty-resolver-dns-classes-macos/4.1.132.Final/netty-resolver-dns-classes-macos-4.1.132.Final-sources.jar (7.2 kB at 91 kB/s)
2026.04.19 13:46:58 INFO  [INFO] SUCCESS: io.netty:netty-resolver-dns-classes-macos:jar:4.1.132.Final:compile (sources = true)
2026.04.19 13:46:58 INFO  [INFO] Resolving artifact: org.springframework.boot:spring-boot-test-autoconfigure:jar:3.5.13:test (sources = false)
2026.04.19 13:46:58 INFO  [INFO] SUCCESS: org.springframework.boot:spring-boot-test-autoconfigure:jar:3.5.13:test (sources = false)
2026.04.19 13:46:58 INFO  [INFO] Resolving artifact: org.springframework.boot:spring-boot-test-autoconfigure:jar:3.5.13:test (sources = true)
2026.04.19 13:46:58 INFO  Downloading from central: https://repo.maven.apache.org/maven2/org/springframework/boot/spring-boot-test-autoconfigure/3.5.13/spring-boot-test-autoconfigure-3.5.13-sources.jar
2026.04.19 13:46:58 INFO  Progress (1): 7.7/228 kB
2026.04.19 13:46:58 INFO  Progress (1): 8.2/228 kB
2026.04.19 13:46:58 INFO  Progress (1): 25/228 kB 
2026.04.19 13:46:58 INFO  Progress (1): 41/228 kB
2026.04.19 13:46:58 INFO  Progress (1): 57/228 kB
2026.04.19 13:46:58 INFO  Progress (1): 74/228 kB
2026.04.19 13:46:58 INFO  Progress (1): 90/228 kB
2026.04.19 13:46:58 INFO  Progress (1): 106/228 kB
2026.04.19 13:46:58 INFO  Progress (1): 123/228 kB
2026.04.19 13:46:58 INFO  Progress (1): 139/228 kB
2026.04.19 13:46:58 INFO  Progress (1): 156/228 kB
2026.04.19 13:46:58 INFO  Progress (1): 172/228 kB
2026.04.19 13:46:58 INFO  Progress (1): 188/228 kB
2026.04.19 13:46:58 INFO  Progress (1): 205/228 kB
2026.04.19 13:46:58 INFO  Progress (1): 221/228 kB
2026.04.19 13:46:58 INFO  Progress (1): 228 kB    
2026.04.19 13:46:58 INFO                      
2026.04.19 13:46:58 INFO  Downloaded from central: https://repo.maven.apache.org/maven2/org/springframework/boot/spring-boot-test-autoconfigure/3.5.13/spring-boot-test-autoconfigure-3.5.13-sources.jar (228 kB at 2.3 MB/s)
2026.04.19 13:46:58 INFO  [INFO] SUCCESS: org.springframework.boot:spring-boot-test-autoconfigure:jar:3.5.13:test (sources = true)
2026.04.19 13:46:58 INFO  [INFO] Resolving artifact: io.netty:netty-transport-native-epoll:jar:linux-x86_64:4.1.132.Final:compile (sources = false)
2026.04.19 13:46:58 INFO  [INFO] SUCCESS: io.netty:netty-transport-native-epoll:jar:linux-x86_64:4.1.132.Final:compile (sources = false)
2026.04.19 13:46:58 INFO  [INFO] Resolving artifact: io.netty:netty-transport-native-epoll:jar:linux-x86_64:4.1.132.Final:compile (sources = true)
2026.04.19 13:46:58 INFO  Downloading from central: https://repo.maven.apache.org/maven2/io/netty/netty-transport-native-epoll/4.1.132.Final/netty-transport-native-epoll-4.1.132.Final-sources.jar
2026.04.19 13:46:58 INFO  Progress (1): 7.7/21 kB
2026.04.19 13:46:58 INFO  Progress (1): 16/21 kB 
2026.04.19 13:46:58 INFO  Progress (1): 21 kB   
2026.04.19 13:46:58 INFO                     
2026.04.19 13:46:58 INFO  Downloaded from central: https://repo.maven.apache.org/maven2/io/netty/netty-transport-native-epoll/4.1.132.Final/netty-transport-native-epoll-4.1.132.Final-sources.jar (21 kB at 215 kB/s)
2026.04.19 13:46:58 INFO  [INFO] SUCCESS: io.netty:netty-transport-native-epoll:jar:linux-x86_64:4.1.132.Final:compile (sources = true)
2026.04.19 13:46:58 INFO  [INFO] Resolving artifact: io.netty:netty-resolver-dns:jar:4.1.132.Final:compile (sources = false)
2026.04.19 13:46:58 INFO  [INFO] SUCCESS: io.netty:netty-resolver-dns:jar:4.1.132.Final:compile (sources = false)
2026.04.19 13:46:58 INFO  [INFO] Resolving artifact: io.netty:netty-resolver-dns:jar:4.1.132.Final:compile (sources = true)
2026.04.19 13:46:58 INFO  Downloading from central: https://repo.maven.apache.org/maven2/io/netty/netty-resolver-dns/4.1.132.Final/netty-resolver-dns-4.1.132.Final-sources.jar
2026.04.19 13:46:58 INFO  Progress (1): 7.7/120 kB
2026.04.19 13:46:58 INFO  Progress (1): 12/120 kB 
2026.04.19 13:46:58 INFO  Progress (1): 29/120 kB
2026.04.19 13:46:58 INFO  Progress (1): 45/120 kB
2026.04.19 13:46:58 INFO  Progress (1): 61/120 kB
2026.04.19 13:46:58 INFO  Progress (1): 78/120 kB
2026.04.19 13:46:58 INFO  Progress (1): 94/120 kB
2026.04.19 13:46:58 INFO  Progress (1): 111/120 kB
2026.04.19 13:46:58 INFO  Progress (1): 120 kB    
2026.04.19 13:46:58 INFO                      
2026.04.19 13:46:58 INFO  Downloaded from central: https://repo.maven.apache.org/maven2/io/netty/netty-resolver-dns/4.1.132.Final/netty-resolver-dns-4.1.132.Final-sources.jar (120 kB at 1.4 MB/s)
2026.04.19 13:46:58 INFO  [INFO] SUCCESS: io.netty:netty-resolver-dns:jar:4.1.132.Final:compile (sources = true)
2026.04.19 13:46:58 INFO  [INFO] Resolving artifact: io.projectreactor:reactor-core:jar:3.7.17:compile (sources = false)
2026.04.19 13:46:58 INFO  [INFO] SUCCESS: io.projectreactor:reactor-core:jar:3.7.17:compile (sources = false)
2026.04.19 13:46:58 INFO  [INFO] Resolving artifact: io.projectreactor:reactor-core:jar:3.7.17:compile (sources = true)
2026.04.19 13:46:58 INFO  Downloading from central: https://repo.maven.apache.org/maven2/io/projectreactor/reactor-core/3.7.17/reactor-core-3.7.17-sources.jar
2026.04.19 13:46:58 INFO  Progress (1): 0/2.1 MB
2026.04.19 13:46:58 INFO  Progress (1): 0/2.1 MB
2026.04.19 13:46:58 INFO  Progress (1): 0/2.1 MB
2026.04.19 13:46:58 INFO  Progress (1): 0/2.1 MB
2026.04.19 13:46:58 INFO  Progress (1): 0.1/2.1 MB
2026.04.19 13:46:58 INFO  Progress (1): 0.1/2.1 MB
2026.04.19 13:46:58 INFO  Progress (1): 0.1/2.1 MB
2026.04.19 13:46:58 INFO  Progress (1): 0.1/2.1 MB
2026.04.19 13:46:58 INFO  Progress (1): 0.1/2.1 MB
2026.04.19 13:46:58 INFO  Progress (1): 0.1/2.1 MB
2026.04.19 13:46:58 INFO  Progress (1): 0.1/2.1 MB
2026.04.19 13:46:58 INFO  Progress (1): 0.2/2.1 MB
2026.04.19 13:46:58 INFO  Progress (1): 0.2/2.1 MB
2026.04.19 13:46:58 INFO  Progress (1): 0.2/2.1 MB
2026.04.19 13:46:58 INFO  Progress (1): 0.2/2.1 MB
2026.04.19 13:46:58 INFO  Progress (1): 0.2/2.1 MB
2026.04.19 13:46:58 INFO  Progress (1): 0.2/2.1 MB
2026.04.19 13:46:58 INFO  Progress (1): 0.3/2.1 MB
2026.04.19 13:46:58 INFO  Progress (1): 0.3/2.1 MB
2026.04.19 13:46:58 INFO  Progress (1): 0.3/2.1 MB
2026.04.19 13:46:58 INFO  Progress (1): 0.3/2.1 MB
2026.04.19 13:46:58 INFO  Progress (1): 0.3/2.1 MB
2026.04.19 13:46:58 INFO  Progress (1): 0.3/2.1 MB
2026.04.19 13:46:58 INFO  Progress (1): 0.4/2.1 MB
2026.04.19 13:46:58 INFO  Progress (1): 0.4/2.1 MB
2026.04.19 13:46:58 INFO  Progress (1): 0.4/2.1 MB
2026.04.19 13:46:58 INFO  Progress (1): 0.4/2.1 MB
2026.04.19 13:46:58 INFO  Progress (1): 0.4/2.1 MB
2026.04.19 13:46:58 INFO  Progress (1): 0.4/2.1 MB
2026.04.19 13:46:58 INFO  Progress (1): 0.5/2.1 MB
2026.04.19 13:46:58 INFO  Progress (1): 0.5/2.1 MB
2026.04.19 13:46:58 INFO  Progress (1): 0.5/2.1 MB
2026.04.19 13:46:58 INFO  Progress (1): 0.5/2.1 MB
2026.04.19 13:46:58 INFO  Progress (1): 0.5/2.1 MB
2026.04.19 13:46:58 INFO  Progress (1): 0.5/2.1 MB
2026.04.19 13:46:58 INFO  Progress (1): 0.6/2.1 MB
2026.04.19 13:46:58 INFO  Progress (1): 0.6/2.1 MB
2026.04.19 13:46:58 INFO  Progress (1): 0.6/2.1 MB
2026.04.19 13:46:58 INFO  Progress (1): 0.6/2.1 MB
2026.04.19 13:46:58 INFO  Progress (1): 0.6/2.1 MB
2026.04.19 13:46:58 INFO  Progress (1): 0.6/2.1 MB
2026.04.19 13:46:58 INFO  Progress (1): 0.7/2.1 MB
2026.04.19 13:46:58 INFO  Progress (1): 0.7/2.1 MB
2026.04.19 13:46:58 INFO  Progress (1): 0.7/2.1 MB
2026.04.19 13:46:58 INFO  Progress (1): 0.7/2.1 MB
2026.04.19 13:46:58 INFO  Progress (1): 0.7/2.1 MB
2026.04.19 13:46:58 INFO  Progress (1): 0.7/2.1 MB
2026.04.19 13:46:58 INFO  Progress (1): 0.8/2.1 MB
2026.04.19 13:46:58 INFO  Progress (1): 0.8/2.1 MB
2026.04.19 13:46:58 INFO  Progress (1): 0.8/2.1 MB
2026.04.19 13:46:58 INFO  Progress (1): 0.8/2.1 MB
2026.04.19 13:46:58 INFO  Progress (1): 0.8/2.1 MB
2026.04.19 13:46:58 INFO  Progress (1): 0.8/2.1 MB
2026.04.19 13:46:58 INFO  Progress (1): 0.9/2.1 MB
2026.04.19 13:46:58 INFO  Progress (1): 0.9/2.1 MB
2026.04.19 13:46:58 INFO  Progress (1): 0.9/2.1 MB
2026.04.19 13:46:58 INFO  Progress (1): 0.9/2.1 MB
2026.04.19 13:46:58 INFO  Progress (1): 0.9/2.1 MB
2026.04.19 13:46:58 INFO  Progress (1): 0.9/2.1 MB
2026.04.19 13:46:58 INFO  Progress (1): 1.0/2.1 MB
2026.04.19 13:46:58 INFO  Progress (1): 1.0/2.1 MB
2026.04.19 13:46:58 INFO  Progress (1): 1.0/2.1 MB
2026.04.19 13:46:58 INFO  Progress (1): 1.0/2.1 MB
2026.04.19 13:46:58 INFO  Progress (1): 1.0/2.1 MB
2026.04.19 13:46:58 INFO  Progress (1): 1.0/2.1 MB
2026.04.19 13:46:58 INFO  Progress (1): 1.0/2.1 MB
2026.04.19 13:46:58 INFO  Progress (1): 1.1/2.1 MB
2026.04.19 13:46:58 INFO  Progress (1): 1.1/2.1 MB
2026.04.19 13:46:58 INFO  Progress (1): 1.1/2.1 MB
2026.04.19 13:46:58 INFO  Progress (1): 1.1/2.1 MB
2026.04.19 13:46:58 INFO  Progress (1): 1.1/2.1 MB
2026.04.19 13:46:58 INFO  Progress (1): 1.1/2.1 MB
2026.04.19 13:46:58 INFO  Progress (1): 1.2/2.1 MB
2026.04.19 13:46:58 INFO  Progress (1): 1.2/2.1 MB
2026.04.19 13:46:58 INFO  Progress (1): 1.2/2.1 MB
2026.04.19 13:46:58 INFO  Progress (1): 1.2/2.1 MB
2026.04.19 13:46:58 INFO  Progress (1): 1.2/2.1 MB
2026.04.19 13:46:58 INFO  Progress (1): 1.2/2.1 MB
2026.04.19 13:46:58 INFO  Progress (1): 1.3/2.1 MB
2026.04.19 13:46:58 INFO  Progress (1): 1.3/2.1 MB
2026.04.19 13:46:58 INFO  Progress (1): 1.3/2.1 MB
2026.04.19 13:46:58 INFO  Progress (1): 1.3/2.1 MB
2026.04.19 13:46:58 INFO  Progress (1): 1.3/2.1 MB
2026.04.19 13:46:58 INFO  Progress (1): 1.3/2.1 MB
2026.04.19 13:46:58 INFO  Progress (1): 1.4/2.1 MB
2026.04.19 13:46:58 INFO  Progress (1): 1.4/2.1 MB
2026.04.19 13:46:58 INFO  Progress (1): 1.4/2.1 MB
2026.04.19 13:46:58 INFO  Progress (1): 1.4/2.1 MB
2026.04.19 13:46:58 INFO  Progress (1): 1.4/2.1 MB
2026.04.19 13:46:58 INFO  Progress (1): 1.4/2.1 MB
2026.04.19 13:46:58 INFO  Progress (1): 1.5/2.1 MB
2026.04.19 13:46:58 INFO  Progress (1): 1.5/2.1 MB
2026.04.19 13:46:58 INFO  Progress (1): 1.5/2.1 MB
2026.04.19 13:46:58 INFO  Progress (1): 1.5/2.1 MB
2026.04.19 13:46:58 INFO  Progress (1): 1.5/2.1 MB
2026.04.19 13:46:58 INFO  Progress (1): 1.5/2.1 MB
2026.04.19 13:46:58 INFO  Progress (1): 1.6/2.1 MB
2026.04.19 13:46:58 INFO  Progress (1): 1.6/2.1 MB
2026.04.19 13:46:58 INFO  Progress (1): 1.6/2.1 MB
2026.04.19 13:46:58 INFO  Progress (1): 1.6/2.1 MB
2026.04.19 13:46:58 INFO  Progress (1): 1.6/2.1 MB
2026.04.19 13:46:58 INFO  Progress (1): 1.6/2.1 MB
2026.04.19 13:46:58 INFO  Progress (1): 1.7/2.1 MB
2026.04.19 13:46:58 INFO  Progress (1): 1.7/2.1 MB
2026.04.19 13:46:58 INFO  Progress (1): 1.7/2.1 MB
2026.04.19 13:46:58 INFO  Progress (1): 1.7/2.1 MB
2026.04.19 13:46:58 INFO  Progress (1): 1.7/2.1 MB
2026.04.19 13:46:58 INFO  Progress (1): 1.7/2.1 MB
2026.04.19 13:46:58 INFO  Progress (1): 1.8/2.1 MB
2026.04.19 13:46:58 INFO  Progress (1): 1.8/2.1 MB
2026.04.19 13:46:58 INFO  Progress (1): 1.8/2.1 MB
2026.04.19 13:46:58 INFO  Progress (1): 1.8/2.1 MB
2026.04.19 13:46:58 INFO  Progress (1): 1.8/2.1 MB
2026.04.19 13:46:58 INFO  Progress (1): 1.8/2.1 MB
2026.04.19 13:46:58 INFO  Progress (1): 1.9/2.1 MB
2026.04.19 13:46:58 INFO  Progress (1): 1.9/2.1 MB
2026.04.19 13:46:58 INFO  Progress (1): 1.9/2.1 MB
2026.04.19 13:46:58 INFO  Progress (1): 1.9/2.1 MB
2026.04.19 13:46:58 INFO  Progress (1): 1.9/2.1 MB
2026.04.19 13:46:58 INFO  Progress (1): 1.9/2.1 MB
2026.04.19 13:46:58 INFO  Progress (1): 1.9/2.1 MB
2026.04.19 13:46:58 INFO  Progress (1): 2.0/2.1 MB
2026.04.19 13:46:58 INFO  Progress (1): 2.0/2.1 MB
2026.04.19 13:46:58 INFO  Progress (1): 2.0/2.1 MB
2026.04.19 13:46:58 INFO  Progress (1): 2.0/2.1 MB
2026.04.19 13:46:58 INFO  Progress (1): 2.0/2.1 MB
2026.04.19 13:46:58 INFO  Progress (1): 2.0/2.1 MB
2026.04.19 13:46:58 INFO  Progress (1): 2.1/2.1 MB
2026.04.19 13:46:58 INFO  Progress (1): 2.1/2.1 MB
2026.04.19 13:46:58 INFO  Progress (1): 2.1 MB    
2026.04.19 13:46:58 INFO                      
2026.04.19 13:46:58 INFO  Downloaded from central: https://repo.maven.apache.org/maven2/io/projectreactor/reactor-core/3.7.17/reactor-core-3.7.17-sources.jar (2.1 MB at 7.6 MB/s)
2026.04.19 13:46:58 INFO  [INFO] SUCCESS: io.projectreactor:reactor-core:jar:3.7.17:compile (sources = true)
2026.04.19 13:46:58 INFO  [INFO] Resolving artifact: com.fasterxml.jackson.core:jackson-core:jar:2.21.2:compile (sources = false)
2026.04.19 13:46:58 INFO  [INFO] SUCCESS: com.fasterxml.jackson.core:jackson-core:jar:2.21.2:compile (sources = false)
2026.04.19 13:46:58 INFO  [INFO] Resolving artifact: com.fasterxml.jackson.core:jackson-core:jar:2.21.2:compile (sources = true)
2026.04.19 13:46:58 INFO  Downloading from central: https://repo.maven.apache.org/maven2/com/fasterxml/jackson/core/jackson-core/2.21.2/jackson-core-2.21.2-sources.jar
2026.04.19 13:46:58 INFO  Progress (1): 7.7/498 kB
2026.04.19 13:46:58 INFO  Progress (1): 8.2/498 kB
2026.04.19 13:46:58 INFO  Progress (1): 25/498 kB 
2026.04.19 13:46:58 INFO  Progress (1): 41/498 kB
2026.04.19 13:46:58 INFO  Progress (1): 57/498 kB
2026.04.19 13:46:58 INFO  Progress (1): 74/498 kB
2026.04.19 13:46:58 INFO  Progress (1): 90/498 kB
2026.04.19 13:46:58 INFO  Progress (1): 106/498 kB
2026.04.19 13:46:58 INFO  Progress (1): 123/498 kB
2026.04.19 13:46:58 INFO  Progress (1): 139/498 kB
2026.04.19 13:46:58 INFO  Progress (1): 156/498 kB
2026.04.19 13:46:58 INFO  Progress (1): 172/498 kB
2026.04.19 13:46:58 INFO  Progress (1): 188/498 kB
2026.04.19 13:46:58 INFO  Progress (1): 205/498 kB
2026.04.19 13:46:59 INFO  Progress (1): 221/498 kB
2026.04.19 13:46:59 INFO  Progress (1): 238/498 kB
2026.04.19 13:46:59 INFO  Progress (1): 254/498 kB
2026.04.19 13:46:59 INFO  Progress (1): 270/498 kB
2026.04.19 13:46:59 INFO  Progress (1): 287/498 kB
2026.04.19 13:46:59 INFO  Progress (1): 303/498 kB
2026.04.19 13:46:59 INFO  Progress (1): 319/498 kB
2026.04.19 13:46:59 INFO  Progress (1): 336/498 kB
2026.04.19 13:46:59 INFO  Progress (1): 352/498 kB
2026.04.19 13:46:59 INFO  Progress (1): 369/498 kB
2026.04.19 13:46:59 INFO  Progress (1): 385/498 kB
2026.04.19 13:46:59 INFO  Progress (1): 401/498 kB
2026.04.19 13:46:59 INFO  Progress (1): 418/498 kB
2026.04.19 13:46:59 INFO  Progress (1): 434/498 kB
2026.04.19 13:46:59 INFO  Progress (1): 451/498 kB
2026.04.19 13:46:59 INFO  Progress (1): 467/498 kB
2026.04.19 13:46:59 INFO  Progress (1): 483/498 kB
2026.04.19 13:46:59 INFO  Progress (1): 498 kB    
2026.04.19 13:46:59 INFO                      
2026.04.19 13:46:59 INFO  Downloaded from central: https://repo.maven.apache.org/maven2/com/fasterxml/jackson/core/jackson-core/2.21.2/jackson-core-2.21.2-sources.jar (498 kB at 4.2 MB/s)
2026.04.19 13:46:59 INFO  [INFO] SUCCESS: com.fasterxml.jackson.core:jackson-core:jar:2.21.2:compile (sources = true)
2026.04.19 13:46:59 INFO  [INFO] Resolving artifact: org.springframework.boot:spring-boot-starter-logging:jar:3.5.13:compile (sources = false)
2026.04.19 13:46:59 INFO  [INFO] SUCCESS: org.springframework.boot:spring-boot-starter-logging:jar:3.5.13:compile (sources = false)
2026.04.19 13:46:59 INFO  [INFO] Resolving artifact: org.springframework.boot:spring-boot-starter-logging:jar:3.5.13:compile (sources = true)
2026.04.19 13:46:59 INFO  Downloading from central: https://repo.maven.apache.org/maven2/org/springframework/boot/spring-boot-starter-logging/3.5.13/spring-boot-starter-logging-3.5.13-sources.jar
2026.04.19 13:46:59 INFO  Progress (1): 4.8 kB
2026.04.19 13:46:59 INFO                      
2026.04.19 13:46:59 INFO  Downloaded from central: https://repo.maven.apache.org/maven2/org/springframework/boot/spring-boot-starter-logging/3.5.13/spring-boot-starter-logging-3.5.13-sources.jar (4.8 kB at 59 kB/s)
2026.04.19 13:46:59 INFO  [INFO] SUCCESS: org.springframework.boot:spring-boot-starter-logging:jar:3.5.13:compile (sources = true)
2026.04.19 13:46:59 INFO  [INFO] Resolving artifact: org.springframework:spring-webflux:jar:6.2.17:compile (sources = false)
2026.04.19 13:46:59 INFO  [INFO] SUCCESS: org.springframework:spring-webflux:jar:6.2.17:compile (sources = false)
2026.04.19 13:46:59 INFO  [INFO] Resolving artifact: org.springframework:spring-webflux:jar:6.2.17:compile (sources = true)
2026.04.19 13:46:59 INFO  Downloading from central: https://repo.maven.apache.org/maven2/org/springframework/spring-webflux/6.2.17/spring-webflux-6.2.17-sources.jar
2026.04.19 13:46:59 INFO  Progress (1): 7.7/556 kB
2026.04.19 13:46:59 INFO  Progress (1): 12/556 kB 
2026.04.19 13:46:59 INFO  Progress (1): 29/556 kB
2026.04.19 13:46:59 INFO  Progress (1): 45/556 kB
2026.04.19 13:46:59 INFO  Progress (1): 61/556 kB
2026.04.19 13:46:59 INFO  Progress (1): 78/556 kB
2026.04.19 13:46:59 INFO  Progress (1): 94/556 kB
2026.04.19 13:46:59 INFO  Progress (1): 111/556 kB
2026.04.19 13:46:59 INFO  Progress (1): 127/556 kB
2026.04.19 13:46:59 INFO  Progress (1): 143/556 kB
2026.04.19 13:46:59 INFO  Progress (1): 160/556 kB
2026.04.19 13:46:59 INFO  Progress (1): 176/556 kB
2026.04.19 13:46:59 INFO  Progress (1): 193/556 kB
2026.04.19 13:46:59 INFO  Progress (1): 209/556 kB
2026.04.19 13:46:59 INFO  Progress (1): 225/556 kB
2026.04.19 13:46:59 INFO  Progress (1): 242/556 kB
2026.04.19 13:46:59 INFO  Progress (1): 258/556 kB
2026.04.19 13:46:59 INFO  Progress (1): 274/556 kB
2026.04.19 13:46:59 INFO  Progress (1): 291/556 kB
2026.04.19 13:46:59 INFO  Progress (1): 307/556 kB
2026.04.19 13:46:59 INFO  Progress (1): 324/556 kB
2026.04.19 13:46:59 INFO  Progress (1): 340/556 kB
2026.04.19 13:46:59 INFO  Progress (1): 356/556 kB
2026.04.19 13:46:59 INFO  Progress (1): 373/556 kB
2026.04.19 13:46:59 INFO  Progress (1): 389/556 kB
2026.04.19 13:46:59 INFO  Progress (1): 406/556 kB
2026.04.19 13:46:59 INFO  Progress (1): 422/556 kB
2026.04.19 13:46:59 INFO  Progress (1): 438/556 kB
2026.04.19 13:46:59 INFO  Progress (1): 455/556 kB
2026.04.19 13:46:59 INFO  Progress (1): 471/556 kB
2026.04.19 13:46:59 INFO  Progress (1): 487/556 kB
2026.04.19 13:46:59 INFO  Progress (1): 504/556 kB
2026.04.19 13:46:59 INFO  Progress (1): 520/556 kB
2026.04.19 13:46:59 INFO  Progress (1): 537/556 kB
2026.04.19 13:46:59 INFO  Progress (1): 553/556 kB
2026.04.19 13:46:59 INFO  Progress (1): 556 kB    
2026.04.19 13:46:59 INFO                      
2026.04.19 13:46:59 INFO  Downloaded from central: https://repo.maven.apache.org/maven2/org/springframework/spring-webflux/6.2.17/spring-webflux-6.2.17-sources.jar (556 kB at 4.4 MB/s)
2026.04.19 13:46:59 INFO  [INFO] SUCCESS: org.springframework:spring-webflux:jar:6.2.17:compile (sources = true)
2026.04.19 13:46:59 INFO  [INFO] Resolving artifact: org.xmlunit:xmlunit-core:jar:2.10.4:test (sources = false)
2026.04.19 13:46:59 INFO  [INFO] SUCCESS: org.xmlunit:xmlunit-core:jar:2.10.4:test (sources = false)
2026.04.19 13:46:59 INFO  [INFO] Resolving artifact: org.xmlunit:xmlunit-core:jar:2.10.4:test (sources = true)
2026.04.19 13:46:59 INFO  Downloading from central: https://repo.maven.apache.org/maven2/org/xmlunit/xmlunit-core/2.10.4/xmlunit-core-2.10.4-sources.jar
2026.04.19 13:46:59 INFO  Progress (1): 7.7/111 kB
2026.04.19 13:46:59 INFO  Progress (1): 16/111 kB 
2026.04.19 13:46:59 INFO  Progress (1): 29/111 kB
2026.04.19 13:46:59 INFO  Progress (1): 45/111 kB
2026.04.19 13:46:59 INFO  Progress (1): 61/111 kB
2026.04.19 13:46:59 INFO  Progress (1): 78/111 kB
2026.04.19 13:46:59 INFO  Progress (1): 94/111 kB
2026.04.19 13:46:59 INFO  Progress (1): 111/111 kB
2026.04.19 13:46:59 INFO  Progress (1): 111 kB    
2026.04.19 13:46:59 INFO                      
2026.04.19 13:46:59 INFO  Downloaded from central: https://repo.maven.apache.org/maven2/org/xmlunit/xmlunit-core/2.10.4/xmlunit-core-2.10.4-sources.jar (111 kB at 1.3 MB/s)
2026.04.19 13:46:59 INFO  [INFO] SUCCESS: org.xmlunit:xmlunit-core:jar:2.10.4:test (sources = true)
2026.04.19 13:46:59 INFO  [INFO] Resolving artifact: io.netty:netty-resolver:jar:4.1.132.Final:compile (sources = false)
2026.04.19 13:46:59 INFO  [INFO] SUCCESS: io.netty:netty-resolver:jar:4.1.132.Final:compile (sources = false)
2026.04.19 13:46:59 INFO  [INFO] Resolving artifact: io.netty:netty-resolver:jar:4.1.132.Final:compile (sources = true)
2026.04.19 13:46:59 INFO  Downloading from central: https://repo.maven.apache.org/maven2/io/netty/netty-resolver/4.1.132.Final/netty-resolver-4.1.132.Final-sources.jar
2026.04.19 13:46:59 INFO  Progress (1): 7.7/27 kB
2026.04.19 13:46:59 INFO  Progress (1): 8.2/27 kB
2026.04.19 13:46:59 INFO  Progress (1): 25/27 kB 
2026.04.19 13:46:59 INFO  Progress (1): 27 kB   
2026.04.19 13:46:59 INFO                     
2026.04.19 13:46:59 INFO  Downloaded from central: https://repo.maven.apache.org/maven2/io/netty/netty-resolver/4.1.132.Final/netty-resolver-4.1.132.Final-sources.jar (27 kB at 330 kB/s)
2026.04.19 13:46:59 INFO  [INFO] SUCCESS: io.netty:netty-resolver:jar:4.1.132.Final:compile (sources = true)
2026.04.19 13:46:59 INFO  [INFO] Resolving artifact: jakarta.annotation:jakarta.annotation-api:jar:2.1.1:compile (sources = false)
2026.04.19 13:46:59 INFO  [INFO] SUCCESS: jakarta.annotation:jakarta.annotation-api:jar:2.1.1:compile (sources = false)
2026.04.19 13:46:59 INFO  [INFO] Resolving artifact: jakarta.annotation:jakarta.annotation-api:jar:2.1.1:compile (sources = true)
2026.04.19 13:46:59 INFO  Downloading from central: https://repo.maven.apache.org/maven2/jakarta/annotation/jakarta.annotation-api/2.1.1/jakarta.annotation-api-2.1.1-sources.jar
2026.04.19 13:46:59 INFO  Progress (1): 7.7/37 kB
2026.04.19 13:46:59 INFO  Progress (1): 16/37 kB 
2026.04.19 13:46:59 INFO  Progress (1): 29/37 kB
2026.04.19 13:46:59 INFO  Progress (1): 37 kB   
2026.04.19 13:46:59 INFO                     
2026.04.19 13:46:59 INFO  Downloaded from central: https://repo.maven.apache.org/maven2/jakarta/annotation/jakarta.annotation-api/2.1.1/jakarta.annotation-api-2.1.1-sources.jar (37 kB at 461 kB/s)
2026.04.19 13:46:59 INFO  [INFO] SUCCESS: jakarta.annotation:jakarta.annotation-api:jar:2.1.1:compile (sources = true)
2026.04.19 13:46:59 INFO  [INFO] Resolving artifact: org.awaitility:awaitility:jar:4.2.2:test (sources = false)
2026.04.19 13:46:59 INFO  [INFO] SUCCESS: org.awaitility:awaitility:jar:4.2.2:test (sources = false)
2026.04.19 13:46:59 INFO  [INFO] Resolving artifact: org.awaitility:awaitility:jar:4.2.2:test (sources = true)
2026.04.19 13:46:59 INFO  Downloading from central: https://repo.maven.apache.org/maven2/org/awaitility/awaitility/4.2.2/awaitility-4.2.2-sources.jar
2026.04.19 13:46:59 INFO  Progress (1): 7.7/79 kB
2026.04.19 13:46:59 INFO  Progress (1): 12/79 kB 
2026.04.19 13:46:59 INFO  Progress (1): 29/79 kB
2026.04.19 13:46:59 INFO  Progress (1): 45/79 kB
2026.04.19 13:46:59 INFO  Progress (1): 61/79 kB
2026.04.19 13:46:59 INFO  Progress (1): 78/79 kB
2026.04.19 13:46:59 INFO  Progress (1): 79 kB   
2026.04.19 13:46:59 INFO                     
2026.04.19 13:46:59 INFO  Downloaded from central: https://repo.maven.apache.org/maven2/org/awaitility/awaitility/4.2.2/awaitility-4.2.2-sources.jar (79 kB at 922 kB/s)
2026.04.19 13:46:59 INFO  [INFO] SUCCESS: org.awaitility:awaitility:jar:4.2.2:test (sources = true)
2026.04.19 13:46:59 INFO  [INFO] Resolving artifact: io.netty:netty-codec:jar:4.1.132.Final:compile (sources = false)
2026.04.19 13:46:59 INFO  [INFO] SUCCESS: io.netty:netty-codec:jar:4.1.132.Final:compile (sources = false)
2026.04.19 13:46:59 INFO  [INFO] Resolving artifact: io.netty:netty-codec:jar:4.1.132.Final:compile (sources = true)
2026.04.19 13:46:59 INFO  Downloading from central: https://repo.maven.apache.org/maven2/io/netty/netty-codec/4.1.132.Final/netty-codec-4.1.132.Final-sources.jar
2026.04.19 13:46:59 INFO  Progress (1): 7.7/295 kB
2026.04.19 13:46:59 INFO  Progress (1): 8.2/295 kB
2026.04.19 13:46:59 INFO  Progress (1): 25/295 kB 
2026.04.19 13:46:59 INFO  Progress (1): 41/295 kB
2026.04.19 13:46:59 INFO  Progress (1): 57/295 kB
2026.04.19 13:46:59 INFO  Progress (1): 74/295 kB
2026.04.19 13:46:59 INFO  Progress (1): 90/295 kB
2026.04.19 13:46:59 INFO  Progress (1): 106/295 kB
2026.04.19 13:46:59 INFO  Progress (1): 123/295 kB
2026.04.19 13:46:59 INFO  Progress (1): 139/295 kB
2026.04.19 13:46:59 INFO  Progress (1): 156/295 kB
2026.04.19 13:46:59 INFO  Progress (1): 172/295 kB
2026.04.19 13:46:59 INFO  Progress (1): 188/295 kB
2026.04.19 13:46:59 INFO  Progress (1): 205/295 kB
2026.04.19 13:46:59 INFO  Progress (1): 221/295 kB
2026.04.19 13:46:59 INFO  Progress (1): 238/295 kB
2026.04.19 13:46:59 INFO  Progress (1): 254/295 kB
2026.04.19 13:46:59 INFO  Progress (1): 270/295 kB
2026.04.19 13:46:59 INFO  Progress (1): 287/295 kB
2026.04.19 13:46:59 INFO  Progress (1): 295 kB    
2026.04.19 13:46:59 INFO                      
2026.04.19 13:46:59 INFO  Downloaded from central: https://repo.maven.apache.org/maven2/io/netty/netty-codec/4.1.132.Final/netty-codec-4.1.132.Final-sources.jar (295 kB at 2.8 MB/s)
2026.04.19 13:46:59 INFO  [INFO] SUCCESS: io.netty:netty-codec:jar:4.1.132.Final:compile (sources = true)
2026.04.19 13:46:59 INFO  [INFO] Resolving artifact: io.micrometer:micrometer-observation:jar:1.15.10:compile (sources = false)
2026.04.19 13:46:59 INFO  [INFO] SUCCESS: io.micrometer:micrometer-observation:jar:1.15.10:compile (sources = false)
2026.04.19 13:46:59 INFO  [INFO] Resolving artifact: io.micrometer:micrometer-observation:jar:1.15.10:compile (sources = true)
2026.04.19 13:46:59 INFO  Downloading from central: https://repo.maven.apache.org/maven2/io/micrometer/micrometer-observation/1.15.10/micrometer-observation-1.15.10-sources.jar
2026.04.19 13:46:59 INFO  Progress (1): 7.7/55 kB
2026.04.19 13:46:59 INFO  Progress (1): 16/55 kB 
2026.04.19 13:46:59 INFO  Progress (1): 25/55 kB
2026.04.19 13:46:59 INFO  Progress (1): 41/55 kB
2026.04.19 13:46:59 INFO  Progress (1): 55 kB   
2026.04.19 13:46:59 INFO                     
2026.04.19 13:46:59 INFO  Downloaded from central: https://repo.maven.apache.org/maven2/io/micrometer/micrometer-observation/1.15.10/micrometer-observation-1.15.10-sources.jar (55 kB at 666 kB/s)
2026.04.19 13:46:59 INFO  [INFO] SUCCESS: io.micrometer:micrometer-observation:jar:1.15.10:compile (sources = true)
2026.04.19 13:46:59 INFO  [INFO] Resolving artifact: org.junit.jupiter:junit-jupiter:jar:5.12.2:test (sources = false)
2026.04.19 13:46:59 INFO  [INFO] SUCCESS: org.junit.jupiter:junit-jupiter:jar:5.12.2:test (sources = false)
2026.04.19 13:46:59 INFO  [INFO] Resolving artifact: org.junit.jupiter:junit-jupiter:jar:5.12.2:test (sources = true)
2026.04.19 13:46:59 INFO  Downloading from central: https://repo.maven.apache.org/maven2/org/junit/jupiter/junit-jupiter/5.12.2/junit-jupiter-5.12.2-sources.jar
2026.04.19 13:46:59 INFO  Progress (1): 6.1 kB
2026.04.19 13:46:59 INFO                      
2026.04.19 13:46:59 INFO  Downloaded from central: https://repo.maven.apache.org/maven2/org/junit/jupiter/junit-jupiter/5.12.2/junit-jupiter-5.12.2-sources.jar (6.1 kB at 78 kB/s)
2026.04.19 13:46:59 INFO  [INFO] SUCCESS: org.junit.jupiter:junit-jupiter:jar:5.12.2:test (sources = true)
2026.04.19 13:46:59 INFO  [INFO] Resolving artifact: org.springframework.boot:spring-boot-starter-web:jar:3.5.13:compile (sources = false)
2026.04.19 13:46:59 INFO  [INFO] SUCCESS: org.springframework.boot:spring-boot-starter-web:jar:3.5.13:compile (sources = false)
2026.04.19 13:46:59 INFO  [INFO] Resolving artifact: org.springframework.boot:spring-boot-starter-web:jar:3.5.13:compile (sources = true)
2026.04.19 13:46:59 INFO  Downloading from central: https://repo.maven.apache.org/maven2/org/springframework/boot/spring-boot-starter-web/3.5.13/spring-boot-starter-web-3.5.13-sources.jar
2026.04.19 13:46:59 INFO  Progress (1): 4.8 kB
2026.04.19 13:46:59 INFO                      
2026.04.19 13:46:59 INFO  Downloaded from central: https://repo.maven.apache.org/maven2/org/springframework/boot/spring-boot-starter-web/3.5.13/spring-boot-starter-web-3.5.13-sources.jar (4.8 kB at 60 kB/s)
2026.04.19 13:46:59 INFO  [INFO] SUCCESS: org.springframework.boot:spring-boot-starter-web:jar:3.5.13:compile (sources = true)
2026.04.19 13:46:59 INFO  [INFO] Resolving artifact: org.springframework.boot:spring-boot-starter-reactor-netty:jar:3.5.13:compile (sources = false)
2026.04.19 13:46:59 INFO  [INFO] SUCCESS: org.springframework.boot:spring-boot-starter-reactor-netty:jar:3.5.13:compile (sources = false)
2026.04.19 13:46:59 INFO  [INFO] Resolving artifact: org.springframework.boot:spring-boot-starter-reactor-netty:jar:3.5.13:compile (sources = true)
2026.04.19 13:46:59 INFO  Downloading from central: https://repo.maven.apache.org/maven2/org/springframework/boot/spring-boot-starter-reactor-netty/3.5.13/spring-boot-starter-reactor-netty-3.5.13-sources.jar
2026.04.19 13:47:00 INFO  Progress (1): 4.8 kB
2026.04.19 13:47:00 INFO                      
2026.04.19 13:47:00 INFO  Downloaded from central: https://repo.maven.apache.org/maven2/org/springframework/boot/spring-boot-starter-reactor-netty/3.5.13/spring-boot-starter-reactor-netty-3.5.13-sources.jar (4.8 kB at 60 kB/s)
2026.04.19 13:47:00 INFO  [INFO] SUCCESS: org.springframework.boot:spring-boot-starter-reactor-netty:jar:3.5.13:compile (sources = true)
2026.04.19 13:47:00 INFO  [INFO] Resolving artifact: org.apache.tomcat.embed:tomcat-embed-core:jar:10.1.53:compile (sources = false)
2026.04.19 13:47:00 INFO  [INFO] SUCCESS: org.apache.tomcat.embed:tomcat-embed-core:jar:10.1.53:compile (sources = false)
2026.04.19 13:47:00 INFO  [INFO] Resolving artifact: org.apache.tomcat.embed:tomcat-embed-core:jar:10.1.53:compile (sources = true)
2026.04.19 13:47:00 INFO  Downloading from central: https://repo.maven.apache.org/maven2/org/apache/tomcat/embed/tomcat-embed-core/10.1.53/tomcat-embed-core-10.1.53-sources.jar
2026.04.19 13:47:00 INFO  Progress (1): 0/3.8 MB
2026.04.19 13:47:00 INFO  Progress (1): 0/3.8 MB
2026.04.19 13:47:00 INFO  Progress (1): 0/3.8 MB
2026.04.19 13:47:00 INFO  Progress (1): 0/3.8 MB
2026.04.19 13:47:00 INFO  Progress (1): 0.1/3.8 MB
2026.04.19 13:47:00 INFO  Progress (1): 0.1/3.8 MB
2026.04.19 13:47:00 INFO  Progress (1): 0.1/3.8 MB
2026.04.19 13:47:00 INFO  Progress (1): 0.1/3.8 MB
2026.04.19 13:47:00 INFO  Progress (1): 0.1/3.8 MB
2026.04.19 13:47:00 INFO  Progress (1): 0.1/3.8 MB
2026.04.19 13:47:00 INFO  Progress (1): 0.2/3.8 MB
2026.04.19 13:47:00 INFO  Progress (1): 0.2/3.8 MB
2026.04.19 13:47:00 INFO  Progress (1): 0.2/3.8 MB
2026.04.19 13:47:00 INFO  Progress (1): 0.2/3.8 MB
2026.04.19 13:47:00 INFO  Progress (1): 0.2/3.8 MB
2026.04.19 13:47:00 INFO  Progress (1): 0.2/3.8 MB
2026.04.19 13:47:00 INFO  Progress (1): 0.3/3.8 MB
2026.04.19 13:47:00 INFO  Progress (1): 0.3/3.8 MB
2026.04.19 13:47:00 INFO  Progress (1): 0.3/3.8 MB
2026.04.19 13:47:00 INFO  Progress (1): 0.3/3.8 MB
2026.04.19 13:47:00 INFO  Progress (1): 0.3/3.8 MB
2026.04.19 13:47:00 INFO  Progress (1): 0.3/3.8 MB
2026.04.19 13:47:00 INFO  Progress (1): 0.4/3.8 MB
2026.04.19 13:47:00 INFO  Progress (1): 0.4/3.8 MB
2026.04.19 13:47:00 INFO  Progress (1): 0.4/3.8 MB
2026.04.19 13:47:00 INFO  Progress (1): 0.4/3.8 MB
2026.04.19 13:47:00 INFO  Progress (1): 0.4/3.8 MB
2026.04.19 13:47:00 INFO  Progress (1): 0.4/3.8 MB
2026.04.19 13:47:00 INFO  Progress (1): 0.5/3.8 MB
2026.04.19 13:47:00 INFO  Progress (1): 0.5/3.8 MB
2026.04.19 13:47:00 INFO  Progress (1): 0.5/3.8 MB
2026.04.19 13:47:00 INFO  Progress (1): 0.5/3.8 MB
2026.04.19 13:47:00 INFO  Progress (1): 0.5/3.8 MB
2026.04.19 13:47:00 INFO  Progress (1): 0.5/3.8 MB
2026.04.19 13:47:00 INFO  Progress (1): 0.6/3.8 MB
2026.04.19 13:47:00 INFO  Progress (1): 0.6/3.8 MB
2026.04.19 13:47:00 INFO  Progress (1): 0.6/3.8 MB
2026.04.19 13:47:00 INFO  Progress (1): 0.6/3.8 MB
2026.04.19 13:47:00 INFO  Progress (1): 0.6/3.8 MB
2026.04.19 13:47:00 INFO  Progress (1): 0.6/3.8 MB
2026.04.19 13:47:00 INFO  Progress (1): 0.7/3.8 MB
2026.04.19 13:47:00 INFO  Progress (1): 0.7/3.8 MB
2026.04.19 13:47:00 INFO  Progress (1): 0.7/3.8 MB
2026.04.19 13:47:00 INFO  Progress (1): 0.7/3.8 MB
2026.04.19 13:47:00 INFO  Progress (1): 0.7/3.8 MB
2026.04.19 13:47:00 INFO  Progress (1): 0.7/3.8 MB
2026.04.19 13:47:00 INFO  Progress (1): 0.7/3.8 MB
2026.04.19 13:47:00 INFO  Progress (1): 0.8/3.8 MB
2026.04.19 13:47:00 INFO  Progress (1): 0.8/3.8 MB
2026.04.19 13:47:00 INFO  Progress (1): 0.8/3.8 MB
2026.04.19 13:47:00 INFO  Progress (1): 0.8/3.8 MB
2026.04.19 13:47:00 INFO  Progress (1): 0.8/3.8 MB
2026.04.19 13:47:00 INFO  Progress (1): 0.8/3.8 MB
2026.04.19 13:47:00 INFO  Progress (1): 0.9/3.8 MB
2026.04.19 13:47:00 INFO  Progress (1): 0.9/3.8 MB
2026.04.19 13:47:00 INFO  Progress (1): 0.9/3.8 MB
2026.04.19 13:47:00 INFO  Progress (1): 0.9/3.8 MB
2026.04.19 13:47:00 INFO  Progress (1): 0.9/3.8 MB
2026.04.19 13:47:00 INFO  Progress (1): 0.9/3.8 MB
2026.04.19 13:47:00 INFO  Progress (1): 1.0/3.8 MB
2026.04.19 13:47:00 INFO  Progress (1): 1.0/3.8 MB
2026.04.19 13:47:00 INFO  Progress (1): 1.0/3.8 MB
2026.04.19 13:47:00 INFO  Progress (1): 1.0/3.8 MB
2026.04.19 13:47:00 INFO  Progress (1): 1.0/3.8 MB
2026.04.19 13:47:00 INFO  Progress (1): 1.0/3.8 MB
2026.04.19 13:47:00 INFO  Progress (1): 1.1/3.8 MB
2026.04.19 13:47:00 INFO  Progress (1): 1.1/3.8 MB
2026.04.19 13:47:00 INFO  Progress (1): 1.1/3.8 MB
2026.04.19 13:47:00 INFO  Progress (1): 1.1/3.8 MB
2026.04.19 13:47:00 INFO  Progress (1): 1.1/3.8 MB
2026.04.19 13:47:00 INFO  Progress (1): 1.1/3.8 MB
2026.04.19 13:47:00 INFO  Progress (1): 1.2/3.8 MB
2026.04.19 13:47:00 INFO  Progress (1): 1.2/3.8 MB
2026.04.19 13:47:00 INFO  Progress (1): 1.2/3.8 MB
2026.04.19 13:47:00 INFO  Progress (1): 1.2/3.8 MB
2026.04.19 13:47:00 INFO  Progress (1): 1.2/3.8 MB
2026.04.19 13:47:00 INFO  Progress (1): 1.2/3.8 MB
2026.04.19 13:47:00 INFO  Progress (1): 1.3/3.8 MB
2026.04.19 13:47:00 INFO  Progress (1): 1.3/3.8 MB
2026.04.19 13:47:00 INFO  Progress (1): 1.3/3.8 MB
2026.04.19 13:47:00 INFO  Progress (1): 1.3/3.8 MB
2026.04.19 13:47:00 INFO  Progress (1): 1.3/3.8 MB
2026.04.19 13:47:00 INFO  Progress (1): 1.3/3.8 MB
2026.04.19 13:47:00 INFO  Progress (1): 1.4/3.8 MB
2026.04.19 13:47:00 INFO  Progress (1): 1.4/3.8 MB
2026.04.19 13:47:00 INFO  Progress (1): 1.4/3.8 MB
2026.04.19 13:47:00 INFO  Progress (1): 1.4/3.8 MB
2026.04.19 13:47:00 INFO  Progress (1): 1.4/3.8 MB
2026.04.19 13:47:00 INFO  Progress (1): 1.4/3.8 MB
2026.04.19 13:47:00 INFO  Progress (1): 1.5/3.8 MB
2026.04.19 13:47:00 INFO  Progress (1): 1.5/3.8 MB
2026.04.19 13:47:00 INFO  Progress (1): 1.5/3.8 MB
2026.04.19 13:47:00 INFO  Progress (1): 1.5/3.8 MB
2026.04.19 13:47:00 INFO  Progress (1): 1.5/3.8 MB
2026.04.19 13:47:00 INFO  Progress (1): 1.5/3.8 MB
2026.04.19 13:47:00 INFO  Progress (1): 1.6/3.8 MB
2026.04.19 13:47:00 INFO  Progress (1): 1.6/3.8 MB
2026.04.19 13:47:00 INFO  Progress (1): 1.6/3.8 MB
2026.04.19 13:47:00 INFO  Progress (1): 1.6/3.8 MB
2026.04.19 13:47:00 INFO  Progress (1): 1.6/3.8 MB
2026.04.19 13:47:00 INFO  Progress (1): 1.6/3.8 MB
2026.04.19 13:47:00 INFO  Progress (1): 1.7/3.8 MB
2026.04.19 13:47:00 INFO  Progress (1): 1.7/3.8 MB
2026.04.19 13:47:00 INFO  Progress (1): 1.7/3.8 MB
2026.04.19 13:47:00 INFO  Progress (1): 1.7/3.8 MB
2026.04.19 13:47:00 INFO  Progress (1): 1.7/3.8 MB
2026.04.19 13:47:00 INFO  Progress (1): 1.7/3.8 MB
2026.04.19 13:47:00 INFO  Progress (1): 1.7/3.8 MB
2026.04.19 13:47:00 INFO  Progress (1): 1.8/3.8 MB
2026.04.19 13:47:00 INFO  Progress (1): 1.8/3.8 MB
2026.04.19 13:47:00 INFO  Progress (1): 1.8/3.8 MB
2026.04.19 13:47:00 INFO  Progress (1): 1.8/3.8 MB
2026.04.19 13:47:00 INFO  Progress (1): 1.8/3.8 MB
2026.04.19 13:47:00 INFO  Progress (1): 1.8/3.8 MB
2026.04.19 13:47:00 INFO  Progress (1): 1.9/3.8 MB
2026.04.19 13:47:00 INFO  Progress (1): 1.9/3.8 MB
2026.04.19 13:47:00 INFO  Progress (1): 1.9/3.8 MB
2026.04.19 13:47:00 INFO  Progress (1): 1.9/3.8 MB
2026.04.19 13:47:00 INFO  Progress (1): 1.9/3.8 MB
2026.04.19 13:47:00 INFO  Progress (1): 1.9/3.8 MB
2026.04.19 13:47:00 INFO  Progress (1): 2.0/3.8 MB
2026.04.19 13:47:00 INFO  Progress (1): 2.0/3.8 MB
2026.04.19 13:47:00 INFO  Progress (1): 2.0/3.8 MB
2026.04.19 13:47:00 INFO  Progress (1): 2.0/3.8 MB
2026.04.19 13:47:00 INFO  Progress (1): 2.0/3.8 MB
2026.04.19 13:47:00 INFO  Progress (1): 2.0/3.8 MB
2026.04.19 13:47:00 INFO  Progress (1): 2.1/3.8 MB
2026.04.19 13:47:00 INFO  Progress (1): 2.1/3.8 MB
2026.04.19 13:47:00 INFO  Progress (1): 2.1/3.8 MB
2026.04.19 13:47:00 INFO  Progress (1): 2.1/3.8 MB
2026.04.19 13:47:00 INFO  Progress (1): 2.1/3.8 MB
2026.04.19 13:47:00 INFO  Progress (1): 2.1/3.8 MB
2026.04.19 13:47:00 INFO  Progress (1): 2.2/3.8 MB
2026.04.19 13:47:00 INFO  Progress (1): 2.2/3.8 MB
2026.04.19 13:47:00 INFO  Progress (1): 2.2/3.8 MB
2026.04.19 13:47:00 INFO  Progress (1): 2.2/3.8 MB
2026.04.19 13:47:00 INFO  Progress (1): 2.2/3.8 MB
2026.04.19 13:47:00 INFO  Progress (1): 2.2/3.8 MB
2026.04.19 13:47:00 INFO  Progress (1): 2.3/3.8 MB
2026.04.19 13:47:00 INFO  Progress (1): 2.3/3.8 MB
2026.04.19 13:47:00 INFO  Progress (1): 2.3/3.8 MB
2026.04.19 13:47:00 INFO  Progress (1): 2.3/3.8 MB
2026.04.19 13:47:00 INFO  Progress (1): 2.3/3.8 MB
2026.04.19 13:47:00 INFO  Progress (1): 2.3/3.8 MB
2026.04.19 13:47:00 INFO  Progress (1): 2.4/3.8 MB
2026.04.19 13:47:00 INFO  Progress (1): 2.4/3.8 MB
2026.04.19 13:47:00 INFO  Progress (1): 2.4/3.8 MB
2026.04.19 13:47:00 INFO  Progress (1): 2.4/3.8 MB
2026.04.19 13:47:00 INFO  Progress (1): 2.4/3.8 MB
2026.04.19 13:47:00 INFO  Progress (1): 2.4/3.8 MB
2026.04.19 13:47:00 INFO  Progress (1): 2.5/3.8 MB
2026.04.19 13:47:00 INFO  Progress (1): 2.5/3.8 MB
2026.04.19 13:47:00 INFO  Progress (1): 2.5/3.8 MB
2026.04.19 13:47:00 INFO  Progress (1): 2.5/3.8 MB
2026.04.19 13:47:00 INFO  Progress (1): 2.5/3.8 MB
2026.04.19 13:47:00 INFO  Progress (1): 2.5/3.8 MB
2026.04.19 13:47:00 INFO  Progress (1): 2.6/3.8 MB
2026.04.19 13:47:00 INFO  Progress (1): 2.6/3.8 MB
2026.04.19 13:47:00 INFO  Progress (1): 2.6/3.8 MB
2026.04.19 13:47:00 INFO  Progress (1): 2.6/3.8 MB
2026.04.19 13:47:00 INFO  Progress (1): 2.6/3.8 MB
2026.04.19 13:47:00 INFO  Progress (1): 2.6/3.8 MB
2026.04.19 13:47:00 INFO  Progress (1): 2.7/3.8 MB
2026.04.19 13:47:00 INFO  Progress (1): 2.7/3.8 MB
2026.04.19 13:47:00 INFO  Progress (1): 2.7/3.8 MB
2026.04.19 13:47:00 INFO  Progress (1): 2.7/3.8 MB
2026.04.19 13:47:00 INFO  Progress (1): 2.7/3.8 MB
2026.04.19 13:47:00 INFO  Progress (1): 2.7/3.8 MB
2026.04.19 13:47:00 INFO  Progress (1): 2.7/3.8 MB
2026.04.19 13:47:00 INFO  Progress (1): 2.8/3.8 MB
2026.04.19 13:47:00 INFO  Progress (1): 2.8/3.8 MB
2026.04.19 13:47:00 INFO  Progress (1): 2.8/3.8 MB
2026.04.19 13:47:00 INFO  Progress (1): 2.8/3.8 MB
2026.04.19 13:47:00 INFO  Progress (1): 2.8/3.8 MB
2026.04.19 13:47:00 INFO  Progress (1): 2.8/3.8 MB
2026.04.19 13:47:00 INFO  Progress (1): 2.9/3.8 MB
2026.04.19 13:47:00 INFO  Progress (1): 2.9/3.8 MB
2026.04.19 13:47:00 INFO  Progress (1): 2.9/3.8 MB
2026.04.19 13:47:00 INFO  Progress (1): 2.9/3.8 MB
2026.04.19 13:47:00 INFO  Progress (1): 2.9/3.8 MB
2026.04.19 13:47:00 INFO  Progress (1): 2.9/3.8 MB
2026.04.19 13:47:00 INFO  Progress (1): 3.0/3.8 MB
2026.04.19 13:47:00 INFO  Progress (1): 3.0/3.8 MB
2026.04.19 13:47:00 INFO  Progress (1): 3.0/3.8 MB
2026.04.19 13:47:00 INFO  Progress (1): 3.0/3.8 MB
2026.04.19 13:47:00 INFO  Progress (1): 3.0/3.8 MB
2026.04.19 13:47:00 INFO  Progress (1): 3.0/3.8 MB
2026.04.19 13:47:00 INFO  Progress (1): 3.1/3.8 MB
2026.04.19 13:47:00 INFO  Progress (1): 3.1/3.8 MB
2026.04.19 13:47:00 INFO  Progress (1): 3.1/3.8 MB
2026.04.19 13:47:00 INFO  Progress (1): 3.1/3.8 MB
2026.04.19 13:47:00 INFO  Progress (1): 3.1/3.8 MB
2026.04.19 13:47:00 INFO  Progress (1): 3.1/3.8 MB
2026.04.19 13:47:00 INFO  Progress (1): 3.1/3.8 MB
2026.04.19 13:47:00 INFO  Progress (1): 3.2/3.8 MB
2026.04.19 13:47:00 INFO  Progress (1): 3.2/3.8 MB
2026.04.19 13:47:00 INFO  Progress (1): 3.2/3.8 MB
2026.04.19 13:47:00 INFO  Progress (1): 3.2/3.8 MB
2026.04.19 13:47:00 INFO  Progress (1): 3.2/3.8 MB
2026.04.19 13:47:00 INFO  Progress (1): 3.2/3.8 MB
2026.04.19 13:47:00 INFO  Progress (1): 3.3/3.8 MB
2026.04.19 13:47:00 INFO  Progress (1): 3.3/3.8 MB
2026.04.19 13:47:00 INFO  Progress (1): 3.3/3.8 MB
2026.04.19 13:47:00 INFO  Progress (1): 3.3/3.8 MB
2026.04.19 13:47:00 INFO  Progress (1): 3.3/3.8 MB
2026.04.19 13:47:00 INFO  Progress (1): 3.3/3.8 MB
2026.04.19 13:47:00 INFO  Progress (1): 3.4/3.8 MB
2026.04.19 13:47:00 INFO  Progress (1): 3.4/3.8 MB
2026.04.19 13:47:00 INFO  Progress (1): 3.4/3.8 MB
2026.04.19 13:47:00 INFO  Progress (1): 3.4/3.8 MB
2026.04.19 13:47:00 INFO  Progress (1): 3.4/3.8 MB
2026.04.19 13:47:00 INFO  Progress (1): 3.4/3.8 MB
2026.04.19 13:47:00 INFO  Progress (1): 3.5/3.8 MB
2026.04.19 13:47:00 INFO  Progress (1): 3.5/3.8 MB
2026.04.19 13:47:00 INFO  Progress (1): 3.5/3.8 MB
2026.04.19 13:47:00 INFO  Progress (1): 3.5/3.8 MB
2026.04.19 13:47:00 INFO  Progress (1): 3.5/3.8 MB
2026.04.19 13:47:00 INFO  Progress (1): 3.5/3.8 MB
2026.04.19 13:47:00 INFO  Progress (1): 3.6/3.8 MB
2026.04.19 13:47:00 INFO  Progress (1): 3.6/3.8 MB
2026.04.19 13:47:00 INFO  Progress (1): 3.6/3.8 MB
2026.04.19 13:47:00 INFO  Progress (1): 3.6/3.8 MB
2026.04.19 13:47:00 INFO  Progress (1): 3.6/3.8 MB
2026.04.19 13:47:00 INFO  Progress (1): 3.6/3.8 MB
2026.04.19 13:47:00 INFO  Progress (1): 3.7/3.8 MB
2026.04.19 13:47:00 INFO  Progress (1): 3.7/3.8 MB
2026.04.19 13:47:00 INFO  Progress (1): 3.7/3.8 MB
2026.04.19 13:47:00 INFO  Progress (1): 3.7/3.8 MB
2026.04.19 13:47:00 INFO  Progress (1): 3.7/3.8 MB
2026.04.19 13:47:00 INFO  Progress (1): 3.7/3.8 MB
2026.04.19 13:47:00 INFO  Progress (1): 3.7/3.8 MB
2026.04.19 13:47:00 INFO  Progress (1): 3.8/3.8 MB
2026.04.19 13:47:00 INFO  Progress (1): 3.8 MB    
2026.04.19 13:47:00 INFO                      
2026.04.19 13:47:00 INFO  Downloaded from central: https://repo.maven.apache.org/maven2/org/apache/tomcat/embed/tomcat-embed-core/10.1.53/tomcat-embed-core-10.1.53-sources.jar (3.8 MB at 9.4 MB/s)
2026.04.19 13:47:00 INFO  [INFO] SUCCESS: org.apache.tomcat.embed:tomcat-embed-core:jar:10.1.53:compile (sources = true)
2026.04.19 13:47:00 INFO  [INFO] Resolving artifact: org.junit.platform:junit-platform-commons:jar:1.12.2:test (sources = false)
2026.04.19 13:47:00 INFO  [INFO] SUCCESS: org.junit.platform:junit-platform-commons:jar:1.12.2:test (sources = false)
2026.04.19 13:47:00 INFO  [INFO] Resolving artifact: org.junit.platform:junit-platform-commons:jar:1.12.2:test (sources = true)
2026.04.19 13:47:00 INFO  Downloading from central: https://repo.maven.apache.org/maven2/org/junit/platform/junit-platform-commons/1.12.2/junit-platform-commons-1.12.2-sources.jar
2026.04.19 13:47:00 INFO  Progress (1): 7.7/103 kB
2026.04.19 13:47:00 INFO  Progress (1): 16/103 kB 
2026.04.19 13:47:00 INFO  Progress (1): 24/103 kB
2026.04.19 13:47:00 INFO  Progress (1): 40/103 kB
2026.04.19 13:47:00 INFO  Progress (1): 57/103 kB
2026.04.19 13:47:00 INFO  Progress (1): 73/103 kB
2026.04.19 13:47:00 INFO  Progress (1): 90/103 kB
2026.04.19 13:47:00 INFO  Progress (1): 103 kB   
2026.04.19 13:47:00 INFO                      
2026.04.19 13:47:00 INFO  Downloaded from central: https://repo.maven.apache.org/maven2/org/junit/platform/junit-platform-commons/1.12.2/junit-platform-commons-1.12.2-sources.jar (103 kB at 1.2 MB/s)
2026.04.19 13:47:00 INFO  [INFO] SUCCESS: org.junit.platform:junit-platform-commons:jar:1.12.2:test (sources = true)
2026.04.19 13:47:00 INFO  [INFO] Resolving artifact: net.bytebuddy:byte-buddy:jar:1.17.8:test (sources = false)
2026.04.19 13:47:00 INFO  [INFO] SUCCESS: net.bytebuddy:byte-buddy:jar:1.17.8:test (sources = false)
2026.04.19 13:47:00 INFO  [INFO] Resolving artifact: net.bytebuddy:byte-buddy:jar:1.17.8:test (sources = true)
2026.04.19 13:47:00 INFO  Downloading from central: https://repo.maven.apache.org/maven2/net/bytebuddy/byte-buddy/1.17.8/byte-buddy-1.17.8-sources.jar
2026.04.19 13:47:00 INFO  Progress (1): 0/2.7 MB
2026.04.19 13:47:00 INFO  Progress (1): 0/2.7 MB
2026.04.19 13:47:00 INFO  Progress (1): 0/2.7 MB
2026.04.19 13:47:00 INFO  Progress (1): 0/2.7 MB
2026.04.19 13:47:00 INFO  Progress (1): 0.1/2.7 MB
2026.04.19 13:47:00 INFO  Progress (1): 0.1/2.7 MB
2026.04.19 13:47:00 INFO  Progress (1): 0.1/2.7 MB
2026.04.19 13:47:00 INFO  Progress (1): 0.1/2.7 MB
2026.04.19 13:47:00 INFO  Progress (1): 0.1/2.7 MB
2026.04.19 13:47:00 INFO  Progress (1): 0.1/2.7 MB
2026.04.19 13:47:00 INFO  Progress (1): 0.2/2.7 MB
2026.04.19 13:47:00 INFO  Progress (1): 0.2/2.7 MB
2026.04.19 13:47:00 INFO  Progress (1): 0.2/2.7 MB
2026.04.19 13:47:00 INFO  Progress (1): 0.2/2.7 MB
2026.04.19 13:47:00 INFO  Progress (1): 0.2/2.7 MB
2026.04.19 13:47:00 INFO  Progress (1): 0.2/2.7 MB
2026.04.19 13:47:00 INFO  Progress (1): 0.3/2.7 MB
2026.04.19 13:47:00 INFO  Progress (1): 0.3/2.7 MB
2026.04.19 13:47:00 INFO  Progress (1): 0.3/2.7 MB
2026.04.19 13:47:00 INFO  Progress (1): 0.3/2.7 MB
2026.04.19 13:47:00 INFO  Progress (1): 0.3/2.7 MB
2026.04.19 13:47:00 INFO  Progress (1): 0.3/2.7 MB
2026.04.19 13:47:00 INFO  Progress (1): 0.4/2.7 MB
2026.04.19 13:47:00 INFO  Progress (1): 0.4/2.7 MB
2026.04.19 13:47:00 INFO  Progress (1): 0.4/2.7 MB
2026.04.19 13:47:00 INFO  Progress (1): 0.4/2.7 MB
2026.04.19 13:47:00 INFO  Progress (1): 0.4/2.7 MB
2026.04.19 13:47:00 INFO  Progress (1): 0.4/2.7 MB
2026.04.19 13:47:00 INFO  Progress (1): 0.5/2.7 MB
2026.04.19 13:47:00 INFO  Progress (1): 0.5/2.7 MB
2026.04.19 13:47:00 INFO  Progress (1): 0.5/2.7 MB
2026.04.19 13:47:00 INFO  Progress (1): 0.5/2.7 MB
2026.04.19 13:47:00 INFO  Progress (1): 0.5/2.7 MB
2026.04.19 13:47:00 INFO  Progress (1): 0.5/2.7 MB
2026.04.19 13:47:00 INFO  Progress (1): 0.6/2.7 MB
2026.04.19 13:47:00 INFO  Progress (1): 0.6/2.7 MB
2026.04.19 13:47:00 INFO  Progress (1): 0.6/2.7 MB
2026.04.19 13:47:00 INFO  Progress (1): 0.6/2.7 MB
2026.04.19 13:47:00 INFO  Progress (1): 0.6/2.7 MB
2026.04.19 13:47:00 INFO  Progress (1): 0.6/2.7 MB
2026.04.19 13:47:00 INFO  Progress (1): 0.7/2.7 MB
2026.04.19 13:47:00 INFO  Progress (1): 0.7/2.7 MB
2026.04.19 13:47:00 INFO  Progress (1): 0.7/2.7 MB
2026.04.19 13:47:00 INFO  Progress (1): 0.7/2.7 MB
2026.04.19 13:47:00 INFO  Progress (1): 0.7/2.7 MB
2026.04.19 13:47:00 INFO  Progress (1): 0.7/2.7 MB
2026.04.19 13:47:00 INFO  Progress (1): 0.7/2.7 MB
2026.04.19 13:47:00 INFO  Progress (1): 0.8/2.7 MB
2026.04.19 13:47:00 INFO  Progress (1): 0.8/2.7 MB
2026.04.19 13:47:00 INFO  Progress (1): 0.8/2.7 MB
2026.04.19 13:47:00 INFO  Progress (1): 0.8/2.7 MB
2026.04.19 13:47:00 INFO  Progress (1): 0.8/2.7 MB
2026.04.19 13:47:00 INFO  Progress (1): 0.8/2.7 MB
2026.04.19 13:47:00 INFO  Progress (1): 0.9/2.7 MB
2026.04.19 13:47:00 INFO  Progress (1): 0.9/2.7 MB
2026.04.19 13:47:00 INFO  Progress (1): 0.9/2.7 MB
2026.04.19 13:47:00 INFO  Progress (1): 0.9/2.7 MB
2026.04.19 13:47:00 INFO  Progress (1): 0.9/2.7 MB
2026.04.19 13:47:00 INFO  Progress (1): 0.9/2.7 MB
2026.04.19 13:47:00 INFO  Progress (1): 1.0/2.7 MB
2026.04.19 13:47:00 INFO  Progress (1): 1.0/2.7 MB
2026.04.19 13:47:00 INFO  Progress (1): 1.0/2.7 MB
2026.04.19 13:47:00 INFO  Progress (1): 1.0/2.7 MB
2026.04.19 13:47:00 INFO  Progress (1): 1.0/2.7 MB
2026.04.19 13:47:00 INFO  Progress (1): 1.0/2.7 MB
2026.04.19 13:47:00 INFO  Progress (1): 1.1/2.7 MB
2026.04.19 13:47:00 INFO  Progress (1): 1.1/2.7 MB
2026.04.19 13:47:00 INFO  Progress (1): 1.1/2.7 MB
2026.04.19 13:47:00 INFO  Progress (1): 1.1/2.7 MB
2026.04.19 13:47:00 INFO  Progress (1): 1.1/2.7 MB
2026.04.19 13:47:00 INFO  Progress (1): 1.1/2.7 MB
2026.04.19 13:47:00 INFO  Progress (1): 1.2/2.7 MB
2026.04.19 13:47:00 INFO  Progress (1): 1.2/2.7 MB
2026.04.19 13:47:00 INFO  Progress (1): 1.2/2.7 MB
2026.04.19 13:47:00 INFO  Progress (1): 1.2/2.7 MB
2026.04.19 13:47:00 INFO  Progress (1): 1.2/2.7 MB
2026.04.19 13:47:00 INFO  Progress (1): 1.2/2.7 MB
2026.04.19 13:47:00 INFO  Progress (1): 1.3/2.7 MB
2026.04.19 13:47:00 INFO  Progress (1): 1.3/2.7 MB
2026.04.19 13:47:00 INFO  Progress (1): 1.3/2.7 MB
2026.04.19 13:47:00 INFO  Progress (1): 1.3/2.7 MB
2026.04.19 13:47:00 INFO  Progress (1): 1.3/2.7 MB
2026.04.19 13:47:00 INFO  Progress (1): 1.3/2.7 MB
2026.04.19 13:47:00 INFO  Progress (1): 1.4/2.7 MB
2026.04.19 13:47:00 INFO  Progress (1): 1.4/2.7 MB
2026.04.19 13:47:00 INFO  Progress (1): 1.4/2.7 MB
2026.04.19 13:47:00 INFO  Progress (1): 1.4/2.7 MB
2026.04.19 13:47:00 INFO  Progress (1): 1.4/2.7 MB
2026.04.19 13:47:00 INFO  Progress (1): 1.4/2.7 MB
2026.04.19 13:47:00 INFO  Progress (1): 1.5/2.7 MB
2026.04.19 13:47:00 INFO  Progress (1): 1.5/2.7 MB
2026.04.19 13:47:00 INFO  Progress (1): 1.5/2.7 MB
2026.04.19 13:47:00 INFO  Progress (1): 1.5/2.7 MB
2026.04.19 13:47:00 INFO  Progress (1): 1.5/2.7 MB
2026.04.19 13:47:00 INFO  Progress (1): 1.5/2.7 MB
2026.04.19 13:47:00 INFO  Progress (1): 1.6/2.7 MB
2026.04.19 13:47:00 INFO  Progress (1): 1.6/2.7 MB
2026.04.19 13:47:00 INFO  Progress (1): 1.6/2.7 MB
2026.04.19 13:47:00 INFO  Progress (1): 1.6/2.7 MB
2026.04.19 13:47:00 INFO  Progress (1): 1.6/2.7 MB
2026.04.19 13:47:00 INFO  Progress (1): 1.6/2.7 MB
2026.04.19 13:47:00 INFO  Progress (1): 1.7/2.7 MB
2026.04.19 13:47:00 INFO  Progress (1): 1.7/2.7 MB
2026.04.19 13:47:00 INFO  Progress (1): 1.7/2.7 MB
2026.04.19 13:47:00 INFO  Progress (1): 1.7/2.7 MB
2026.04.19 13:47:00 INFO  Progress (1): 1.7/2.7 MB
2026.04.19 13:47:00 INFO  Progress (1): 1.7/2.7 MB
2026.04.19 13:47:00 INFO  Progress (1): 1.7/2.7 MB
2026.04.19 13:47:00 INFO  Progress (1): 1.8/2.7 MB
2026.04.19 13:47:00 INFO  Progress (1): 1.8/2.7 MB
2026.04.19 13:47:00 INFO  Progress (1): 1.8/2.7 MB
2026.04.19 13:47:00 INFO  Progress (1): 1.8/2.7 MB
2026.04.19 13:47:00 INFO  Progress (1): 1.8/2.7 MB
2026.04.19 13:47:00 INFO  Progress (1): 1.8/2.7 MB
2026.04.19 13:47:00 INFO  Progress (1): 1.9/2.7 MB
2026.04.19 13:47:00 INFO  Progress (1): 1.9/2.7 MB
2026.04.19 13:47:00 INFO  Progress (1): 1.9/2.7 MB
2026.04.19 13:47:00 INFO  Progress (1): 1.9/2.7 MB
2026.04.19 13:47:00 INFO  Progress (1): 1.9/2.7 MB
2026.04.19 13:47:00 INFO  Progress (1): 1.9/2.7 MB
2026.04.19 13:47:00 INFO  Progress (1): 2.0/2.7 MB
2026.04.19 13:47:00 INFO  Progress (1): 2.0/2.7 MB
2026.04.19 13:47:00 INFO  Progress (1): 2.0/2.7 MB
2026.04.19 13:47:00 INFO  Progress (1): 2.0/2.7 MB
2026.04.19 13:47:00 INFO  Progress (1): 2.0/2.7 MB
2026.04.19 13:47:00 INFO  Progress (1): 2.0/2.7 MB
2026.04.19 13:47:00 INFO  Progress (1): 2.1/2.7 MB
2026.04.19 13:47:00 INFO  Progress (1): 2.1/2.7 MB
2026.04.19 13:47:00 INFO  Progress (1): 2.1/2.7 MB
2026.04.19 13:47:00 INFO  Progress (1): 2.1/2.7 MB
2026.04.19 13:47:00 INFO  Progress (1): 2.1/2.7 MB
2026.04.19 13:47:00 INFO  Progress (1): 2.1/2.7 MB
2026.04.19 13:47:00 INFO  Progress (1): 2.2/2.7 MB
2026.04.19 13:47:00 INFO  Progress (1): 2.2/2.7 MB
2026.04.19 13:47:00 INFO  Progress (1): 2.2/2.7 MB
2026.04.19 13:47:00 INFO  Progress (1): 2.2/2.7 MB
2026.04.19 13:47:00 INFO  Progress (1): 2.2/2.7 MB
2026.04.19 13:47:00 INFO  Progress (1): 2.2/2.7 MB
2026.04.19 13:47:00 INFO  Progress (1): 2.3/2.7 MB
2026.04.19 13:47:00 INFO  Progress (1): 2.3/2.7 MB
2026.04.19 13:47:00 INFO  Progress (1): 2.3/2.7 MB
2026.04.19 13:47:00 INFO  Progress (1): 2.3/2.7 MB
2026.04.19 13:47:00 INFO  Progress (1): 2.3/2.7 MB
2026.04.19 13:47:00 INFO  Progress (1): 2.3/2.7 MB
2026.04.19 13:47:00 INFO  Progress (1): 2.4/2.7 MB
2026.04.19 13:47:00 INFO  Progress (1): 2.4/2.7 MB
2026.04.19 13:47:00 INFO  Progress (1): 2.4/2.7 MB
2026.04.19 13:47:00 INFO  Progress (1): 2.4/2.7 MB
2026.04.19 13:47:00 INFO  Progress (1): 2.4/2.7 MB
2026.04.19 13:47:00 INFO  Progress (1): 2.4/2.7 MB
2026.04.19 13:47:00 INFO  Progress (1): 2.5/2.7 MB
2026.04.19 13:47:00 INFO  Progress (1): 2.5/2.7 MB
2026.04.19 13:47:00 INFO  Progress (1): 2.5/2.7 MB
2026.04.19 13:47:00 INFO  Progress (1): 2.5/2.7 MB
2026.04.19 13:47:00 INFO  Progress (1): 2.5/2.7 MB
2026.04.19 13:47:00 INFO  Progress (1): 2.5/2.7 MB
2026.04.19 13:47:00 INFO  Progress (1): 2.6/2.7 MB
2026.04.19 13:47:00 INFO  Progress (1): 2.6/2.7 MB
2026.04.19 13:47:00 INFO  Progress (1): 2.6/2.7 MB
2026.04.19 13:47:00 INFO  Progress (1): 2.6/2.7 MB
2026.04.19 13:47:00 INFO  Progress (1): 2.6/2.7 MB
2026.04.19 13:47:00 INFO  Progress (1): 2.6/2.7 MB
2026.04.19 13:47:00 INFO  Progress (1): 2.7/2.7 MB
2026.04.19 13:47:00 INFO  Progress (1): 2.7/2.7 MB
2026.04.19 13:47:00 INFO  Progress (1): 2.7/2.7 MB
2026.04.19 13:47:00 INFO  Progress (1): 2.7/2.7 MB
2026.04.19 13:47:00 INFO  Progress (1): 2.7 MB    
2026.04.19 13:47:00 INFO                      
2026.04.19 13:47:00 INFO  Downloaded from central: https://repo.maven.apache.org/maven2/net/bytebuddy/byte-buddy/1.17.8/byte-buddy-1.17.8-sources.jar (2.7 MB at 7.5 MB/s)
2026.04.19 13:47:00 INFO  [INFO] SUCCESS: net.bytebuddy:byte-buddy:jar:1.17.8:test (sources = true)
2026.04.19 13:47:00 INFO  [INFO] Resolving artifact: org.springframework:spring-core:jar:6.2.17:compile (sources = false)
2026.04.19 13:47:00 INFO  [INFO] SUCCESS: org.springframework:spring-core:jar:6.2.17:compile (sources = false)
2026.04.19 13:47:00 INFO  [INFO] Resolving artifact: org.springframework:spring-core:jar:6.2.17:compile (sources = true)
2026.04.19 13:47:00 INFO  Downloading from central: https://repo.maven.apache.org/maven2/org/springframework/spring-core/6.2.17/spring-core-6.2.17-sources.jar
2026.04.19 13:47:00 INFO  Progress (1): 0/1.5 MB
2026.04.19 13:47:00 INFO  Progress (1): 0/1.5 MB
2026.04.19 13:47:00 INFO  Progress (1): 0/1.5 MB
2026.04.19 13:47:00 INFO  Progress (1): 0/1.5 MB
2026.04.19 13:47:00 INFO  Progress (1): 0.1/1.5 MB
2026.04.19 13:47:00 INFO  Progress (1): 0.1/1.5 MB
2026.04.19 13:47:00 INFO  Progress (1): 0.1/1.5 MB
2026.04.19 13:47:00 INFO  Progress (1): 0.1/1.5 MB
2026.04.19 13:47:00 INFO  Progress (1): 0.1/1.5 MB
2026.04.19 13:47:00 INFO  Progress (1): 0.1/1.5 MB
2026.04.19 13:47:00 INFO  Progress (1): 0.2/1.5 MB
2026.04.19 13:47:00 INFO  Progress (1): 0.2/1.5 MB
2026.04.19 13:47:00 INFO  Progress (1): 0.2/1.5 MB
2026.04.19 13:47:00 INFO  Progress (1): 0.2/1.5 MB
2026.04.19 13:47:00 INFO  Progress (1): 0.2/1.5 MB
2026.04.19 13:47:00 INFO  Progress (1): 0.2/1.5 MB
2026.04.19 13:47:00 INFO  Progress (1): 0.3/1.5 MB
2026.04.19 13:47:00 INFO  Progress (1): 0.3/1.5 MB
2026.04.19 13:47:00 INFO  Progress (1): 0.3/1.5 MB
2026.04.19 13:47:00 INFO  Progress (1): 0.3/1.5 MB
2026.04.19 13:47:00 INFO  Progress (1): 0.3/1.5 MB
2026.04.19 13:47:00 INFO  Progress (1): 0.3/1.5 MB
2026.04.19 13:47:00 INFO  Progress (1): 0.4/1.5 MB
2026.04.19 13:47:00 INFO  Progress (1): 0.4/1.5 MB
2026.04.19 13:47:00 INFO  Progress (1): 0.4/1.5 MB
2026.04.19 13:47:00 INFO  Progress (1): 0.4/1.5 MB
2026.04.19 13:47:00 INFO  Progress (1): 0.4/1.5 MB
2026.04.19 13:47:00 INFO  Progress (1): 0.4/1.5 MB
2026.04.19 13:47:00 INFO  Progress (1): 0.5/1.5 MB
2026.04.19 13:47:00 INFO  Progress (1): 0.5/1.5 MB
2026.04.19 13:47:00 INFO  Progress (1): 0.5/1.5 MB
2026.04.19 13:47:00 INFO  Progress (1): 0.5/1.5 MB
2026.04.19 13:47:00 INFO  Progress (1): 0.5/1.5 MB
2026.04.19 13:47:00 INFO  Progress (1): 0.5/1.5 MB
2026.04.19 13:47:00 INFO  Progress (1): 0.6/1.5 MB
2026.04.19 13:47:00 INFO  Progress (1): 0.6/1.5 MB
2026.04.19 13:47:00 INFO  Progress (1): 0.6/1.5 MB
2026.04.19 13:47:00 INFO  Progress (1): 0.6/1.5 MB
2026.04.19 13:47:00 INFO  Progress (1): 0.6/1.5 MB
2026.04.19 13:47:00 INFO  Progress (1): 0.6/1.5 MB
2026.04.19 13:47:00 INFO  Progress (1): 0.7/1.5 MB
2026.04.19 13:47:00 INFO  Progress (1): 0.7/1.5 MB
2026.04.19 13:47:00 INFO  Progress (1): 0.7/1.5 MB
2026.04.19 13:47:00 INFO  Progress (1): 0.7/1.5 MB
2026.04.19 13:47:00 INFO  Progress (1): 0.7/1.5 MB
2026.04.19 13:47:00 INFO  Progress (1): 0.7/1.5 MB
2026.04.19 13:47:00 INFO  Progress (1): 0.7/1.5 MB
2026.04.19 13:47:00 INFO  Progress (1): 0.8/1.5 MB
2026.04.19 13:47:01 INFO  Progress (1): 0.8/1.5 MB
2026.04.19 13:47:01 INFO  Progress (1): 0.8/1.5 MB
2026.04.19 13:47:01 INFO  Progress (1): 0.8/1.5 MB
2026.04.19 13:47:01 INFO  Progress (1): 0.8/1.5 MB
2026.04.19 13:47:01 INFO  Progress (1): 0.8/1.5 MB
2026.04.19 13:47:01 INFO  Progress (1): 0.9/1.5 MB
2026.04.19 13:47:01 INFO  Progress (1): 0.9/1.5 MB
2026.04.19 13:47:01 INFO  Progress (1): 0.9/1.5 MB
2026.04.19 13:47:01 INFO  Progress (1): 0.9/1.5 MB
2026.04.19 13:47:01 INFO  Progress (1): 0.9/1.5 MB
2026.04.19 13:47:01 INFO  Progress (1): 0.9/1.5 MB
2026.04.19 13:47:01 INFO  Progress (1): 1.0/1.5 MB
2026.04.19 13:47:01 INFO  Progress (1): 1.0/1.5 MB
2026.04.19 13:47:01 INFO  Progress (1): 1.0/1.5 MB
2026.04.19 13:47:01 INFO  Progress (1): 1.0/1.5 MB
2026.04.19 13:47:01 INFO  Progress (1): 1.0/1.5 MB
2026.04.19 13:47:01 INFO  Progress (1): 1.0/1.5 MB
2026.04.19 13:47:01 INFO  Progress (1): 1.1/1.5 MB
2026.04.19 13:47:01 INFO  Progress (1): 1.1/1.5 MB
2026.04.19 13:47:01 INFO  Progress (1): 1.1/1.5 MB
2026.04.19 13:47:01 INFO  Progress (1): 1.1/1.5 MB
2026.04.19 13:47:01 INFO  Progress (1): 1.1/1.5 MB
2026.04.19 13:47:01 INFO  Progress (1): 1.1/1.5 MB
2026.04.19 13:47:01 INFO  Progress (1): 1.2/1.5 MB
2026.04.19 13:47:01 INFO  Progress (1): 1.2/1.5 MB
2026.04.19 13:47:01 INFO  Progress (1): 1.2/1.5 MB
2026.04.19 13:47:01 INFO  Progress (1): 1.2/1.5 MB
2026.04.19 13:47:01 INFO  Progress (1): 1.2/1.5 MB
2026.04.19 13:47:01 INFO  Progress (1): 1.2/1.5 MB
2026.04.19 13:47:01 INFO  Progress (1): 1.3/1.5 MB
2026.04.19 13:47:01 INFO  Progress (1): 1.3/1.5 MB
2026.04.19 13:47:01 INFO  Progress (1): 1.3/1.5 MB
2026.04.19 13:47:01 INFO  Progress (1): 1.3/1.5 MB
2026.04.19 13:47:01 INFO  Progress (1): 1.3/1.5 MB
2026.04.19 13:47:01 INFO  Progress (1): 1.3/1.5 MB
2026.04.19 13:47:01 INFO  Progress (1): 1.4/1.5 MB
2026.04.19 13:47:01 INFO  Progress (1): 1.4/1.5 MB
2026.04.19 13:47:01 INFO  Progress (1): 1.4/1.5 MB
2026.04.19 13:47:01 INFO  Progress (1): 1.4/1.5 MB
2026.04.19 13:47:01 INFO  Progress (1): 1.4/1.5 MB
2026.04.19 13:47:01 INFO  Progress (1): 1.4/1.5 MB
2026.04.19 13:47:01 INFO  Progress (1): 1.5/1.5 MB
2026.04.19 13:47:01 INFO  Progress (1): 1.5/1.5 MB
2026.04.19 13:47:01 INFO  Progress (1): 1.5 MB    
2026.04.19 13:47:01 INFO                      
2026.04.19 13:47:01 INFO  Downloaded from central: https://repo.maven.apache.org/maven2/org/springframework/spring-core/6.2.17/spring-core-6.2.17-sources.jar (1.5 MB at 7.4 MB/s)
2026.04.19 13:47:01 INFO  [INFO] SUCCESS: org.springframework:spring-core:jar:6.2.17:compile (sources = true)
2026.04.19 13:47:01 INFO  [INFO] Resolving artifact: io.netty:netty-resolver-dns-native-macos:jar:osx-x86_64:4.1.132.Final:compile (sources = false)
2026.04.19 13:47:01 INFO  [INFO] SUCCESS: io.netty:netty-resolver-dns-native-macos:jar:osx-x86_64:4.1.132.Final:compile (sources = false)
2026.04.19 13:47:01 INFO  [INFO] Resolving artifact: io.netty:netty-resolver-dns-native-macos:jar:osx-x86_64:4.1.132.Final:compile (sources = true)
2026.04.19 13:47:01 INFO  Downloading from central: https://repo.maven.apache.org/maven2/io/netty/netty-resolver-dns-native-macos/4.1.132.Final/netty-resolver-dns-native-macos-4.1.132.Final-sources.jar
2026.04.19 13:47:01 INFO  Progress (1): 7.7/8.7 kB
2026.04.19 13:47:01 INFO  Progress (1): 8.7 kB    
2026.04.19 13:47:01 INFO                      
2026.04.19 13:47:01 INFO  Downloaded from central: https://repo.maven.apache.org/maven2/io/netty/netty-resolver-dns-native-macos/4.1.132.Final/netty-resolver-dns-native-macos-4.1.132.Final-sources.jar (8.7 kB at 111 kB/s)
2026.04.19 13:47:01 INFO  [INFO] SUCCESS: io.netty:netty-resolver-dns-native-macos:jar:osx-x86_64:4.1.132.Final:compile (sources = true)
2026.04.19 13:47:01 INFO  [INFO] Resolving artifact: org.springframework:spring-context:jar:6.2.17:compile (sources = false)
2026.04.19 13:47:01 INFO  [INFO] SUCCESS: org.springframework:spring-context:jar:6.2.17:compile (sources = false)
2026.04.19 13:47:01 INFO  [INFO] Resolving artifact: org.springframework:spring-context:jar:6.2.17:compile (sources = true)
2026.04.19 13:47:01 INFO  Downloading from central: https://repo.maven.apache.org/maven2/org/springframework/spring-context/6.2.17/spring-context-6.2.17-sources.jar
2026.04.19 13:47:01 INFO  Progress (1): 0/1.1 MB
2026.04.19 13:47:01 INFO  Progress (1): 0/1.1 MB
2026.04.19 13:47:01 INFO  Progress (1): 0/1.1 MB
2026.04.19 13:47:01 INFO  Progress (1): 0/1.1 MB
2026.04.19 13:47:01 INFO  Progress (1): 0.1/1.1 MB
2026.04.19 13:47:01 INFO  Progress (1): 0.1/1.1 MB
2026.04.19 13:47:01 INFO  Progress (1): 0.1/1.1 MB
2026.04.19 13:47:01 INFO  Progress (1): 0.1/1.1 MB
2026.04.19 13:47:01 INFO  Progress (1): 0.1/1.1 MB
2026.04.19 13:47:01 INFO  Progress (1): 0.1/1.1 MB
2026.04.19 13:47:01 INFO  Progress (1): 0.1/1.1 MB
2026.04.19 13:47:01 INFO  Progress (1): 0.2/1.1 MB
2026.04.19 13:47:01 INFO  Progress (1): 0.2/1.1 MB
2026.04.19 13:47:01 INFO  Progress (1): 0.2/1.1 MB
2026.04.19 13:47:01 INFO  Progress (1): 0.2/1.1 MB
2026.04.19 13:47:01 INFO  Progress (1): 0.2/1.1 MB
2026.04.19 13:47:01 INFO  Progress (1): 0.2/1.1 MB
2026.04.19 13:47:01 INFO  Progress (1): 0.3/1.1 MB
2026.04.19 13:47:01 INFO  Progress (1): 0.3/1.1 MB
2026.04.19 13:47:01 INFO  Progress (1): 0.3/1.1 MB
2026.04.19 13:47:01 INFO  Progress (1): 0.3/1.1 MB
2026.04.19 13:47:01 INFO  Progress (1): 0.3/1.1 MB
2026.04.19 13:47:01 INFO  Progress (1): 0.3/1.1 MB
2026.04.19 13:47:01 INFO  Progress (1): 0.4/1.1 MB
2026.04.19 13:47:01 INFO  Progress (1): 0.4/1.1 MB
2026.04.19 13:47:01 INFO  Progress (1): 0.4/1.1 MB
2026.04.19 13:47:01 INFO  Progress (1): 0.4/1.1 MB
2026.04.19 13:47:01 INFO  Progress (1): 0.4/1.1 MB
2026.04.19 13:47:01 INFO  Progress (1): 0.4/1.1 MB
2026.04.19 13:47:01 INFO  Progress (1): 0.5/1.1 MB
2026.04.19 13:47:01 INFO  Progress (1): 0.5/1.1 MB
2026.04.19 13:47:01 INFO  Progress (1): 0.5/1.1 MB
2026.04.19 13:47:01 INFO  Progress (1): 0.5/1.1 MB
2026.04.19 13:47:01 INFO  Progress (1): 0.5/1.1 MB
2026.04.19 13:47:01 INFO  Progress (1): 0.5/1.1 MB
2026.04.19 13:47:01 INFO  Progress (1): 0.6/1.1 MB
2026.04.19 13:47:01 INFO  Progress (1): 0.6/1.1 MB
2026.04.19 13:47:01 INFO  Progress (1): 0.6/1.1 MB
2026.04.19 13:47:01 INFO  Progress (1): 0.6/1.1 MB
2026.04.19 13:47:01 INFO  Progress (1): 0.6/1.1 MB
2026.04.19 13:47:01 INFO  Progress (1): 0.6/1.1 MB
2026.04.19 13:47:01 INFO  Progress (1): 0.7/1.1 MB
2026.04.19 13:47:01 INFO  Progress (1): 0.7/1.1 MB
2026.04.19 13:47:01 INFO  Progress (1): 0.7/1.1 MB
2026.04.19 13:47:01 INFO  Progress (1): 0.7/1.1 MB
2026.04.19 13:47:01 INFO  Progress (1): 0.7/1.1 MB
2026.04.19 13:47:01 INFO  Progress (1): 0.7/1.1 MB
2026.04.19 13:47:01 INFO  Progress (1): 0.8/1.1 MB
2026.04.19 13:47:01 INFO  Progress (1): 0.8/1.1 MB
2026.04.19 13:47:01 INFO  Progress (1): 0.8/1.1 MB
2026.04.19 13:47:01 INFO  Progress (1): 0.8/1.1 MB
2026.04.19 13:47:01 INFO  Progress (1): 0.8/1.1 MB
2026.04.19 13:47:01 INFO  Progress (1): 0.8/1.1 MB
2026.04.19 13:47:01 INFO  Progress (1): 0.9/1.1 MB
2026.04.19 13:47:01 INFO  Progress (1): 0.9/1.1 MB
2026.04.19 13:47:01 INFO  Progress (1): 0.9/1.1 MB
2026.04.19 13:47:01 INFO  Progress (1): 0.9/1.1 MB
2026.04.19 13:47:01 INFO  Progress (1): 0.9/1.1 MB
2026.04.19 13:47:01 INFO  Progress (1): 0.9/1.1 MB
2026.04.19 13:47:01 INFO  Progress (1): 1.0/1.1 MB
2026.04.19 13:47:01 INFO  Progress (1): 1.0/1.1 MB
2026.04.19 13:47:01 INFO  Progress (1): 1.0/1.1 MB
2026.04.19 13:47:01 INFO  Progress (1): 1.0/1.1 MB
2026.04.19 13:47:01 INFO  Progress (1): 1.0/1.1 MB
2026.04.19 13:47:01 INFO  Progress (1): 1.0/1.1 MB
2026.04.19 13:47:01 INFO  Progress (1): 1.0/1.1 MB
2026.04.19 13:47:01 INFO  Progress (1): 1.1/1.1 MB
2026.04.19 13:47:01 INFO  Progress (1): 1.1/1.1 MB
2026.04.19 13:47:01 INFO  Progress (1): 1.1/1.1 MB
2026.04.19 13:47:01 INFO  Progress (1): 1.1 MB    
2026.04.19 13:47:01 INFO                      
2026.04.19 13:47:01 INFO  Downloaded from central: https://repo.maven.apache.org/maven2/org/springframework/spring-context/6.2.17/spring-context-6.2.17-sources.jar (1.1 MB at 6.5 MB/s)
2026.04.19 13:47:01 INFO  [INFO] SUCCESS: org.springframework:spring-context:jar:6.2.17:compile (sources = true)
2026.04.19 13:47:01 INFO  [INFO] Resolving artifact: io.netty:netty-transport-classes-epoll:jar:4.1.132.Final:compile (sources = false)
2026.04.19 13:47:01 INFO  [INFO] SUCCESS: io.netty:netty-transport-classes-epoll:jar:4.1.132.Final:compile (sources = false)
2026.04.19 13:47:01 INFO  [INFO] Resolving artifact: io.netty:netty-transport-classes-epoll:jar:4.1.132.Final:compile (sources = true)
2026.04.19 13:47:01 INFO  Downloading from central: https://repo.maven.apache.org/maven2/io/netty/netty-transport-classes-epoll/4.1.132.Final/netty-transport-classes-epoll-4.1.132.Final-sources.jar
2026.04.19 13:47:01 INFO  Progress (1): 7.7/89 kB
2026.04.19 13:47:01 INFO  Progress (1): 16/89 kB 
2026.04.19 13:47:01 INFO  Progress (1): 25/89 kB
2026.04.19 13:47:01 INFO  Progress (1): 41/89 kB
2026.04.19 13:47:01 INFO  Progress (1): 57/89 kB
2026.04.19 13:47:01 INFO  Progress (1): 74/89 kB
2026.04.19 13:47:01 INFO  Progress (1): 89 kB   
2026.04.19 13:47:01 INFO                     
2026.04.19 13:47:01 INFO  Downloaded from central: https://repo.maven.apache.org/maven2/io/netty/netty-transport-classes-epoll/4.1.132.Final/netty-transport-classes-epoll-4.1.132.Final-sources.jar (89 kB at 1.0 MB/s)
2026.04.19 13:47:01 INFO  [INFO] SUCCESS: io.netty:netty-transport-classes-epoll:jar:4.1.132.Final:compile (sources = true)
2026.04.19 13:47:01 INFO  [INFO] Resolving artifact: com.jayway.jsonpath:json-path:jar:2.9.0:test (sources = false)
2026.04.19 13:47:01 INFO  [INFO] SUCCESS: com.jayway.jsonpath:json-path:jar:2.9.0:test (sources = false)
2026.04.19 13:47:01 INFO  [INFO] Resolving artifact: com.jayway.jsonpath:json-path:jar:2.9.0:test (sources = true)
2026.04.19 13:47:01 INFO  Downloading from central: https://repo.maven.apache.org/maven2/com/jayway/jsonpath/json-path/2.9.0/json-path-2.9.0-sources.jar
2026.04.19 13:47:01 INFO  Progress (1): 7.7/135 kB
2026.04.19 13:47:01 INFO  Progress (1): 8.2/135 kB
2026.04.19 13:47:01 INFO  Progress (1): 25/135 kB 
2026.04.19 13:47:01 INFO  Progress (1): 41/135 kB
2026.04.19 13:47:01 INFO  Progress (1): 57/135 kB
2026.04.19 13:47:01 INFO  Progress (1): 74/135 kB
2026.04.19 13:47:01 INFO  Progress (1): 90/135 kB
2026.04.19 13:47:01 INFO  Progress (1): 106/135 kB
2026.04.19 13:47:01 INFO  Progress (1): 123/135 kB
2026.04.19 13:47:01 INFO  Progress (1): 135 kB    
2026.04.19 13:47:01 INFO                      
2026.04.19 13:47:01 INFO  Downloaded from central: https://repo.maven.apache.org/maven2/com/jayway/jsonpath/json-path/2.9.0/json-path-2.9.0-sources.jar (135 kB at 1.5 MB/s)
2026.04.19 13:47:01 INFO  [INFO] SUCCESS: com.jayway.jsonpath:json-path:jar:2.9.0:test (sources = true)
2026.04.19 13:47:01 INFO  [INFO] Resolving artifact: org.apache.tomcat.embed:tomcat-embed-el:jar:10.1.53:compile (sources = false)
2026.04.19 13:47:01 INFO  [INFO] SUCCESS: org.apache.tomcat.embed:tomcat-embed-el:jar:10.1.53:compile (sources = false)
2026.04.19 13:47:01 INFO  [INFO] Resolving artifact: org.apache.tomcat.embed:tomcat-embed-el:jar:10.1.53:compile (sources = true)
2026.04.19 13:47:01 INFO  Downloading from central: https://repo.maven.apache.org/maven2/org/apache/tomcat/embed/tomcat-embed-el/10.1.53/tomcat-embed-el-10.1.53-sources.jar
2026.04.19 13:47:01 INFO  Progress (1): 8.2/231 kB
2026.04.19 13:47:01 INFO  Progress (1): 25/231 kB 
2026.04.19 13:47:01 INFO  Progress (1): 41/231 kB
2026.04.19 13:47:01 INFO  Progress (1): 57/231 kB
2026.04.19 13:47:01 INFO  Progress (1): 74/231 kB
2026.04.19 13:47:01 INFO  Progress (1): 90/231 kB
2026.04.19 13:47:01 INFO  Progress (1): 106/231 kB
2026.04.19 13:47:01 INFO  Progress (1): 123/231 kB
2026.04.19 13:47:01 INFO  Progress (1): 131/231 kB
2026.04.19 13:47:01 INFO  Progress (1): 147/231 kB
2026.04.19 13:47:01 INFO  Progress (1): 164/231 kB
2026.04.19 13:47:01 INFO  Progress (1): 180/231 kB
2026.04.19 13:47:01 INFO  Progress (1): 197/231 kB
2026.04.19 13:47:01 INFO  Progress (1): 213/231 kB
2026.04.19 13:47:01 INFO  Progress (1): 229/231 kB
2026.04.19 13:47:01 INFO  Progress (1): 231 kB    
2026.04.19 13:47:01 INFO                      
2026.04.19 13:47:01 INFO  Downloaded from central: https://repo.maven.apache.org/maven2/org/apache/tomcat/embed/tomcat-embed-el/10.1.53/tomcat-embed-el-10.1.53-sources.jar (231 kB at 2.4 MB/s)
2026.04.19 13:47:01 INFO  [INFO] SUCCESS: org.apache.tomcat.embed:tomcat-embed-el:jar:10.1.53:compile (sources = true)
2026.04.19 13:47:01 INFO  [INFO] Resolving artifact: org.springframework.boot:spring-boot-starter-test:jar:3.5.13:test (sources = false)
2026.04.19 13:47:01 INFO  [INFO] SUCCESS: org.springframework.boot:spring-boot-starter-test:jar:3.5.13:test (sources = false)
2026.04.19 13:47:01 INFO  [INFO] Resolving artifact: org.springframework.boot:spring-boot-starter-test:jar:3.5.13:test (sources = true)
2026.04.19 13:47:01 INFO  Downloading from central: https://repo.maven.apache.org/maven2/org/springframework/boot/spring-boot-starter-test/3.5.13/spring-boot-starter-test-3.5.13-sources.jar
2026.04.19 13:47:01 INFO  Progress (1): 3.4/4.8 kB
2026.04.19 13:47:01 INFO  Progress (1): 4.8 kB    
2026.04.19 13:47:01 INFO                      
2026.04.19 13:47:01 INFO  Downloaded from central: https://repo.maven.apache.org/maven2/org/springframework/boot/spring-boot-starter-test/3.5.13/spring-boot-starter-test-3.5.13-sources.jar (4.8 kB at 60 kB/s)
2026.04.19 13:47:01 INFO  [INFO] SUCCESS: org.springframework.boot:spring-boot-starter-test:jar:3.5.13:test (sources = true)
2026.04.19 13:47:01 INFO  [INFO] Resolving artifact: jakarta.activation:jakarta.activation-api:jar:2.1.4:test (sources = false)
2026.04.19 13:47:01 INFO  [INFO] SUCCESS: jakarta.activation:jakarta.activation-api:jar:2.1.4:test (sources = false)
2026.04.19 13:47:01 INFO  [INFO] Resolving artifact: jakarta.activation:jakarta.activation-api:jar:2.1.4:test (sources = true)
2026.04.19 13:47:01 INFO  Downloading from central: https://repo.maven.apache.org/maven2/jakarta/activation/jakarta.activation-api/2.1.4/jakarta.activation-api-2.1.4-sources.jar
2026.04.19 13:47:01 INFO  Progress (1): 7.7/60 kB
2026.04.19 13:47:01 INFO  Progress (1): 12/60 kB 
2026.04.19 13:47:01 INFO  Progress (1): 29/60 kB
2026.04.19 13:47:01 INFO  Progress (1): 45/60 kB
2026.04.19 13:47:01 INFO  Progress (1): 60 kB   
2026.04.19 13:47:01 INFO                     
2026.04.19 13:47:01 INFO  Downloaded from central: https://repo.maven.apache.org/maven2/jakarta/activation/jakarta.activation-api/2.1.4/jakarta.activation-api-2.1.4-sources.jar (60 kB at 722 kB/s)
2026.04.19 13:47:01 INFO  [INFO] SUCCESS: jakarta.activation:jakarta.activation-api:jar:2.1.4:test (sources = true)
2026.04.19 13:47:01 INFO  [INFO] Resolving artifact: org.springframework.boot:spring-boot-devtools:jar:3.5.13:runtime (sources = false)
2026.04.19 13:47:01 INFO  [INFO] SUCCESS: org.springframework.boot:spring-boot-devtools:jar:3.5.13:runtime (sources = false)
2026.04.19 13:47:01 INFO  [INFO] Resolving artifact: org.springframework.boot:spring-boot-devtools:jar:3.5.13:runtime (sources = true)
2026.04.19 13:47:01 INFO  Downloading from central: https://repo.maven.apache.org/maven2/org/springframework/boot/spring-boot-devtools/3.5.13/spring-boot-devtools-3.5.13-sources.jar
2026.04.19 13:47:01 INFO  Progress (1): 7.7/140 kB
2026.04.19 13:47:01 INFO  Progress (1): 16/140 kB 
2026.04.19 13:47:01 INFO  Progress (1): 25/140 kB
2026.04.19 13:47:01 INFO  Progress (1): 41/140 kB
2026.04.19 13:47:01 INFO  Progress (1): 57/140 kB
2026.04.19 13:47:01 INFO  Progress (1): 74/140 kB
2026.04.19 13:47:01 INFO  Progress (1): 90/140 kB
2026.04.19 13:47:01 INFO  Progress (1): 106/140 kB
2026.04.19 13:47:01 INFO  Progress (1): 123/140 kB
2026.04.19 13:47:01 INFO  Progress (1): 139/140 kB
2026.04.19 13:47:01 INFO  Progress (1): 140 kB    
2026.04.19 13:47:01 INFO                      
2026.04.19 13:47:01 INFO  Downloaded from central: https://repo.maven.apache.org/maven2/org/springframework/boot/spring-boot-devtools/3.5.13/spring-boot-devtools-3.5.13-sources.jar (140 kB at 1.6 MB/s)
2026.04.19 13:47:01 INFO  [INFO] SUCCESS: org.springframework.boot:spring-boot-devtools:jar:3.5.13:runtime (sources = true)
2026.04.19 13:47:01 INFO  [INFO] Resolving artifact: org.apiguardian:apiguardian-api:jar:1.1.2:test (sources = false)
2026.04.19 13:47:01 INFO  [INFO] SUCCESS: org.apiguardian:apiguardian-api:jar:1.1.2:test (sources = false)
2026.04.19 13:47:01 INFO  [INFO] Resolving artifact: org.apiguardian:apiguardian-api:jar:1.1.2:test (sources = true)
2026.04.19 13:47:01 INFO  Downloading from central: https://repo.maven.apache.org/maven2/org/apiguardian/apiguardian-api/1.1.2/apiguardian-api-1.1.2-sources.jar
2026.04.19 13:47:01 INFO  Progress (1): 6.6 kB
2026.04.19 13:47:01 INFO                      
2026.04.19 13:47:01 INFO  Downloaded from central: https://repo.maven.apache.org/maven2/org/apiguardian/apiguardian-api/1.1.2/apiguardian-api-1.1.2-sources.jar (6.6 kB at 85 kB/s)
2026.04.19 13:47:01 INFO  [INFO] SUCCESS: org.apiguardian:apiguardian-api:jar:1.1.2:test (sources = true)
2026.04.19 13:47:01 INFO  [INFO] Resolving artifact: org.projectlombok:lombok:jar:1.18.44:compile (sources = false)
2026.04.19 13:47:01 INFO  [INFO] SUCCESS: org.projectlombok:lombok:jar:1.18.44:compile (sources = false)
2026.04.19 13:47:01 INFO  [INFO] Resolving artifact: org.projectlombok:lombok:jar:1.18.44:compile (sources = true)
2026.04.19 13:47:01 INFO  [INFO] SUCCESS: org.projectlombok:lombok:jar:1.18.44:compile (sources = true)
2026.04.19 13:47:01 INFO  [INFO] Resolving artifact: org.junit.platform:junit-platform-engine:jar:1.12.2:test (sources = false)
2026.04.19 13:47:01 INFO  [INFO] SUCCESS: org.junit.platform:junit-platform-engine:jar:1.12.2:test (sources = false)
2026.04.19 13:47:01 INFO  [INFO] Resolving artifact: org.junit.platform:junit-platform-engine:jar:1.12.2:test (sources = true)
2026.04.19 13:47:01 INFO  Downloading from central: https://repo.maven.apache.org/maven2/org/junit/platform/junit-platform-engine/1.12.2/junit-platform-engine-1.12.2-sources.jar
2026.04.19 13:47:02 INFO  Progress (1): 7.7/160 kB
2026.04.19 13:47:02 INFO  Progress (1): 16/160 kB 
2026.04.19 13:47:02 INFO  Progress (1): 29/160 kB
2026.04.19 13:47:02 INFO  Progress (1): 45/160 kB
2026.04.19 13:47:02 INFO  Progress (1): 61/160 kB
2026.04.19 13:47:02 INFO  Progress (1): 78/160 kB
2026.04.19 13:47:02 INFO  Progress (1): 94/160 kB
2026.04.19 13:47:02 INFO  Progress (1): 111/160 kB
2026.04.19 13:47:02 INFO  Progress (1): 127/160 kB
2026.04.19 13:47:02 INFO  Progress (1): 143/160 kB
2026.04.19 13:47:02 INFO  Progress (1): 160 kB    
2026.04.19 13:47:02 INFO                      
2026.04.19 13:47:02 INFO  Downloaded from central: https://repo.maven.apache.org/maven2/org/junit/platform/junit-platform-engine/1.12.2/junit-platform-engine-1.12.2-sources.jar (160 kB at 968 kB/s)
2026.04.19 13:47:02 INFO  [INFO] SUCCESS: org.junit.platform:junit-platform-engine:jar:1.12.2:test (sources = true)
2026.04.19 13:47:02 INFO  [INFO] Resolving artifact: io.netty:netty-codec-socks:jar:4.1.132.Final:compile (sources = false)
2026.04.19 13:47:02 INFO  [INFO] SUCCESS: io.netty:netty-codec-socks:jar:4.1.132.Final:compile (sources = false)
2026.04.19 13:47:02 INFO  [INFO] Resolving artifact: io.netty:netty-codec-socks:jar:4.1.132.Final:compile (sources = true)
2026.04.19 13:47:02 INFO  Downloading from central: https://repo.maven.apache.org/maven2/io/netty/netty-codec-socks/4.1.132.Final/netty-codec-socks-4.1.132.Final-sources.jar
2026.04.19 13:47:02 INFO  Progress (1): 7.7/87 kB
2026.04.19 13:47:02 INFO  Progress (1): 8.2/87 kB
2026.04.19 13:47:02 INFO  Progress (1): 25/87 kB 
2026.04.19 13:47:02 INFO  Progress (1): 41/87 kB
2026.04.19 13:47:02 INFO  Progress (1): 57/87 kB
2026.04.19 13:47:02 INFO  Progress (1): 66/87 kB
2026.04.19 13:47:02 INFO  Progress (1): 82/87 kB
2026.04.19 13:47:02 INFO  Progress (1): 87 kB   
2026.04.19 13:47:02 INFO                     
2026.04.19 13:47:02 INFO  Downloaded from central: https://repo.maven.apache.org/maven2/io/netty/netty-codec-socks/4.1.132.Final/netty-codec-socks-4.1.132.Final-sources.jar (87 kB at 1.0 MB/s)
2026.04.19 13:47:02 INFO  [INFO] SUCCESS: io.netty:netty-codec-socks:jar:4.1.132.Final:compile (sources = true)
2026.04.19 13:47:02 INFO  [INFO] Resolving artifact: io.netty:netty-transport:jar:4.1.132.Final:compile (sources = false)
2026.04.19 13:47:02 INFO  [INFO] SUCCESS: io.netty:netty-transport:jar:4.1.132.Final:compile (sources = false)
2026.04.19 13:47:02 INFO  [INFO] Resolving artifact: io.netty:netty-transport:jar:4.1.132.Final:compile (sources = true)
2026.04.19 13:47:02 INFO  Downloading from central: https://repo.maven.apache.org/maven2/io/netty/netty-transport/4.1.132.Final/netty-transport-4.1.132.Final-sources.jar
2026.04.19 13:47:02 INFO  Progress (1): 7.7/343 kB
2026.04.19 13:47:02 INFO  Progress (1): 8.2/343 kB
2026.04.19 13:47:02 INFO  Progress (1): 25/343 kB 
2026.04.19 13:47:02 INFO  Progress (1): 41/343 kB
2026.04.19 13:47:02 INFO  Progress (1): 57/343 kB
2026.04.19 13:47:02 INFO  Progress (1): 66/343 kB
2026.04.19 13:47:02 INFO  Progress (1): 82/343 kB
2026.04.19 13:47:02 INFO  Progress (1): 98/343 kB
2026.04.19 13:47:02 INFO  Progress (1): 115/343 kB
2026.04.19 13:47:02 INFO  Progress (1): 131/343 kB
2026.04.19 13:47:02 INFO  Progress (1): 147/343 kB
2026.04.19 13:47:02 INFO  Progress (1): 164/343 kB
2026.04.19 13:47:02 INFO  Progress (1): 180/343 kB
2026.04.19 13:47:02 INFO  Progress (1): 197/343 kB
2026.04.19 13:47:02 INFO  Progress (1): 213/343 kB
2026.04.19 13:47:02 INFO  Progress (1): 229/343 kB
2026.04.19 13:47:02 INFO  Progress (1): 246/343 kB
2026.04.19 13:47:02 INFO  Progress (1): 262/343 kB
2026.04.19 13:47:02 INFO  Progress (1): 279/343 kB
2026.04.19 13:47:02 INFO  Progress (1): 295/343 kB
2026.04.19 13:47:02 INFO  Progress (1): 311/343 kB
2026.04.19 13:47:02 INFO  Progress (1): 328/343 kB
2026.04.19 13:47:02 INFO  Progress (1): 343 kB    
2026.04.19 13:47:02 INFO                      
2026.04.19 13:47:02 INFO  Downloaded from central: https://repo.maven.apache.org/maven2/io/netty/netty-transport/4.1.132.Final/netty-transport-4.1.132.Final-sources.jar (343 kB at 3.3 MB/s)
2026.04.19 13:47:02 INFO  [INFO] SUCCESS: io.netty:netty-transport:jar:4.1.132.Final:compile (sources = true)
2026.04.19 13:47:02 INFO  [INFO] Resolving artifact: io.netty:netty-handler-proxy:jar:4.1.132.Final:compile (sources = false)
2026.04.19 13:47:02 INFO  [INFO] SUCCESS: io.netty:netty-handler-proxy:jar:4.1.132.Final:compile (sources = false)
2026.04.19 13:47:02 INFO  [INFO] Resolving artifact: io.netty:netty-handler-proxy:jar:4.1.132.Final:compile (sources = true)
2026.04.19 13:47:02 INFO  Downloading from central: https://repo.maven.apache.org/maven2/io/netty/netty-handler-proxy/4.1.132.Final/netty-handler-proxy-4.1.132.Final-sources.jar
2026.04.19 13:47:02 INFO  Progress (1): 7.7/17 kB
2026.04.19 13:47:02 INFO  Progress (1): 16/17 kB 
2026.04.19 13:47:02 INFO  Progress (1): 17 kB   
2026.04.19 13:47:02 INFO                     
2026.04.19 13:47:02 INFO  Downloaded from central: https://repo.maven.apache.org/maven2/io/netty/netty-handler-proxy/4.1.132.Final/netty-handler-proxy-4.1.132.Final-sources.jar (17 kB at 210 kB/s)
2026.04.19 13:47:02 INFO  [INFO] SUCCESS: io.netty:netty-handler-proxy:jar:4.1.132.Final:compile (sources = true)
2026.04.19 13:47:02 INFO  [INFO] Resolving artifact: io.netty:netty-transport-native-unix-common:jar:4.1.132.Final:compile (sources = false)
2026.04.19 13:47:02 INFO  [INFO] SUCCESS: io.netty:netty-transport-native-unix-common:jar:4.1.132.Final:compile (sources = false)
2026.04.19 13:47:02 INFO  [INFO] Resolving artifact: io.netty:netty-transport-native-unix-common:jar:4.1.132.Final:compile (sources = true)
2026.04.19 13:47:02 INFO  Downloading from central: https://repo.maven.apache.org/maven2/io/netty/netty-transport-native-unix-common/4.1.132.Final/netty-transport-native-unix-common-4.1.132.Final-sources.jar
2026.04.19 13:47:02 INFO  Progress (1): 7.7/70 kB
2026.04.19 13:47:02 INFO  Progress (1): 16/70 kB 
2026.04.19 13:47:02 INFO  Progress (1): 25/70 kB
2026.04.19 13:47:02 INFO  Progress (1): 41/70 kB
2026.04.19 13:47:02 INFO  Progress (1): 57/70 kB
2026.04.19 13:47:02 INFO  Progress (1): 70 kB   
2026.04.19 13:47:02 INFO                     
2026.04.19 13:47:02 INFO  Downloaded from central: https://repo.maven.apache.org/maven2/io/netty/netty-transport-native-unix-common/4.1.132.Final/netty-transport-native-unix-common-4.1.132.Final-sources.jar (70 kB at 831 kB/s)
2026.04.19 13:47:02 INFO  [INFO] SUCCESS: io.netty:netty-transport-native-unix-common:jar:4.1.132.Final:compile (sources = true)
2026.04.19 13:47:02 INFO  [INFO] Resolving artifact: com.vaadin.external.google:android-json:jar:0.0.20131108.vaadin1:test (sources = false)
2026.04.19 13:47:02 INFO  [INFO] SUCCESS: com.vaadin.external.google:android-json:jar:0.0.20131108.vaadin1:test (sources = false)
2026.04.19 13:47:02 INFO  [INFO] Resolving artifact: com.vaadin.external.google:android-json:jar:0.0.20131108.vaadin1:test (sources = true)
2026.04.19 13:47:02 INFO  Downloading from central: https://repo.maven.apache.org/maven2/com/vaadin/external/google/android-json/0.0.20131108.vaadin1/android-json-0.0.20131108.vaadin1-sources.jar
2026.04.19 13:47:02 INFO  Progress (1): 7.7/22 kB
2026.04.19 13:47:02 INFO  Progress (1): 12/22 kB 
2026.04.19 13:47:02 INFO  Progress (1): 22 kB   
2026.04.19 13:47:02 INFO                     
2026.04.19 13:47:02 INFO  Downloaded from central: https://repo.maven.apache.org/maven2/com/vaadin/external/google/android-json/0.0.20131108.vaadin1/android-json-0.0.20131108.vaadin1-sources.jar (22 kB at 272 kB/s)
2026.04.19 13:47:02 INFO  [INFO] SUCCESS: com.vaadin.external.google:android-json:jar:0.0.20131108.vaadin1:test (sources = true)
2026.04.19 13:47:02 INFO  [INFO] Resolving artifact: org.apache.logging.log4j:log4j-api:jar:2.24.3:compile (sources = false)
2026.04.19 13:47:02 INFO  [INFO] SUCCESS: org.apache.logging.log4j:log4j-api:jar:2.24.3:compile (sources = false)
2026.04.19 13:47:02 INFO  [INFO] Resolving artifact: org.apache.logging.log4j:log4j-api:jar:2.24.3:compile (sources = true)
2026.04.19 13:47:02 INFO  Downloading from central: https://repo.maven.apache.org/maven2/org/apache/logging/log4j/log4j-api/2.24.3/log4j-api-2.24.3-sources.jar
2026.04.19 13:47:02 INFO  Progress (1): 7.7/292 kB
2026.04.19 13:47:02 INFO  Progress (1): 16/292 kB 
2026.04.19 13:47:02 INFO  Progress (1): 29/292 kB
2026.04.19 13:47:02 INFO  Progress (1): 45/292 kB
2026.04.19 13:47:02 INFO  Progress (1): 61/292 kB
2026.04.19 13:47:02 INFO  Progress (1): 78/292 kB
2026.04.19 13:47:02 INFO  Progress (1): 94/292 kB
2026.04.19 13:47:02 INFO  Progress (1): 111/292 kB
2026.04.19 13:47:02 INFO  Progress (1): 127/292 kB
2026.04.19 13:47:02 INFO  Progress (1): 143/292 kB
2026.04.19 13:47:02 INFO  Progress (1): 160/292 kB
2026.04.19 13:47:02 INFO  Progress (1): 176/292 kB
2026.04.19 13:47:02 INFO  Progress (1): 193/292 kB
2026.04.19 13:47:02 INFO  Progress (1): 209/292 kB
2026.04.19 13:47:02 INFO  Progress (1): 225/292 kB
2026.04.19 13:47:02 INFO  Progress (1): 242/292 kB
2026.04.19 13:47:02 INFO  Progress (1): 258/292 kB
2026.04.19 13:47:02 INFO  Progress (1): 274/292 kB
2026.04.19 13:47:02 INFO  Progress (1): 291/292 kB
2026.04.19 13:47:02 INFO  Progress (1): 292 kB    
2026.04.19 13:47:02 INFO                      
2026.04.19 13:47:02 INFO  Downloaded from central: https://repo.maven.apache.org/maven2/org/apache/logging/log4j/log4j-api/2.24.3/log4j-api-2.24.3-sources.jar (292 kB at 2.8 MB/s)
2026.04.19 13:47:02 INFO  [INFO] SUCCESS: org.apache.logging.log4j:log4j-api:jar:2.24.3:compile (sources = true)
2026.04.19 13:47:02 INFO  [INFO] Resolving artifact: net.bytebuddy:byte-buddy-agent:jar:1.17.8:test (sources = false)
2026.04.19 13:47:02 INFO  [INFO] SUCCESS: net.bytebuddy:byte-buddy-agent:jar:1.17.8:test (sources = false)
2026.04.19 13:47:02 INFO  [INFO] Resolving artifact: net.bytebuddy:byte-buddy-agent:jar:1.17.8:test (sources = true)
2026.04.19 13:47:02 INFO  Downloading from central: https://repo.maven.apache.org/maven2/net/bytebuddy/byte-buddy-agent/1.17.8/byte-buddy-agent-1.17.8-sources.jar
2026.04.19 13:47:02 INFO  Progress (1): 7.7/250 kB
2026.04.19 13:47:02 INFO  Progress (1): 12/250 kB 
2026.04.19 13:47:02 INFO  Progress (1): 29/250 kB
2026.04.19 13:47:02 INFO  Progress (1): 45/250 kB
2026.04.19 13:47:02 INFO  Progress (1): 61/250 kB
2026.04.19 13:47:02 INFO  Progress (1): 66/250 kB
2026.04.19 13:47:02 INFO  Progress (1): 82/250 kB
2026.04.19 13:47:02 INFO  Progress (1): 98/250 kB
2026.04.19 13:47:02 INFO  Progress (1): 102/250 kB
2026.04.19 13:47:02 INFO  Progress (1): 118/250 kB
2026.04.19 13:47:02 INFO  Progress (1): 135/250 kB
2026.04.19 13:47:02 INFO  Progress (1): 151/250 kB
2026.04.19 13:47:02 INFO  Progress (1): 168/250 kB
2026.04.19 13:47:02 INFO  Progress (1): 184/250 kB
2026.04.19 13:47:02 INFO  Progress (1): 200/250 kB
2026.04.19 13:47:02 INFO  Progress (1): 217/250 kB
2026.04.19 13:47:02 INFO  Progress (1): 233/250 kB
2026.04.19 13:47:02 INFO  Progress (1): 250/250 kB
2026.04.19 13:47:02 INFO  Progress (1): 250 kB    
2026.04.19 13:47:02 INFO                      
2026.04.19 13:47:02 INFO  Downloaded from central: https://repo.maven.apache.org/maven2/net/bytebuddy/byte-buddy-agent/1.17.8/byte-buddy-agent-1.17.8-sources.jar (250 kB at 2.5 MB/s)
2026.04.19 13:47:02 INFO  [INFO] SUCCESS: net.bytebuddy:byte-buddy-agent:jar:1.17.8:test (sources = true)
2026.04.19 13:47:02 INFO  [INFO] Resolving artifact: org.springframework.boot:spring-boot:jar:3.5.13:compile (sources = false)
2026.04.19 13:47:02 INFO  [INFO] SUCCESS: org.springframework.boot:spring-boot:jar:3.5.13:compile (sources = false)
2026.04.19 13:47:02 INFO  [INFO] Resolving artifact: org.springframework.boot:spring-boot:jar:3.5.13:compile (sources = true)
2026.04.19 13:47:02 INFO  Downloading from central: https://repo.maven.apache.org/maven2/org/springframework/boot/spring-boot/3.5.13/spring-boot-3.5.13-sources.jar
2026.04.19 13:47:02 INFO  Progress (1): 0/1.3 MB
2026.04.19 13:47:02 INFO  Progress (1): 0/1.3 MB
2026.04.19 13:47:02 INFO  Progress (1): 0/1.3 MB
2026.04.19 13:47:02 INFO  Progress (1): 0/1.3 MB
2026.04.19 13:47:02 INFO  Progress (1): 0.1/1.3 MB
2026.04.19 13:47:02 INFO  Progress (1): 0.1/1.3 MB
2026.04.19 13:47:02 INFO  Progress (1): 0.1/1.3 MB
2026.04.19 13:47:02 INFO  Progress (1): 0.1/1.3 MB
2026.04.19 13:47:02 INFO  Progress (1): 0.1/1.3 MB
2026.04.19 13:47:02 INFO  Progress (1): 0.1/1.3 MB
2026.04.19 13:47:02 INFO  Progress (1): 0.1/1.3 MB
2026.04.19 13:47:02 INFO  Progress (1): 0.2/1.3 MB
2026.04.19 13:47:02 INFO  Progress (1): 0.2/1.3 MB
2026.04.19 13:47:02 INFO  Progress (1): 0.2/1.3 MB
2026.04.19 13:47:02 INFO  Progress (1): 0.2/1.3 MB
2026.04.19 13:47:02 INFO  Progress (1): 0.2/1.3 MB
2026.04.19 13:47:02 INFO  Progress (1): 0.2/1.3 MB
2026.04.19 13:47:02 INFO  Progress (1): 0.3/1.3 MB
2026.04.19 13:47:02 INFO  Progress (1): 0.3/1.3 MB
2026.04.19 13:47:02 INFO  Progress (1): 0.3/1.3 MB
2026.04.19 13:47:02 INFO  Progress (1): 0.3/1.3 MB
2026.04.19 13:47:02 INFO  Progress (1): 0.3/1.3 MB
2026.04.19 13:47:02 INFO  Progress (1): 0.3/1.3 MB
2026.04.19 13:47:02 INFO  Progress (1): 0.4/1.3 MB
2026.04.19 13:47:02 INFO  Progress (1): 0.4/1.3 MB
2026.04.19 13:47:02 INFO  Progress (1): 0.4/1.3 MB
2026.04.19 13:47:02 INFO  Progress (1): 0.4/1.3 MB
2026.04.19 13:47:02 INFO  Progress (1): 0.4/1.3 MB
2026.04.19 13:47:02 INFO  Progress (1): 0.4/1.3 MB
2026.04.19 13:47:02 INFO  Progress (1): 0.5/1.3 MB
2026.04.19 13:47:02 INFO  Progress (1): 0.5/1.3 MB
2026.04.19 13:47:02 INFO  Progress (1): 0.5/1.3 MB
2026.04.19 13:47:02 INFO  Progress (1): 0.5/1.3 MB
2026.04.19 13:47:02 INFO  Progress (1): 0.5/1.3 MB
2026.04.19 13:47:02 INFO  Progress (1): 0.5/1.3 MB
2026.04.19 13:47:02 INFO  Progress (1): 0.6/1.3 MB
2026.04.19 13:47:02 INFO  Progress (1): 0.6/1.3 MB
2026.04.19 13:47:02 INFO  Progress (1): 0.6/1.3 MB
2026.04.19 13:47:02 INFO  Progress (1): 0.6/1.3 MB
2026.04.19 13:47:02 INFO  Progress (1): 0.6/1.3 MB
2026.04.19 13:47:02 INFO  Progress (1): 0.6/1.3 MB
2026.04.19 13:47:02 INFO  Progress (1): 0.7/1.3 MB
2026.04.19 13:47:02 INFO  Progress (1): 0.7/1.3 MB
2026.04.19 13:47:02 INFO  Progress (1): 0.7/1.3 MB
2026.04.19 13:47:02 INFO  Progress (1): 0.7/1.3 MB
2026.04.19 13:47:02 INFO  Progress (1): 0.7/1.3 MB
2026.04.19 13:47:02 INFO  Progress (1): 0.7/1.3 MB
2026.04.19 13:47:02 INFO  Progress (1): 0.8/1.3 MB
2026.04.19 13:47:02 INFO  Progress (1): 0.8/1.3 MB
2026.04.19 13:47:02 INFO  Progress (1): 0.8/1.3 MB
2026.04.19 13:47:02 INFO  Progress (1): 0.8/1.3 MB
2026.04.19 13:47:02 INFO  Progress (1): 0.8/1.3 MB
2026.04.19 13:47:02 INFO  Progress (1): 0.8/1.3 MB
2026.04.19 13:47:02 INFO  Progress (1): 0.9/1.3 MB
2026.04.19 13:47:02 INFO  Progress (1): 0.9/1.3 MB
2026.04.19 13:47:02 INFO  Progress (1): 0.9/1.3 MB
2026.04.19 13:47:02 INFO  Progress (1): 0.9/1.3 MB
2026.04.19 13:47:02 INFO  Progress (1): 0.9/1.3 MB
2026.04.19 13:47:02 INFO  Progress (1): 0.9/1.3 MB
2026.04.19 13:47:02 INFO  Progress (1): 1.0/1.3 MB
2026.04.19 13:47:02 INFO  Progress (1): 1.0/1.3 MB
2026.04.19 13:47:02 INFO  Progress (1): 1.0/1.3 MB
2026.04.19 13:47:02 INFO  Progress (1): 1.0/1.3 MB
2026.04.19 13:47:02 INFO  Progress (1): 1.0/1.3 MB
2026.04.19 13:47:02 INFO  Progress (1): 1.0/1.3 MB
2026.04.19 13:47:02 INFO  Progress (1): 1.0/1.3 MB
2026.04.19 13:47:02 INFO  Progress (1): 1.1/1.3 MB
2026.04.19 13:47:02 INFO  Progress (1): 1.1/1.3 MB
2026.04.19 13:47:02 INFO  Progress (1): 1.1/1.3 MB
2026.04.19 13:47:02 INFO  Progress (1): 1.1/1.3 MB
2026.04.19 13:47:02 INFO  Progress (1): 1.1/1.3 MB
2026.04.19 13:47:02 INFO  Progress (1): 1.1/1.3 MB
2026.04.19 13:47:02 INFO  Progress (1): 1.2/1.3 MB
2026.04.19 13:47:02 INFO  Progress (1): 1.2/1.3 MB
2026.04.19 13:47:02 INFO  Progress (1): 1.2/1.3 MB
2026.04.19 13:47:02 INFO  Progress (1): 1.2/1.3 MB
2026.04.19 13:47:02 INFO  Progress (1): 1.2/1.3 MB
2026.04.19 13:47:02 INFO  Progress (1): 1.2/1.3 MB
2026.04.19 13:47:02 INFO  Progress (1): 1.3 MB    
2026.04.19 13:47:02 INFO                      
2026.04.19 13:47:02 INFO  Downloaded from central: https://repo.maven.apache.org/maven2/org/springframework/boot/spring-boot/3.5.13/spring-boot-3.5.13-sources.jar (1.3 MB at 6.7 MB/s)
2026.04.19 13:47:02 INFO  [INFO] SUCCESS: org.springframework.boot:spring-boot:jar:3.5.13:compile (sources = true)
2026.04.19 13:47:02 INFO  [INFO] Resolving artifact: io.netty:netty-codec-dns:jar:4.1.132.Final:compile (sources = false)
2026.04.19 13:47:02 INFO  [INFO] SUCCESS: io.netty:netty-codec-dns:jar:4.1.132.Final:compile (sources = false)
2026.04.19 13:47:02 INFO  [INFO] Resolving artifact: io.netty:netty-codec-dns:jar:4.1.132.Final:compile (sources = true)
2026.04.19 13:47:02 INFO  Downloading from central: https://repo.maven.apache.org/maven2/io/netty/netty-codec-dns/4.1.132.Final/netty-codec-dns-4.1.132.Final-sources.jar
2026.04.19 13:47:03 INFO  Progress (1): 7.7/60 kB
2026.04.19 13:47:03 INFO  Progress (1): 12/60 kB 
2026.04.19 13:47:03 INFO  Progress (1): 29/60 kB
2026.04.19 13:47:03 INFO  Progress (1): 45/60 kB
2026.04.19 13:47:03 INFO  Progress (1): 60 kB   
2026.04.19 13:47:03 INFO                     
2026.04.19 13:47:03 INFO  Downloaded from central: https://repo.maven.apache.org/maven2/io/netty/netty-codec-dns/4.1.132.Final/netty-codec-dns-4.1.132.Final-sources.jar (60 kB at 704 kB/s)
2026.04.19 13:47:03 INFO  [INFO] SUCCESS: io.netty:netty-codec-dns:jar:4.1.132.Final:compile (sources = true)
2026.04.19 13:47:03 INFO  [INFO] Resolving artifact: org.reactivestreams:reactive-streams:jar:1.0.4:compile (sources = false)
2026.04.19 13:47:03 INFO  [INFO] SUCCESS: org.reactivestreams:reactive-streams:jar:1.0.4:compile (sources = false)
2026.04.19 13:47:03 INFO  [INFO] Resolving artifact: org.reactivestreams:reactive-streams:jar:1.0.4:compile (sources = true)
2026.04.19 13:47:03 INFO  [INFO] SUCCESS: org.reactivestreams:reactive-streams:jar:1.0.4:compile (sources = true)
2026.04.19 13:47:03 INFO  [INFO] Resolving artifact: io.projectreactor:reactor-test:jar:3.7.17:test (sources = false)
2026.04.19 13:47:03 INFO  [INFO] SUCCESS: io.projectreactor:reactor-test:jar:3.7.17:test (sources = false)
2026.04.19 13:47:03 INFO  [INFO] Resolving artifact: io.projectreactor:reactor-test:jar:3.7.17:test (sources = true)
2026.04.19 13:47:03 INFO  Downloading from central: https://repo.maven.apache.org/maven2/io/projectreactor/reactor-test/3.7.17/reactor-test-3.7.17-sources.jar
2026.04.19 13:47:03 INFO  Progress (1): 7.7/79 kB
2026.04.19 13:47:03 INFO  Progress (1): 16/79 kB 
2026.04.19 13:47:03 INFO  Progress (1): 24/79 kB
2026.04.19 13:47:03 INFO  Progress (1): 40/79 kB
2026.04.19 13:47:03 INFO  Progress (1): 57/79 kB
2026.04.19 13:47:03 INFO  Progress (1): 73/79 kB
2026.04.19 13:47:03 INFO  Progress (1): 79 kB   
2026.04.19 13:47:03 INFO                     
2026.04.19 13:47:03 INFO  Downloaded from central: https://repo.maven.apache.org/maven2/io/projectreactor/reactor-test/3.7.17/reactor-test-3.7.17-sources.jar (79 kB at 937 kB/s)
2026.04.19 13:47:03 INFO  [INFO] SUCCESS: io.projectreactor:reactor-test:jar:3.7.17:test (sources = true)
2026.04.19 13:47:03 INFO  [INFO] Resolving artifact: com.fasterxml.jackson.datatype:jackson-datatype-jdk8:jar:2.21.2:compile (sources = false)
2026.04.19 13:47:03 INFO  [INFO] SUCCESS: com.fasterxml.jackson.datatype:jackson-datatype-jdk8:jar:2.21.2:compile (sources = false)
2026.04.19 13:47:03 INFO  [INFO] Resolving artifact: com.fasterxml.jackson.datatype:jackson-datatype-jdk8:jar:2.21.2:compile (sources = true)
2026.04.19 13:47:03 INFO  Downloading from central: https://repo.maven.apache.org/maven2/com/fasterxml/jackson/datatype/jackson-datatype-jdk8/2.21.2/jackson-datatype-jdk8-2.21.2-sources.jar
2026.04.19 13:47:03 INFO  Progress (1): 7.7/24 kB
2026.04.19 13:47:03 INFO  Progress (1): 8.2/24 kB
2026.04.19 13:47:03 INFO  Progress (1): 24 kB    
2026.04.19 13:47:03 INFO                     
2026.04.19 13:47:03 INFO  Downloaded from central: https://repo.maven.apache.org/maven2/com/fasterxml/jackson/datatype/jackson-datatype-jdk8/2.21.2/jackson-datatype-jdk8-2.21.2-sources.jar (24 kB at 300 kB/s)
2026.04.19 13:47:03 INFO  [INFO] SUCCESS: com.fasterxml.jackson.datatype:jackson-datatype-jdk8:jar:2.21.2:compile (sources = true)
2026.04.19 13:47:03 INFO  [INFO] Generated .bloop/gan.json
2026.04.19 13:47:03 INFO  [INFO] Resolving artifact: com.fasterxml.jackson.datatype:jackson-datatype-jsr310:jar:2.21.2:compile (sources = false)
2026.04.19 13:47:03 INFO  [INFO] SUCCESS: com.fasterxml.jackson.datatype:jackson-datatype-jsr310:jar:2.21.2:compile (sources = false)
2026.04.19 13:47:03 INFO  [INFO] Resolving artifact: com.fasterxml.jackson.datatype:jackson-datatype-jsr310:jar:2.21.2:compile (sources = true)
2026.04.19 13:47:03 INFO  [INFO] SUCCESS: com.fasterxml.jackson.datatype:jackson-datatype-jsr310:jar:2.21.2:compile (sources = true)
2026.04.19 13:47:03 INFO  [INFO] Resolving artifact: org.springframework.boot:spring-boot-starter-webflux:jar:3.5.13:compile (sources = false)
2026.04.19 13:47:03 INFO  [INFO] SUCCESS: org.springframework.boot:spring-boot-starter-webflux:jar:3.5.13:compile (sources = false)
2026.04.19 13:47:03 INFO  [INFO] Resolving artifact: org.springframework.boot:spring-boot-starter-webflux:jar:3.5.13:compile (sources = true)
2026.04.19 13:47:03 INFO  [INFO] SUCCESS: org.springframework.boot:spring-boot-starter-webflux:jar:3.5.13:compile (sources = true)
2026.04.19 13:47:03 INFO  [INFO] Resolving artifact: org.springframework:spring-aop:jar:6.2.17:compile (sources = false)
2026.04.19 13:47:03 INFO  [INFO] SUCCESS: org.springframework:spring-aop:jar:6.2.17:compile (sources = false)
2026.04.19 13:47:03 INFO  [INFO] Resolving artifact: org.springframework:spring-aop:jar:6.2.17:compile (sources = true)
2026.04.19 13:47:03 INFO  [INFO] SUCCESS: org.springframework:spring-aop:jar:6.2.17:compile (sources = true)
2026.04.19 13:47:03 INFO  [INFO] Resolving artifact: io.netty:netty-common:jar:4.1.132.Final:compile (sources = false)
2026.04.19 13:47:03 INFO  [INFO] SUCCESS: io.netty:netty-common:jar:4.1.132.Final:compile (sources = false)
2026.04.19 13:47:03 INFO  [INFO] Resolving artifact: io.netty:netty-common:jar:4.1.132.Final:compile (sources = true)
2026.04.19 13:47:03 INFO  [INFO] SUCCESS: io.netty:netty-common:jar:4.1.132.Final:compile (sources = true)
2026.04.19 13:47:03 INFO  [INFO] Resolving artifact: jakarta.xml.bind:jakarta.xml.bind-api:jar:4.0.4:test (sources = false)
2026.04.19 13:47:03 INFO  [INFO] SUCCESS: jakarta.xml.bind:jakarta.xml.bind-api:jar:4.0.4:test (sources = false)
2026.04.19 13:47:03 INFO  [INFO] Resolving artifact: jakarta.xml.bind:jakarta.xml.bind-api:jar:4.0.4:test (sources = true)
2026.04.19 13:47:03 INFO  [INFO] SUCCESS: jakarta.xml.bind:jakarta.xml.bind-api:jar:4.0.4:test (sources = true)
2026.04.19 13:47:03 INFO  [INFO] Resolving artifact: org.hamcrest:hamcrest:jar:3.0:test (sources = false)
2026.04.19 13:47:03 INFO  [INFO] SUCCESS: org.hamcrest:hamcrest:jar:3.0:test (sources = false)
2026.04.19 13:47:03 INFO  [INFO] Resolving artifact: org.hamcrest:hamcrest:jar:3.0:test (sources = true)
2026.04.19 13:47:03 INFO  [INFO] SUCCESS: org.hamcrest:hamcrest:jar:3.0:test (sources = true)
2026.04.19 13:47:03 INFO  [INFO] Resolving artifact: org.yaml:snakeyaml:jar:2.4:compile (sources = false)
2026.04.19 13:47:03 INFO  [INFO] SUCCESS: org.yaml:snakeyaml:jar:2.4:compile (sources = false)
2026.04.19 13:47:03 INFO  [INFO] Resolving artifact: org.yaml:snakeyaml:jar:2.4:compile (sources = true)
2026.04.19 13:47:03 INFO  [INFO] SUCCESS: org.yaml:snakeyaml:jar:2.4:compile (sources = true)
2026.04.19 13:47:03 INFO  [INFO] Resolving artifact: net.minidev:json-smart:jar:2.5.2:test (sources = false)
2026.04.19 13:47:03 INFO  [INFO] SUCCESS: net.minidev:json-smart:jar:2.5.2:test (sources = false)
2026.04.19 13:47:03 INFO  [INFO] Resolving artifact: net.minidev:json-smart:jar:2.5.2:test (sources = true)
2026.04.19 13:47:03 INFO  [INFO] SUCCESS: net.minidev:json-smart:jar:2.5.2:test (sources = true)
2026.04.19 13:47:03 INFO  [INFO] Resolving artifact: org.objenesis:objenesis:jar:3.3:test (sources = false)
2026.04.19 13:47:03 INFO  [INFO] SUCCESS: org.objenesis:objenesis:jar:3.3:test (sources = false)
2026.04.19 13:47:03 INFO  [INFO] Resolving artifact: org.objenesis:objenesis:jar:3.3:test (sources = true)
2026.04.19 13:47:03 INFO  [INFO] SUCCESS: org.objenesis:objenesis:jar:3.3:test (sources = true)
2026.04.19 13:47:03 INFO  [INFO] Resolving artifact: io.micrometer:micrometer-commons:jar:1.15.10:compile (sources = false)
2026.04.19 13:47:03 INFO  [INFO] SUCCESS: io.micrometer:micrometer-commons:jar:1.15.10:compile (sources = false)
2026.04.19 13:47:03 INFO  [INFO] Resolving artifact: io.micrometer:micrometer-commons:jar:1.15.10:compile (sources = true)
2026.04.19 13:47:03 INFO  [INFO] SUCCESS: io.micrometer:micrometer-commons:jar:1.15.10:compile (sources = true)
2026.04.19 13:47:03 INFO  [INFO] Resolving artifact: org.apache.logging.log4j:log4j-to-slf4j:jar:2.24.3:compile (sources = false)
2026.04.19 13:47:03 INFO  [INFO] SUCCESS: org.apache.logging.log4j:log4j-to-slf4j:jar:2.24.3:compile (sources = false)
2026.04.19 13:47:03 INFO  [INFO] Resolving artifact: org.apache.logging.log4j:log4j-to-slf4j:jar:2.24.3:compile (sources = true)
2026.04.19 13:47:03 INFO  [INFO] SUCCESS: org.apache.logging.log4j:log4j-to-slf4j:jar:2.24.3:compile (sources = true)
2026.04.19 13:47:03 INFO  [INFO] Resolving artifact: org.junit.jupiter:junit-jupiter-params:jar:5.12.2:test (sources = false)
2026.04.19 13:47:03 INFO  [INFO] SUCCESS: org.junit.jupiter:junit-jupiter-params:jar:5.12.2:test (sources = false)
2026.04.19 13:47:03 INFO  [INFO] Resolving artifact: org.junit.jupiter:junit-jupiter-params:jar:5.12.2:test (sources = true)
2026.04.19 13:47:03 INFO  [INFO] SUCCESS: org.junit.jupiter:junit-jupiter-params:jar:5.12.2:test (sources = true)
2026.04.19 13:47:03 INFO  [INFO] Resolving artifact: org.slf4j:slf4j-api:jar:2.0.17:compile (sources = false)
2026.04.19 13:47:03 INFO  [INFO] SUCCESS: org.slf4j:slf4j-api:jar:2.0.17:compile (sources = false)
2026.04.19 13:47:03 INFO  [INFO] Resolving artifact: org.slf4j:slf4j-api:jar:2.0.17:compile (sources = true)
2026.04.19 13:47:03 INFO  [INFO] SUCCESS: org.slf4j:slf4j-api:jar:2.0.17:compile (sources = true)
2026.04.19 13:47:03 INFO  [INFO] Resolving artifact: com.fasterxml.jackson.core:jackson-annotations:jar:2.21:compile (sources = false)
2026.04.19 13:47:03 INFO  [INFO] SUCCESS: com.fasterxml.jackson.core:jackson-annotations:jar:2.21:compile (sources = false)
2026.04.19 13:47:03 INFO  [INFO] Resolving artifact: com.fasterxml.jackson.core:jackson-annotations:jar:2.21:compile (sources = true)
2026.04.19 13:47:03 INFO  [INFO] SUCCESS: com.fasterxml.jackson.core:jackson-annotations:jar:2.21:compile (sources = true)
2026.04.19 13:47:03 INFO  [INFO] Resolving artifact: io.netty:netty-codec-http2:jar:4.1.132.Final:compile (sources = false)
2026.04.19 13:47:03 INFO  [INFO] SUCCESS: io.netty:netty-codec-http2:jar:4.1.132.Final:compile (sources = false)
2026.04.19 13:47:03 INFO  [INFO] Resolving artifact: io.netty:netty-codec-http2:jar:4.1.132.Final:compile (sources = true)
2026.04.19 13:47:03 INFO  [INFO] SUCCESS: io.netty:netty-codec-http2:jar:4.1.132.Final:compile (sources = true)
2026.04.19 13:47:03 INFO  [INFO] Resolving artifact: org.springframework.boot:spring-boot-test:jar:3.5.13:test (sources = false)
2026.04.19 13:47:03 INFO  [INFO] SUCCESS: org.springframework.boot:spring-boot-test:jar:3.5.13:test (sources = false)
2026.04.19 13:47:03 INFO  [INFO] Resolving artifact: org.springframework.boot:spring-boot-test:jar:3.5.13:test (sources = true)
2026.04.19 13:47:03 INFO  [INFO] SUCCESS: org.springframework.boot:spring-boot-test:jar:3.5.13:test (sources = true)
2026.04.19 13:47:03 INFO  [INFO] Resolving artifact: org.springframework:spring-web:jar:6.2.17:compile (sources = false)
2026.04.19 13:47:03 INFO  [INFO] SUCCESS: org.springframework:spring-web:jar:6.2.17:compile (sources = false)
2026.04.19 13:47:03 INFO  [INFO] Resolving artifact: org.springframework:spring-web:jar:6.2.17:compile (sources = true)
2026.04.19 13:47:03 INFO  [INFO] SUCCESS: org.springframework:spring-web:jar:6.2.17:compile (sources = true)
2026.04.19 13:47:03 INFO  [INFO] Resolving artifact: io.projectreactor.netty:reactor-netty-http:jar:1.2.16:compile (sources = false)
2026.04.19 13:47:03 INFO  [INFO] SUCCESS: io.projectreactor.netty:reactor-netty-http:jar:1.2.16:compile (sources = false)
2026.04.19 13:47:03 INFO  [INFO] Resolving artifact: io.projectreactor.netty:reactor-netty-http:jar:1.2.16:compile (sources = true)
2026.04.19 13:47:03 INFO  [INFO] SUCCESS: io.projectreactor.netty:reactor-netty-http:jar:1.2.16:compile (sources = true)
2026.04.19 13:47:03 INFO  [INFO] Resolving artifact: ch.qos.logback:logback-core:jar:1.5.32:compile (sources = false)
2026.04.19 13:47:03 INFO  [INFO] SUCCESS: ch.qos.logback:logback-core:jar:1.5.32:compile (sources = false)
2026.04.19 13:47:03 INFO  [INFO] Resolving artifact: ch.qos.logback:logback-core:jar:1.5.32:compile (sources = true)
2026.04.19 13:47:03 INFO  [INFO] SUCCESS: ch.qos.logback:logback-core:jar:1.5.32:compile (sources = true)
2026.04.19 13:47:03 INFO  [INFO] Resolving artifact: org.springframework:spring-expression:jar:6.2.17:compile (sources = false)
2026.04.19 13:47:03 INFO  [INFO] SUCCESS: org.springframework:spring-expression:jar:6.2.17:compile (sources = false)
2026.04.19 13:47:03 INFO  [INFO] Resolving artifact: org.springframework:spring-expression:jar:6.2.17:compile (sources = true)
2026.04.19 13:47:03 INFO  [INFO] SUCCESS: org.springframework:spring-expression:jar:6.2.17:compile (sources = true)
2026.04.19 13:47:03 INFO  [INFO] Resolving artifact: org.apache.tomcat.embed:tomcat-embed-websocket:jar:10.1.53:compile (sources = false)
2026.04.19 13:47:03 INFO  [INFO] SUCCESS: org.apache.tomcat.embed:tomcat-embed-websocket:jar:10.1.53:compile (sources = false)
2026.04.19 13:47:03 INFO  [INFO] Resolving artifact: org.apache.tomcat.embed:tomcat-embed-websocket:jar:10.1.53:compile (sources = true)
2026.04.19 13:47:03 INFO  [INFO] SUCCESS: org.apache.tomcat.embed:tomcat-embed-websocket:jar:10.1.53:compile (sources = true)
2026.04.19 13:47:03 INFO  [INFO] Resolving artifact: org.springframework.boot:spring-boot-autoconfigure:jar:3.5.13:compile (sources = false)
2026.04.19 13:47:03 INFO  [INFO] SUCCESS: org.springframework.boot:spring-boot-autoconfigure:jar:3.5.13:compile (sources = false)
2026.04.19 13:47:03 INFO  [INFO] Resolving artifact: org.springframework.boot:spring-boot-autoconfigure:jar:3.5.13:compile (sources = true)
2026.04.19 13:47:03 INFO  [INFO] SUCCESS: org.springframework.boot:spring-boot-autoconfigure:jar:3.5.13:compile (sources = true)
2026.04.19 13:47:03 INFO  [INFO] Resolving artifact: org.springframework:spring-test:jar:6.2.17:test (sources = false)
2026.04.19 13:47:03 INFO  [INFO] SUCCESS: org.springframework:spring-test:jar:6.2.17:test (sources = false)
2026.04.19 13:47:03 INFO  [INFO] Resolving artifact: org.springframework:spring-test:jar:6.2.17:test (sources = true)
2026.04.19 13:47:03 INFO  [INFO] SUCCESS: org.springframework:spring-test:jar:6.2.17:test (sources = true)
2026.04.19 13:47:03 INFO  [INFO] Resolving artifact: org.springframework:spring-jcl:jar:6.2.17:compile (sources = false)
2026.04.19 13:47:03 INFO  [INFO] SUCCESS: org.springframework:spring-jcl:jar:6.2.17:compile (sources = false)
2026.04.19 13:47:03 INFO  [INFO] Resolving artifact: org.springframework:spring-jcl:jar:6.2.17:compile (sources = true)
2026.04.19 13:47:03 INFO  [INFO] SUCCESS: org.springframework:spring-jcl:jar:6.2.17:compile (sources = true)
2026.04.19 13:47:03 INFO  [INFO] Resolving artifact: net.minidev:accessors-smart:jar:2.5.2:test (sources = false)
2026.04.19 13:47:03 INFO  [INFO] SUCCESS: net.minidev:accessors-smart:jar:2.5.2:test (sources = false)
2026.04.19 13:47:03 INFO  [INFO] Resolving artifact: net.minidev:accessors-smart:jar:2.5.2:test (sources = true)
2026.04.19 13:47:03 INFO  [INFO] SUCCESS: net.minidev:accessors-smart:jar:2.5.2:test (sources = true)
2026.04.19 13:47:03 INFO  [INFO] Resolving artifact: org.springframework:spring-beans:jar:6.2.17:compile (sources = false)
2026.04.19 13:47:03 INFO  [INFO] SUCCESS: org.springframework:spring-beans:jar:6.2.17:compile (sources = false)
2026.04.19 13:47:03 INFO  [INFO] Resolving artifact: org.springframework:spring-beans:jar:6.2.17:compile (sources = true)
2026.04.19 13:47:03 INFO  [INFO] SUCCESS: org.springframework:spring-beans:jar:6.2.17:compile (sources = true)
2026.04.19 13:47:03 INFO  [INFO] Resolving artifact: org.springframework.boot:spring-boot-starter-json:jar:3.5.13:compile (sources = false)
2026.04.19 13:47:03 INFO  [INFO] SUCCESS: org.springframework.boot:spring-boot-starter-json:jar:3.5.13:compile (sources = false)
2026.04.19 13:47:03 INFO  [INFO] Resolving artifact: org.springframework.boot:spring-boot-starter-json:jar:3.5.13:compile (sources = true)
2026.04.19 13:47:03 INFO  [INFO] SUCCESS: org.springframework.boot:spring-boot-starter-json:jar:3.5.13:compile (sources = true)
2026.04.19 13:47:03 INFO  [INFO] Resolving artifact: org.assertj:assertj-core:jar:3.27.7:test (sources = false)
2026.04.19 13:47:03 INFO  [INFO] SUCCESS: org.assertj:assertj-core:jar:3.27.7:test (sources = false)
2026.04.19 13:47:03 INFO  [INFO] Resolving artifact: org.assertj:assertj-core:jar:3.27.7:test (sources = true)
2026.04.19 13:47:03 INFO  [INFO] SUCCESS: org.assertj:assertj-core:jar:3.27.7:test (sources = true)
2026.04.19 13:47:03 INFO  [INFO] Resolving artifact: org.mockito:mockito-junit-jupiter:jar:5.17.0:test (sources = false)
2026.04.19 13:47:03 INFO  [INFO] SUCCESS: org.mockito:mockito-junit-jupiter:jar:5.17.0:test (sources = false)
2026.04.19 13:47:03 INFO  [INFO] Resolving artifact: org.mockito:mockito-junit-jupiter:jar:5.17.0:test (sources = true)
2026.04.19 13:47:03 INFO  [INFO] SUCCESS: org.mockito:mockito-junit-jupiter:jar:5.17.0:test (sources = true)
2026.04.19 13:47:03 INFO  [INFO] Resolving artifact: org.mockito:mockito-core:jar:5.17.0:test (sources = false)
2026.04.19 13:47:03 INFO  [INFO] SUCCESS: org.mockito:mockito-core:jar:5.17.0:test (sources = false)
2026.04.19 13:47:03 INFO  [INFO] Resolving artifact: org.mockito:mockito-core:jar:5.17.0:test (sources = true)
2026.04.19 13:47:03 INFO  [INFO] SUCCESS: org.mockito:mockito-core:jar:5.17.0:test (sources = true)
2026.04.19 13:47:03 INFO  [INFO] Resolving artifact: org.ow2.asm:asm:jar:9.7.1:test (sources = false)
2026.04.19 13:47:03 INFO  [INFO] SUCCESS: org.ow2.asm:asm:jar:9.7.1:test (sources = false)
2026.04.19 13:47:03 INFO  [INFO] Resolving artifact: org.ow2.asm:asm:jar:9.7.1:test (sources = true)
2026.04.19 13:47:03 INFO  [INFO] SUCCESS: org.ow2.asm:asm:jar:9.7.1:test (sources = true)
2026.04.19 13:47:03 INFO  [INFO] Resolving artifact: org.junit.jupiter:junit-jupiter-api:jar:5.12.2:test (sources = false)
2026.04.19 13:47:03 INFO  [INFO] SUCCESS: org.junit.jupiter:junit-jupiter-api:jar:5.12.2:test (sources = false)
2026.04.19 13:47:03 INFO  [INFO] Resolving artifact: org.junit.jupiter:junit-jupiter-api:jar:5.12.2:test (sources = true)
2026.04.19 13:47:03 INFO  [INFO] SUCCESS: org.junit.jupiter:junit-jupiter-api:jar:5.12.2:test (sources = true)
2026.04.19 13:47:03 INFO  [INFO] Resolving artifact: org.slf4j:jul-to-slf4j:jar:2.0.17:compile (sources = false)
2026.04.19 13:47:03 INFO  [INFO] SUCCESS: org.slf4j:jul-to-slf4j:jar:2.0.17:compile (sources = false)
2026.04.19 13:47:03 INFO  [INFO] Resolving artifact: org.slf4j:jul-to-slf4j:jar:2.0.17:compile (sources = true)
2026.04.19 13:47:03 INFO  [INFO] SUCCESS: org.slf4j:jul-to-slf4j:jar:2.0.17:compile (sources = true)
2026.04.19 13:47:03 INFO  [INFO] Resolving artifact: org.springframework.boot:spring-boot-starter-tomcat:jar:3.5.13:compile (sources = false)
2026.04.19 13:47:03 INFO  [INFO] SUCCESS: org.springframework.boot:spring-boot-starter-tomcat:jar:3.5.13:compile (sources = false)
2026.04.19 13:47:03 INFO  [INFO] Resolving artifact: org.springframework.boot:spring-boot-starter-tomcat:jar:3.5.13:compile (sources = true)
2026.04.19 13:47:03 INFO  [INFO] SUCCESS: org.springframework.boot:spring-boot-starter-tomcat:jar:3.5.13:compile (sources = true)
2026.04.19 13:47:03 INFO  [INFO] Resolving artifact: io.projectreactor.netty:reactor-netty-core:jar:1.2.16:compile (sources = false)
2026.04.19 13:47:03 INFO  [INFO] SUCCESS: io.projectreactor.netty:reactor-netty-core:jar:1.2.16:compile (sources = false)
2026.04.19 13:47:03 INFO  [INFO] Resolving artifact: io.projectreactor.netty:reactor-netty-core:jar:1.2.16:compile (sources = true)
2026.04.19 13:47:03 INFO  [INFO] SUCCESS: io.projectreactor.netty:reactor-netty-core:jar:1.2.16:compile (sources = true)
2026.04.19 13:47:03 INFO  [INFO] Resolving artifact: org.springframework.boot:spring-boot-docker-compose:jar:3.5.13:runtime (sources = false)
2026.04.19 13:47:03 INFO  [INFO] SUCCESS: org.springframework.boot:spring-boot-docker-compose:jar:3.5.13:runtime (sources = false)
2026.04.19 13:47:03 INFO  [INFO] Resolving artifact: org.springframework.boot:spring-boot-docker-compose:jar:3.5.13:runtime (sources = true)
2026.04.19 13:47:03 INFO  [INFO] SUCCESS: org.springframework.boot:spring-boot-docker-compose:jar:3.5.13:runtime (sources = true)
2026.04.19 13:47:03 INFO  [INFO] Resolving artifact: com.fasterxml.jackson.module:jackson-module-parameter-names:jar:2.21.2:compile (sources = false)
2026.04.19 13:47:03 INFO  [INFO] SUCCESS: com.fasterxml.jackson.module:jackson-module-parameter-names:jar:2.21.2:compile (sources = false)
2026.04.19 13:47:03 INFO  [INFO] Resolving artifact: com.fasterxml.jackson.module:jackson-module-parameter-names:jar:2.21.2:compile (sources = true)
2026.04.19 13:47:03 INFO  [INFO] SUCCESS: com.fasterxml.jackson.module:jackson-module-parameter-names:jar:2.21.2:compile (sources = true)
2026.04.19 13:47:03 INFO  [INFO] Resolving artifact: org.opentest4j:opentest4j:jar:1.3.0:test (sources = false)
2026.04.19 13:47:03 INFO  [INFO] SUCCESS: org.opentest4j:opentest4j:jar:1.3.0:test (sources = false)
2026.04.19 13:47:03 INFO  [INFO] Resolving artifact: org.opentest4j:opentest4j:jar:1.3.0:test (sources = true)
2026.04.19 13:47:03 INFO  [INFO] SUCCESS: org.opentest4j:opentest4j:jar:1.3.0:test (sources = true)
2026.04.19 13:47:03 INFO  [INFO] Resolving artifact: ch.qos.logback:logback-classic:jar:1.5.32:compile (sources = false)
2026.04.19 13:47:03 INFO  [INFO] SUCCESS: ch.qos.logback:logback-classic:jar:1.5.32:compile (sources = false)
2026.04.19 13:47:03 INFO  [INFO] Resolving artifact: ch.qos.logback:logback-classic:jar:1.5.32:compile (sources = true)
2026.04.19 13:47:03 INFO  [INFO] SUCCESS: ch.qos.logback:logback-classic:jar:1.5.32:compile (sources = true)
2026.04.19 13:47:03 INFO  [INFO] Resolving artifact: org.springframework.boot:spring-boot-starter:jar:3.5.13:compile (sources = false)
2026.04.19 13:47:03 INFO  [INFO] SUCCESS: org.springframework.boot:spring-boot-starter:jar:3.5.13:compile (sources = false)
2026.04.19 13:47:03 INFO  [INFO] Resolving artifact: org.springframework.boot:spring-boot-starter:jar:3.5.13:compile (sources = true)
2026.04.19 13:47:03 INFO  [INFO] SUCCESS: org.springframework.boot:spring-boot-starter:jar:3.5.13:compile (sources = true)
2026.04.19 13:47:03 INFO  [INFO] Resolving artifact: io.netty:netty-codec-http:jar:4.1.132.Final:compile (sources = false)
2026.04.19 13:47:03 INFO  [INFO] SUCCESS: io.netty:netty-codec-http:jar:4.1.132.Final:compile (sources = false)
2026.04.19 13:47:03 INFO  [INFO] Resolving artifact: io.netty:netty-codec-http:jar:4.1.132.Final:compile (sources = true)
2026.04.19 13:47:03 INFO  [INFO] SUCCESS: io.netty:netty-codec-http:jar:4.1.132.Final:compile (sources = true)
2026.04.19 13:47:03 INFO  [INFO] Resolving artifact: org.junit.jupiter:junit-jupiter-engine:jar:5.12.2:test (sources = false)
2026.04.19 13:47:03 INFO  [INFO] SUCCESS: org.junit.jupiter:junit-jupiter-engine:jar:5.12.2:test (sources = false)
2026.04.19 13:47:03 INFO  [INFO] Resolving artifact: org.junit.jupiter:junit-jupiter-engine:jar:5.12.2:test (sources = true)
2026.04.19 13:47:03 INFO  [INFO] SUCCESS: org.junit.jupiter:junit-jupiter-engine:jar:5.12.2:test (sources = true)
2026.04.19 13:47:03 INFO  [INFO] Resolving artifact: org.springframework:spring-webmvc:jar:6.2.17:compile (sources = false)
2026.04.19 13:47:03 INFO  [INFO] SUCCESS: org.springframework:spring-webmvc:jar:6.2.17:compile (sources = false)
2026.04.19 13:47:03 INFO  [INFO] Resolving artifact: org.springframework:spring-webmvc:jar:6.2.17:compile (sources = true)
2026.04.19 13:47:03 INFO  [INFO] SUCCESS: org.springframework:spring-webmvc:jar:6.2.17:compile (sources = true)
2026.04.19 13:47:03 INFO  [INFO] Resolving artifact: org.skyscreamer:jsonassert:jar:1.5.3:test (sources = false)
2026.04.19 13:47:03 INFO  [INFO] SUCCESS: org.skyscreamer:jsonassert:jar:1.5.3:test (sources = false)
2026.04.19 13:47:03 INFO  [INFO] Resolving artifact: org.skyscreamer:jsonassert:jar:1.5.3:test (sources = true)
2026.04.19 13:47:03 INFO  [INFO] SUCCESS: org.skyscreamer:jsonassert:jar:1.5.3:test (sources = true)
2026.04.19 13:47:03 INFO  [INFO] Resolving artifact: io.netty:netty-buffer:jar:4.1.132.Final:compile (sources = false)
2026.04.19 13:47:03 INFO  [INFO] SUCCESS: io.netty:netty-buffer:jar:4.1.132.Final:compile (sources = false)
2026.04.19 13:47:03 INFO  [INFO] Resolving artifact: io.netty:netty-buffer:jar:4.1.132.Final:compile (sources = true)
2026.04.19 13:47:03 INFO  [INFO] SUCCESS: io.netty:netty-buffer:jar:4.1.132.Final:compile (sources = true)
2026.04.19 13:47:03 INFO  [INFO] Resolving artifact: io.netty:netty-handler:jar:4.1.132.Final:compile (sources = false)
2026.04.19 13:47:03 INFO  [INFO] SUCCESS: io.netty:netty-handler:jar:4.1.132.Final:compile (sources = false)
2026.04.19 13:47:03 INFO  [INFO] Resolving artifact: io.netty:netty-handler:jar:4.1.132.Final:compile (sources = true)
2026.04.19 13:47:03 INFO  [INFO] SUCCESS: io.netty:netty-handler:jar:4.1.132.Final:compile (sources = true)
2026.04.19 13:47:03 INFO  [INFO] Resolving artifact: com.fasterxml.jackson.core:jackson-databind:jar:2.21.2:compile (sources = false)
2026.04.19 13:47:03 INFO  [INFO] SUCCESS: com.fasterxml.jackson.core:jackson-databind:jar:2.21.2:compile (sources = false)
2026.04.19 13:47:03 INFO  [INFO] Resolving artifact: com.fasterxml.jackson.core:jackson-databind:jar:2.21.2:compile (sources = true)
2026.04.19 13:47:03 INFO  [INFO] SUCCESS: com.fasterxml.jackson.core:jackson-databind:jar:2.21.2:compile (sources = true)
2026.04.19 13:47:03 INFO  [INFO] Resolving artifact: io.netty:netty-resolver-dns-classes-macos:jar:4.1.132.Final:compile (sources = false)
2026.04.19 13:47:03 INFO  [INFO] SUCCESS: io.netty:netty-resolver-dns-classes-macos:jar:4.1.132.Final:compile (sources = false)
2026.04.19 13:47:03 INFO  [INFO] Resolving artifact: io.netty:netty-resolver-dns-classes-macos:jar:4.1.132.Final:compile (sources = true)
2026.04.19 13:47:03 INFO  [INFO] SUCCESS: io.netty:netty-resolver-dns-classes-macos:jar:4.1.132.Final:compile (sources = true)
2026.04.19 13:47:03 INFO  [INFO] Resolving artifact: org.springframework.boot:spring-boot-test-autoconfigure:jar:3.5.13:test (sources = false)
2026.04.19 13:47:03 INFO  [INFO] SUCCESS: org.springframework.boot:spring-boot-test-autoconfigure:jar:3.5.13:test (sources = false)
2026.04.19 13:47:03 INFO  [INFO] Resolving artifact: org.springframework.boot:spring-boot-test-autoconfigure:jar:3.5.13:test (sources = true)
2026.04.19 13:47:03 INFO  [INFO] SUCCESS: org.springframework.boot:spring-boot-test-autoconfigure:jar:3.5.13:test (sources = true)
2026.04.19 13:47:03 INFO  [INFO] Resolving artifact: io.netty:netty-transport-native-epoll:jar:linux-x86_64:4.1.132.Final:compile (sources = false)
2026.04.19 13:47:03 INFO  [INFO] SUCCESS: io.netty:netty-transport-native-epoll:jar:linux-x86_64:4.1.132.Final:compile (sources = false)
2026.04.19 13:47:03 INFO  [INFO] Resolving artifact: io.netty:netty-transport-native-epoll:jar:linux-x86_64:4.1.132.Final:compile (sources = true)
2026.04.19 13:47:03 INFO  [INFO] SUCCESS: io.netty:netty-transport-native-epoll:jar:linux-x86_64:4.1.132.Final:compile (sources = true)
2026.04.19 13:47:03 INFO  [INFO] Resolving artifact: io.netty:netty-resolver-dns:jar:4.1.132.Final:compile (sources = false)
2026.04.19 13:47:03 INFO  [INFO] SUCCESS: io.netty:netty-resolver-dns:jar:4.1.132.Final:compile (sources = false)
2026.04.19 13:47:03 INFO  [INFO] Resolving artifact: io.netty:netty-resolver-dns:jar:4.1.132.Final:compile (sources = true)
2026.04.19 13:47:03 INFO  [INFO] SUCCESS: io.netty:netty-resolver-dns:jar:4.1.132.Final:compile (sources = true)
2026.04.19 13:47:03 INFO  [INFO] Resolving artifact: io.projectreactor:reactor-core:jar:3.7.17:compile (sources = false)
2026.04.19 13:47:03 INFO  [INFO] SUCCESS: io.projectreactor:reactor-core:jar:3.7.17:compile (sources = false)
2026.04.19 13:47:03 INFO  [INFO] Resolving artifact: io.projectreactor:reactor-core:jar:3.7.17:compile (sources = true)
2026.04.19 13:47:03 INFO  [INFO] SUCCESS: io.projectreactor:reactor-core:jar:3.7.17:compile (sources = true)
2026.04.19 13:47:03 INFO  [INFO] Resolving artifact: com.fasterxml.jackson.core:jackson-core:jar:2.21.2:compile (sources = false)
2026.04.19 13:47:03 INFO  [INFO] SUCCESS: com.fasterxml.jackson.core:jackson-core:jar:2.21.2:compile (sources = false)
2026.04.19 13:47:03 INFO  [INFO] Resolving artifact: com.fasterxml.jackson.core:jackson-core:jar:2.21.2:compile (sources = true)
2026.04.19 13:47:03 INFO  [INFO] SUCCESS: com.fasterxml.jackson.core:jackson-core:jar:2.21.2:compile (sources = true)
2026.04.19 13:47:03 INFO  [INFO] Resolving artifact: org.springframework.boot:spring-boot-starter-logging:jar:3.5.13:compile (sources = false)
2026.04.19 13:47:03 INFO  [INFO] SUCCESS: org.springframework.boot:spring-boot-starter-logging:jar:3.5.13:compile (sources = false)
2026.04.19 13:47:03 INFO  [INFO] Resolving artifact: org.springframework.boot:spring-boot-starter-logging:jar:3.5.13:compile (sources = true)
2026.04.19 13:47:03 INFO  [INFO] SUCCESS: org.springframework.boot:spring-boot-starter-logging:jar:3.5.13:compile (sources = true)
2026.04.19 13:47:03 INFO  [INFO] Resolving artifact: org.springframework:spring-webflux:jar:6.2.17:compile (sources = false)
2026.04.19 13:47:03 INFO  [INFO] SUCCESS: org.springframework:spring-webflux:jar:6.2.17:compile (sources = false)
2026.04.19 13:47:03 INFO  [INFO] Resolving artifact: org.springframework:spring-webflux:jar:6.2.17:compile (sources = true)
2026.04.19 13:47:03 INFO  [INFO] SUCCESS: org.springframework:spring-webflux:jar:6.2.17:compile (sources = true)
2026.04.19 13:47:03 INFO  [INFO] Resolving artifact: org.xmlunit:xmlunit-core:jar:2.10.4:test (sources = false)
2026.04.19 13:47:03 INFO  [INFO] SUCCESS: org.xmlunit:xmlunit-core:jar:2.10.4:test (sources = false)
2026.04.19 13:47:03 INFO  [INFO] Resolving artifact: org.xmlunit:xmlunit-core:jar:2.10.4:test (sources = true)
2026.04.19 13:47:03 INFO  [INFO] SUCCESS: org.xmlunit:xmlunit-core:jar:2.10.4:test (sources = true)
2026.04.19 13:47:03 INFO  [INFO] Resolving artifact: io.netty:netty-resolver:jar:4.1.132.Final:compile (sources = false)
2026.04.19 13:47:03 INFO  [INFO] SUCCESS: io.netty:netty-resolver:jar:4.1.132.Final:compile (sources = false)
2026.04.19 13:47:03 INFO  [INFO] Resolving artifact: io.netty:netty-resolver:jar:4.1.132.Final:compile (sources = true)
2026.04.19 13:47:03 INFO  [INFO] SUCCESS: io.netty:netty-resolver:jar:4.1.132.Final:compile (sources = true)
2026.04.19 13:47:03 INFO  [INFO] Resolving artifact: jakarta.annotation:jakarta.annotation-api:jar:2.1.1:compile (sources = false)
2026.04.19 13:47:03 INFO  [INFO] SUCCESS: jakarta.annotation:jakarta.annotation-api:jar:2.1.1:compile (sources = false)
2026.04.19 13:47:03 INFO  [INFO] Resolving artifact: jakarta.annotation:jakarta.annotation-api:jar:2.1.1:compile (sources = true)
2026.04.19 13:47:03 INFO  [INFO] SUCCESS: jakarta.annotation:jakarta.annotation-api:jar:2.1.1:compile (sources = true)
2026.04.19 13:47:03 INFO  [INFO] Resolving artifact: org.awaitility:awaitility:jar:4.2.2:test (sources = false)
2026.04.19 13:47:03 INFO  [INFO] SUCCESS: org.awaitility:awaitility:jar:4.2.2:test (sources = false)
2026.04.19 13:47:03 INFO  [INFO] Resolving artifact: org.awaitility:awaitility:jar:4.2.2:test (sources = true)
2026.04.19 13:47:03 INFO  [INFO] SUCCESS: org.awaitility:awaitility:jar:4.2.2:test (sources = true)
2026.04.19 13:47:03 INFO  [INFO] Resolving artifact: io.netty:netty-codec:jar:4.1.132.Final:compile (sources = false)
2026.04.19 13:47:03 INFO  [INFO] SUCCESS: io.netty:netty-codec:jar:4.1.132.Final:compile (sources = false)
2026.04.19 13:47:03 INFO  [INFO] Resolving artifact: io.netty:netty-codec:jar:4.1.132.Final:compile (sources = true)
2026.04.19 13:47:03 INFO  [INFO] SUCCESS: io.netty:netty-codec:jar:4.1.132.Final:compile (sources = true)
2026.04.19 13:47:03 INFO  [INFO] Resolving artifact: io.micrometer:micrometer-observation:jar:1.15.10:compile (sources = false)
2026.04.19 13:47:03 INFO  [INFO] SUCCESS: io.micrometer:micrometer-observation:jar:1.15.10:compile (sources = false)
2026.04.19 13:47:03 INFO  [INFO] Resolving artifact: io.micrometer:micrometer-observation:jar:1.15.10:compile (sources = true)
2026.04.19 13:47:03 INFO  [INFO] SUCCESS: io.micrometer:micrometer-observation:jar:1.15.10:compile (sources = true)
2026.04.19 13:47:03 INFO  [INFO] Resolving artifact: org.junit.jupiter:junit-jupiter:jar:5.12.2:test (sources = false)
2026.04.19 13:47:03 INFO  [INFO] SUCCESS: org.junit.jupiter:junit-jupiter:jar:5.12.2:test (sources = false)
2026.04.19 13:47:03 INFO  [INFO] Resolving artifact: org.junit.jupiter:junit-jupiter:jar:5.12.2:test (sources = true)
2026.04.19 13:47:03 INFO  [INFO] SUCCESS: org.junit.jupiter:junit-jupiter:jar:5.12.2:test (sources = true)
2026.04.19 13:47:03 INFO  [INFO] Resolving artifact: org.springframework.boot:spring-boot-starter-web:jar:3.5.13:compile (sources = false)
2026.04.19 13:47:03 INFO  [INFO] SUCCESS: org.springframework.boot:spring-boot-starter-web:jar:3.5.13:compile (sources = false)
2026.04.19 13:47:03 INFO  [INFO] Resolving artifact: org.springframework.boot:spring-boot-starter-web:jar:3.5.13:compile (sources = true)
2026.04.19 13:47:03 INFO  [INFO] SUCCESS: org.springframework.boot:spring-boot-starter-web:jar:3.5.13:compile (sources = true)
2026.04.19 13:47:03 INFO  [INFO] Resolving artifact: org.springframework.boot:spring-boot-starter-reactor-netty:jar:3.5.13:compile (sources = false)
2026.04.19 13:47:03 INFO  [INFO] SUCCESS: org.springframework.boot:spring-boot-starter-reactor-netty:jar:3.5.13:compile (sources = false)
2026.04.19 13:47:03 INFO  [INFO] Resolving artifact: org.springframework.boot:spring-boot-starter-reactor-netty:jar:3.5.13:compile (sources = true)
2026.04.19 13:47:03 INFO  [INFO] SUCCESS: org.springframework.boot:spring-boot-starter-reactor-netty:jar:3.5.13:compile (sources = true)
2026.04.19 13:47:03 INFO  [INFO] Resolving artifact: org.apache.tomcat.embed:tomcat-embed-core:jar:10.1.53:compile (sources = false)
2026.04.19 13:47:03 INFO  [INFO] SUCCESS: org.apache.tomcat.embed:tomcat-embed-core:jar:10.1.53:compile (sources = false)
2026.04.19 13:47:03 INFO  [INFO] Resolving artifact: org.apache.tomcat.embed:tomcat-embed-core:jar:10.1.53:compile (sources = true)
2026.04.19 13:47:03 INFO  [INFO] SUCCESS: org.apache.tomcat.embed:tomcat-embed-core:jar:10.1.53:compile (sources = true)
2026.04.19 13:47:03 INFO  [INFO] Resolving artifact: org.junit.platform:junit-platform-commons:jar:1.12.2:test (sources = false)
2026.04.19 13:47:03 INFO  [INFO] SUCCESS: org.junit.platform:junit-platform-commons:jar:1.12.2:test (sources = false)
2026.04.19 13:47:03 INFO  [INFO] Resolving artifact: org.junit.platform:junit-platform-commons:jar:1.12.2:test (sources = true)
2026.04.19 13:47:03 INFO  [INFO] SUCCESS: org.junit.platform:junit-platform-commons:jar:1.12.2:test (sources = true)
2026.04.19 13:47:03 INFO  [INFO] Resolving artifact: net.bytebuddy:byte-buddy:jar:1.17.8:test (sources = false)
2026.04.19 13:47:03 INFO  [INFO] SUCCESS: net.bytebuddy:byte-buddy:jar:1.17.8:test (sources = false)
2026.04.19 13:47:03 INFO  [INFO] Resolving artifact: net.bytebuddy:byte-buddy:jar:1.17.8:test (sources = true)
2026.04.19 13:47:03 INFO  [INFO] SUCCESS: net.bytebuddy:byte-buddy:jar:1.17.8:test (sources = true)
2026.04.19 13:47:03 INFO  [INFO] Resolving artifact: org.springframework:spring-core:jar:6.2.17:compile (sources = false)
2026.04.19 13:47:03 INFO  [INFO] SUCCESS: org.springframework:spring-core:jar:6.2.17:compile (sources = false)
2026.04.19 13:47:03 INFO  [INFO] Resolving artifact: org.springframework:spring-core:jar:6.2.17:compile (sources = true)
2026.04.19 13:47:03 INFO  [INFO] SUCCESS: org.springframework:spring-core:jar:6.2.17:compile (sources = true)
2026.04.19 13:47:03 INFO  [INFO] Resolving artifact: io.netty:netty-resolver-dns-native-macos:jar:osx-x86_64:4.1.132.Final:compile (sources = false)
2026.04.19 13:47:03 INFO  [INFO] SUCCESS: io.netty:netty-resolver-dns-native-macos:jar:osx-x86_64:4.1.132.Final:compile (sources = false)
2026.04.19 13:47:03 INFO  [INFO] Resolving artifact: io.netty:netty-resolver-dns-native-macos:jar:osx-x86_64:4.1.132.Final:compile (sources = true)
2026.04.19 13:47:03 INFO  [INFO] SUCCESS: io.netty:netty-resolver-dns-native-macos:jar:osx-x86_64:4.1.132.Final:compile (sources = true)
2026.04.19 13:47:03 INFO  [INFO] Resolving artifact: org.springframework:spring-context:jar:6.2.17:compile (sources = false)
2026.04.19 13:47:03 INFO  [INFO] SUCCESS: org.springframework:spring-context:jar:6.2.17:compile (sources = false)
2026.04.19 13:47:03 INFO  [INFO] Resolving artifact: org.springframework:spring-context:jar:6.2.17:compile (sources = true)
2026.04.19 13:47:03 INFO  [INFO] SUCCESS: org.springframework:spring-context:jar:6.2.17:compile (sources = true)
2026.04.19 13:47:03 INFO  [INFO] Resolving artifact: io.netty:netty-transport-classes-epoll:jar:4.1.132.Final:compile (sources = false)
2026.04.19 13:47:03 INFO  [INFO] SUCCESS: io.netty:netty-transport-classes-epoll:jar:4.1.132.Final:compile (sources = false)
2026.04.19 13:47:03 INFO  [INFO] Resolving artifact: io.netty:netty-transport-classes-epoll:jar:4.1.132.Final:compile (sources = true)
2026.04.19 13:47:03 INFO  [INFO] SUCCESS: io.netty:netty-transport-classes-epoll:jar:4.1.132.Final:compile (sources = true)
2026.04.19 13:47:03 INFO  [INFO] Resolving artifact: com.jayway.jsonpath:json-path:jar:2.9.0:test (sources = false)
2026.04.19 13:47:03 INFO  [INFO] SUCCESS: com.jayway.jsonpath:json-path:jar:2.9.0:test (sources = false)
2026.04.19 13:47:03 INFO  [INFO] Resolving artifact: com.jayway.jsonpath:json-path:jar:2.9.0:test (sources = true)
2026.04.19 13:47:03 INFO  [INFO] SUCCESS: com.jayway.jsonpath:json-path:jar:2.9.0:test (sources = true)
2026.04.19 13:47:03 INFO  [INFO] Resolving artifact: org.apache.tomcat.embed:tomcat-embed-el:jar:10.1.53:compile (sources = false)
2026.04.19 13:47:03 INFO  [INFO] SUCCESS: org.apache.tomcat.embed:tomcat-embed-el:jar:10.1.53:compile (sources = false)
2026.04.19 13:47:03 INFO  [INFO] Resolving artifact: org.apache.tomcat.embed:tomcat-embed-el:jar:10.1.53:compile (sources = true)
2026.04.19 13:47:03 INFO  [INFO] SUCCESS: org.apache.tomcat.embed:tomcat-embed-el:jar:10.1.53:compile (sources = true)
2026.04.19 13:47:03 INFO  [INFO] Resolving artifact: org.springframework.boot:spring-boot-starter-test:jar:3.5.13:test (sources = false)
2026.04.19 13:47:03 INFO  [INFO] SUCCESS: org.springframework.boot:spring-boot-starter-test:jar:3.5.13:test (sources = false)
2026.04.19 13:47:03 INFO  [INFO] Resolving artifact: org.springframework.boot:spring-boot-starter-test:jar:3.5.13:test (sources = true)
2026.04.19 13:47:03 INFO  [INFO] SUCCESS: org.springframework.boot:spring-boot-starter-test:jar:3.5.13:test (sources = true)
2026.04.19 13:47:03 INFO  [INFO] Resolving artifact: jakarta.activation:jakarta.activation-api:jar:2.1.4:test (sources = false)
2026.04.19 13:47:03 INFO  [INFO] SUCCESS: jakarta.activation:jakarta.activation-api:jar:2.1.4:test (sources = false)
2026.04.19 13:47:03 INFO  [INFO] Resolving artifact: jakarta.activation:jakarta.activation-api:jar:2.1.4:test (sources = true)
2026.04.19 13:47:03 INFO  [INFO] SUCCESS: jakarta.activation:jakarta.activation-api:jar:2.1.4:test (sources = true)
2026.04.19 13:47:03 INFO  [INFO] Resolving artifact: org.springframework.boot:spring-boot-devtools:jar:3.5.13:runtime (sources = false)
2026.04.19 13:47:03 INFO  [INFO] SUCCESS: org.springframework.boot:spring-boot-devtools:jar:3.5.13:runtime (sources = false)
2026.04.19 13:47:03 INFO  [INFO] Resolving artifact: org.springframework.boot:spring-boot-devtools:jar:3.5.13:runtime (sources = true)
2026.04.19 13:47:03 INFO  [INFO] SUCCESS: org.springframework.boot:spring-boot-devtools:jar:3.5.13:runtime (sources = true)
2026.04.19 13:47:03 INFO  [INFO] Resolving artifact: org.apiguardian:apiguardian-api:jar:1.1.2:test (sources = false)
2026.04.19 13:47:03 INFO  [INFO] SUCCESS: org.apiguardian:apiguardian-api:jar:1.1.2:test (sources = false)
2026.04.19 13:47:03 INFO  [INFO] Resolving artifact: org.apiguardian:apiguardian-api:jar:1.1.2:test (sources = true)
2026.04.19 13:47:03 INFO  [INFO] SUCCESS: org.apiguardian:apiguardian-api:jar:1.1.2:test (sources = true)
2026.04.19 13:47:03 INFO  [INFO] Resolving artifact: org.projectlombok:lombok:jar:1.18.44:compile (sources = false)
2026.04.19 13:47:03 INFO  [INFO] SUCCESS: org.projectlombok:lombok:jar:1.18.44:compile (sources = false)
2026.04.19 13:47:03 INFO  [INFO] Resolving artifact: org.projectlombok:lombok:jar:1.18.44:compile (sources = true)
2026.04.19 13:47:03 INFO  [INFO] SUCCESS: org.projectlombok:lombok:jar:1.18.44:compile (sources = true)
2026.04.19 13:47:03 INFO  [INFO] Resolving artifact: org.junit.platform:junit-platform-engine:jar:1.12.2:test (sources = false)
2026.04.19 13:47:03 INFO  [INFO] SUCCESS: org.junit.platform:junit-platform-engine:jar:1.12.2:test (sources = false)
2026.04.19 13:47:03 INFO  [INFO] Resolving artifact: org.junit.platform:junit-platform-engine:jar:1.12.2:test (sources = true)
2026.04.19 13:47:03 INFO  [INFO] SUCCESS: org.junit.platform:junit-platform-engine:jar:1.12.2:test (sources = true)
2026.04.19 13:47:03 INFO  [INFO] Resolving artifact: io.netty:netty-codec-socks:jar:4.1.132.Final:compile (sources = false)
2026.04.19 13:47:03 INFO  [INFO] SUCCESS: io.netty:netty-codec-socks:jar:4.1.132.Final:compile (sources = false)
2026.04.19 13:47:03 INFO  [INFO] Resolving artifact: io.netty:netty-codec-socks:jar:4.1.132.Final:compile (sources = true)
2026.04.19 13:47:03 INFO  [INFO] SUCCESS: io.netty:netty-codec-socks:jar:4.1.132.Final:compile (sources = true)
2026.04.19 13:47:03 INFO  [INFO] Resolving artifact: io.netty:netty-transport:jar:4.1.132.Final:compile (sources = false)
2026.04.19 13:47:03 INFO  [INFO] SUCCESS: io.netty:netty-transport:jar:4.1.132.Final:compile (sources = false)
2026.04.19 13:47:03 INFO  [INFO] Resolving artifact: io.netty:netty-transport:jar:4.1.132.Final:compile (sources = true)
2026.04.19 13:47:03 INFO  [INFO] SUCCESS: io.netty:netty-transport:jar:4.1.132.Final:compile (sources = true)
2026.04.19 13:47:03 INFO  [INFO] Resolving artifact: io.netty:netty-handler-proxy:jar:4.1.132.Final:compile (sources = false)
2026.04.19 13:47:03 INFO  [INFO] SUCCESS: io.netty:netty-handler-proxy:jar:4.1.132.Final:compile (sources = false)
2026.04.19 13:47:03 INFO  [INFO] Resolving artifact: io.netty:netty-handler-proxy:jar:4.1.132.Final:compile (sources = true)
2026.04.19 13:47:03 INFO  [INFO] SUCCESS: io.netty:netty-handler-proxy:jar:4.1.132.Final:compile (sources = true)
2026.04.19 13:47:03 INFO  [INFO] Resolving artifact: io.netty:netty-transport-native-unix-common:jar:4.1.132.Final:compile (sources = false)
2026.04.19 13:47:03 INFO  [INFO] SUCCESS: io.netty:netty-transport-native-unix-common:jar:4.1.132.Final:compile (sources = false)
2026.04.19 13:47:03 INFO  [INFO] Resolving artifact: io.netty:netty-transport-native-unix-common:jar:4.1.132.Final:compile (sources = true)
2026.04.19 13:47:03 INFO  [INFO] SUCCESS: io.netty:netty-transport-native-unix-common:jar:4.1.132.Final:compile (sources = true)
2026.04.19 13:47:03 INFO  [INFO] Resolving artifact: com.vaadin.external.google:android-json:jar:0.0.20131108.vaadin1:test (sources = false)
2026.04.19 13:47:03 INFO  [INFO] SUCCESS: com.vaadin.external.google:android-json:jar:0.0.20131108.vaadin1:test (sources = false)
2026.04.19 13:47:03 INFO  [INFO] Resolving artifact: com.vaadin.external.google:android-json:jar:0.0.20131108.vaadin1:test (sources = true)
2026.04.19 13:47:03 INFO  [INFO] SUCCESS: com.vaadin.external.google:android-json:jar:0.0.20131108.vaadin1:test (sources = true)
2026.04.19 13:47:03 INFO  [INFO] Resolving artifact: org.apache.logging.log4j:log4j-api:jar:2.24.3:compile (sources = false)
2026.04.19 13:47:03 INFO  [INFO] SUCCESS: org.apache.logging.log4j:log4j-api:jar:2.24.3:compile (sources = false)
2026.04.19 13:47:03 INFO  [INFO] Resolving artifact: org.apache.logging.log4j:log4j-api:jar:2.24.3:compile (sources = true)
2026.04.19 13:47:03 INFO  [INFO] SUCCESS: org.apache.logging.log4j:log4j-api:jar:2.24.3:compile (sources = true)
2026.04.19 13:47:03 INFO  [INFO] Resolving artifact: net.bytebuddy:byte-buddy-agent:jar:1.17.8:test (sources = false)
2026.04.19 13:47:03 INFO  [INFO] SUCCESS: net.bytebuddy:byte-buddy-agent:jar:1.17.8:test (sources = false)
2026.04.19 13:47:03 INFO  [INFO] Resolving artifact: net.bytebuddy:byte-buddy-agent:jar:1.17.8:test (sources = true)
2026.04.19 13:47:03 INFO  [INFO] SUCCESS: net.bytebuddy:byte-buddy-agent:jar:1.17.8:test (sources = true)
2026.04.19 13:47:03 INFO  [INFO] Resolving artifact: org.springframework.boot:spring-boot:jar:3.5.13:compile (sources = false)
2026.04.19 13:47:03 INFO  [INFO] SUCCESS: org.springframework.boot:spring-boot:jar:3.5.13:compile (sources = false)
2026.04.19 13:47:03 INFO  [INFO] Resolving artifact: org.springframework.boot:spring-boot:jar:3.5.13:compile (sources = true)
2026.04.19 13:47:03 INFO  [INFO] SUCCESS: org.springframework.boot:spring-boot:jar:3.5.13:compile (sources = true)
2026.04.19 13:47:03 INFO  [INFO] Resolving artifact: io.netty:netty-codec-dns:jar:4.1.132.Final:compile (sources = false)
2026.04.19 13:47:03 INFO  [INFO] SUCCESS: io.netty:netty-codec-dns:jar:4.1.132.Final:compile (sources = false)
2026.04.19 13:47:03 INFO  [INFO] Resolving artifact: io.netty:netty-codec-dns:jar:4.1.132.Final:compile (sources = true)
2026.04.19 13:47:03 INFO  [INFO] SUCCESS: io.netty:netty-codec-dns:jar:4.1.132.Final:compile (sources = true)
2026.04.19 13:47:03 INFO  [INFO] Resolving artifact: org.reactivestreams:reactive-streams:jar:1.0.4:compile (sources = false)
2026.04.19 13:47:03 INFO  [INFO] SUCCESS: org.reactivestreams:reactive-streams:jar:1.0.4:compile (sources = false)
2026.04.19 13:47:03 INFO  [INFO] Resolving artifact: org.reactivestreams:reactive-streams:jar:1.0.4:compile (sources = true)
2026.04.19 13:47:03 INFO  [INFO] SUCCESS: org.reactivestreams:reactive-streams:jar:1.0.4:compile (sources = true)
2026.04.19 13:47:03 INFO  [INFO] Resolving artifact: io.projectreactor:reactor-test:jar:3.7.17:test (sources = false)
2026.04.19 13:47:03 INFO  [INFO] SUCCESS: io.projectreactor:reactor-test:jar:3.7.17:test (sources = false)
2026.04.19 13:47:03 INFO  [INFO] Resolving artifact: io.projectreactor:reactor-test:jar:3.7.17:test (sources = true)
2026.04.19 13:47:03 INFO  [INFO] SUCCESS: io.projectreactor:reactor-test:jar:3.7.17:test (sources = true)
2026.04.19 13:47:03 INFO  [INFO] Resolving artifact: com.fasterxml.jackson.datatype:jackson-datatype-jdk8:jar:2.21.2:compile (sources = false)
2026.04.19 13:47:03 INFO  [INFO] SUCCESS: com.fasterxml.jackson.datatype:jackson-datatype-jdk8:jar:2.21.2:compile (sources = false)
2026.04.19 13:47:03 INFO  [INFO] Resolving artifact: com.fasterxml.jackson.datatype:jackson-datatype-jdk8:jar:2.21.2:compile (sources = true)
2026.04.19 13:47:03 INFO  [INFO] SUCCESS: com.fasterxml.jackson.datatype:jackson-datatype-jdk8:jar:2.21.2:compile (sources = true)
2026.04.19 13:47:03 INFO  [INFO] Generated .bloop/gan-test.json
2026.04.19 13:47:03 INFO  [INFO] ------------------------------------------------------------------------
2026.04.19 13:47:03 INFO  [INFO] BUILD SUCCESS
2026.04.19 13:47:03 INFO  [INFO] ------------------------------------------------------------------------
2026.04.19 13:47:03 INFO  [INFO] Total time:  12.773 s
2026.04.19 13:47:03 INFO  [INFO] Finished at: 2026-04-19T13:47:03+05:00
2026.04.19 13:47:03 INFO  [INFO] ------------------------------------------------------------------------
2026.04.19 13:47:03 INFO  time: ran 'mvn bloopInstall' in 13s
2026.04.19 13:47:03 INFO  Attempting to connect to the build server...
2026.04.19 13:47:03 INFO  Found a Bloop server running
2026.04.19 13:47:03 INFO  tracing is disabled for protocol BSP, to enable tracing of incoming and outgoing JSON messages create an empty file at /home/yaroslav/Bureau/ganBackend/.metals/bsp.trace.json or /home/yaroslav/.cache/metals/bsp.trace.json
2026.04.19 13:47:03 INFO  time: Connected to build server in 0.17s
2026.04.19 13:47:03 INFO  Connected to Build server: Bloop v2.0.19
2026.04.19 13:47:05 WARN  Could not find java sources in /usr/lib/jvm/src.zip, /usr/lib/jvm/lib/src.zip, /usr/lib/jvm/java-21-openjdk-amd64/src.zip, /usr/lib/jvm/java-21-openjdk-amd64/lib/src.zip. Java symbols will not be available.
2026.04.19 13:47:10 INFO  time: indexed workspace in 6.73s
2026.04.19 13:47:10 INFO  compiling gan (6 java sources)
2026.04.19 13:47:12 WARN  Unexpected javac output: Note: Annotation processing is enabled because one or more processors were found
  on the class path. A future release of javac may disable annotation processing
  unless at least one processor is specified by name (-processor), or a search
  path is specified (--processor-path, --processor-module-path), or annotation
  processing is enabled explicitly (-proc:only, -proc:full).
  Use -Xlint:-options to suppress this message.
  Use -proc:none to disable annotation processing.
/home/yaroslav/Bureau/ganBackend/gan/src/main/java/com/ganbackend/gan/controller/StyleTransferController.java:3: error: package com.ganbackend.gan.backend.dto does not exist
import com.ganbackend.gan.backend.dto.StylesResponse;
                                     ^
/home/yaroslav/Bureau/ganBackend/gan/src/main/java/com/ganbackend/gan/controller/StyleTransferController.java:4: error: package com.ganbackend.gan.backend.dto does not exist
import com.ganbackend.gan.backend.dto.TransferHistoryDto;
                                     ^
/home/yaroslav/Bureau/ganBackend/gan/src/main/java/com/ganbackend/gan/controller/StyleTransferController.java:5: error: package com.ganbackend.gan.backend.service does not exist
import com.ganbackend.gan.backend.service.StyleTransferService;
                                         ^
/home/yaroslav/Bureau/ganBackend/gan/src/main/java/com/ganbackend/gan/controller/StyleTransferController.java:22: error: cannot find symbol
    private final StyleTransferService styleTransferService;
                  ^
  symbol:   class StyleTransferService
  location: class StyleTransferController
/home/yaroslav/Bureau/ganBackend/gan/src/main/java/com/ganbackend/gan/controller/StyleTransferController.java:29: error: cannot find symbol
    public ResponseEntity<StylesResponse> getStyles() {
                          ^
  symbol:   class StylesResponse
  location: class StyleTransferController
/home/yaroslav/Bureau/ganBackend/gan/src/main/java/com/ganbackend/gan/controller/StyleTransferController.java:81: error: cannot find symbol
    public ResponseEntity<List<TransferHistoryDto>> getHistory(
                               ^
  symbol:   class TransferHistoryDto
  location: class StyleTransferController
/home/yaroslav/Bureau/ganBackend/gan/src/main/java/com/ganbackend/gan/controller/StyleTransferController.java:18: error: cannot find symbol
@RequiredArgsConstructor
^
  symbol:   class StyleTransferService
  location: class StyleTransferController
/home/yaroslav/Bureau/ganBackend/gan/src/main/java/com/ganbackend/gan/entity/TransferHistory.java:8: error: cannot find symbol
@Entity
 ^
  symbol: class Entity
/home/yaroslav/Bureau/ganBackend/gan/src/main/java/com/ganbackend/gan/entity/TransferHistory.java:9: error: cannot find symbol
@Table(name = "transfer_history")
 ^
  symbol: class Table
/home/yaroslav/Bureau/ganBackend/gan/src/main/java/com/ganbackend/gan/entity/TransferHistory.java:3: error: package jakarta.persistence does not exist
import jakarta.persistence.*;
^
/home/yaroslav/Bureau/ganBackend/gan/src/main/java/com/ganbackend/gan/repository/TransferHistoryRepository.java:4: error: package org.springframework.data.jpa.repository does not exist
import org.springframework.data.jpa.repository.JpaRepository;
                                              ^
/home/yaroslav/Bureau/ganBackend/gan/src/main/java/com/ganbackend/gan/repository/TransferHistoryRepository.java:5: error: package org.springframework.data.jpa.repository does not exist
import org.springframework.data.jpa.repository.Query;
                                              ^
/home/yaroslav/Bureau/ganBackend/gan/src/main/java/com/ganbackend/gan/repository/TransferHistoryRepository.java:6: error: package org.springframework.data.repository.query does not exist
import org.springframework.data.repository.query.Param;
                                                ^
/home/yaroslav/Bureau/ganBackend/gan/src/main/java/com/ganbackend/gan/repository/TransferHistoryRepository.java:12: error: cannot find symbol
public interface TransferHistoryRepository extends JpaRepository<TransferHistory, Long> {
                                                   ^
  symbol: class JpaRepository
/home/yaroslav/Bureau/ganBackend/gan/src/main/java/com/ganbackend/gan/service/StyleTransferService.java:3: error: package com.ganbackend.gan.backend.dto does not exist
import com.ganbackend.gan.backend.dto.StylesResponse;
                                     ^
/home/yaroslav/Bureau/ganBackend/gan/src/main/java/com/ganbackend/gan/service/StyleTransferService.java:4: error: package com.ganbackend.gan.backend.dto does not exist
import com.ganbackend.gan.backend.dto.TransferHistoryDto;
                                     ^
/home/yaroslav/Bureau/ganBackend/gan/src/main/java/com/ganbackend/gan/service/StyleTransferService.java:5: error: package com.ganbackend.gan.backend.entity does not exist
import com.ganbackend.gan.backend.entity.TransferHistory;
                                        ^
/home/yaroslav/Bureau/ganBackend/gan/src/main/java/com/ganbackend/gan/service/StyleTransferService.java:6: error: package com.ganbackend.gan.backend.repository does not exist
import com.ganbackend.gan.backend.repository.TransferHistoryRepository;
                                            ^
/home/yaroslav/Bureau/ganBackend/gan/src/main/java/com/ganbackend/gan/service/StyleTransferService.java:29: error: cannot find symbol
    private final TransferHistoryRepository historyRepository;
                  ^
  symbol:   class TransferHistoryRepository
  location: class StyleTransferService
/home/yaroslav/Bureau/ganBackend/gan/src/main/java/com/ganbackend/gan/service/StyleTransferService.java:31: error: cannot find symbol
    public StyleTransferService(TransferHistoryRepository historyRepository) {
                                ^
  symbol:   class TransferHistoryRepository
  location: class StyleTransferService
/home/yaroslav/Bureau/ganBackend/gan/src/main/java/com/ganbackend/gan/service/StyleTransferService.java:100: error: cannot find symbol
    public StylesResponse getAvailableStyles() {
           ^
  symbol:   class StylesResponse
  location: class StyleTransferService
/home/yaroslav/Bureau/ganBackend/gan/src/main/java/com/ganbackend/gan/service/StyleTransferService.java:124: error: cannot find symbol
    public List<TransferHistoryDto> getHistory(int limit) {
                ^
  symbol:   class TransferHistoryDto
  location: class StyleTransferService
/home/yaroslav/Bureau/ganBackend/gan/src/main/java/com/ganbackend/gan/entity/TransferHistory.java:17: error: cannot find symbol
    @Id
     ^
  symbol:   class Id
  location: class TransferHistory
/home/yaroslav/Bureau/ganBackend/gan/src/main/java/com/ganbackend/gan/entity/TransferHistory.java:18: error: cannot find symbol
    @GeneratedValue(strategy = GenerationType.IDENTITY)
     ^
  symbol:   class GeneratedValue
  location: class TransferHistory
/home/yaroslav/Bureau/ganBackend/gan/src/main/java/com/ganbackend/gan/entity/TransferHistory.java:18: error: cannot find symbol
    @GeneratedValue(strategy = GenerationType.IDENTITY)
                               ^
  symbol:   variable GenerationType
  location: class TransferHistory
/home/yaroslav/Bureau/ganBackend/gan/src/main/java/com/ganbackend/gan/entity/TransferHistory.java:21: error: cannot find symbol
    @Column(name = "original_filename")
     ^
  symbol:   class Column
  location: class TransferHistory
/home/yaroslav/Bureau/ganBackend/gan/src/main/java/com/ganbackend/gan/entity/TransferHistory.java:24: error: cannot find symbol
    @Column(name = "style", nullable = false)
     ^
  symbol:   class Column
  location: class TransferHistory
/home/yaroslav/Bureau/ganBackend/gan/src/main/java/com/ganbackend/gan/entity/TransferHistory.java:27: error: cannot find symbol
    @Column(name = "output_size")
     ^
  symbol:   class Column
  location: class TransferHistory
/home/yaroslav/Bureau/ganBackend/gan/src/main/java/com/ganbackend/gan/entity/TransferHistory.java:30: error: cannot find symbol
    @Column(name = "result_size_bytes")
     ^
  symbol:   class Column
  location: class TransferHistory
/home/yaroslav/Bureau/ganBackend/gan/src/main/java/com/ganbackend/gan/entity/TransferHistory.java:33: error: cannot find symbol
    @Column(name = "processing_time_ms")
     ^
  symbol:   class Column
  location: class TransferHistory
/home/yaroslav/Bureau/ganBackend/gan/src/main/java/com/ganbackend/gan/entity/TransferHistory.java:36: error: cannot find symbol
    @Column(name = "success")
     ^
  symbol:   class Column
  location: class TransferHistory
/home/yaroslav/Bureau/ganBackend/gan/src/main/java/com/ganbackend/gan/entity/TransferHistory.java:39: error: cannot find symbol
    @Column(name = "error_message", length = 500)
     ^
  symbol:   class Column
  location: class TransferHistory
/home/yaroslav/Bureau/ganBackend/gan/src/main/java/com/ganbackend/gan/entity/TransferHistory.java:42: error: cannot find symbol
    @Column(name = "created_at")
     ^
  symbol:   class Column
  location: class TransferHistory
/home/yaroslav/Bureau/ganBackend/gan/src/main/java/com/ganbackend/gan/repository/TransferHistoryRepository.java:15: error: cannot find symbol
    List<TransferHistory> findTopN(@Param("n") int n);
                                    ^
  symbol:   class Param
  location: interface TransferHistoryRepository
/home/yaroslav/Bureau/ganBackend/gan/src/main/java/com/ganbackend/gan/repository/TransferHistoryRepository.java:14: error: cannot find symbol
    @Query("SELECT h FROM TransferHistory h ORDER BY h.createdAt DESC LIMIT :n")
     ^
  symbol:   class Query
  location: interface TransferHistoryRepository
35 errors.
2026.04.19 13:47:12 INFO  Note: Annotation processing is enabled because one or more processors were found
2026.04.19 13:47:12 WARN  javac exited with exit code 1
2026.04.19 13:47:12 INFO  time: compiled gan in 1.7s
2026.04.19 13:47:20 INFO  compiling gan (7 java sources)
2026.04.19 13:47:22 WARN  Unexpected javac output: Note: Annotation processing is enabled because one or more processors were found
  on the class path. A future release of javac may disable annotation processing
  unless at least one processor is specified by name (-processor), or a search
  path is specified (--processor-path, --processor-module-path), or annotation
  processing is enabled explicitly (-proc:only, -proc:full).
  Use -Xlint:-options to suppress this message.
  Use -proc:none to disable annotation processing.
/home/yaroslav/Bureau/ganBackend/gan/src/main/java/com/ganbackend/gan/controller/StyleTransferController.java:3: error: package com.ganbackend.gan.backend.dto does not exist
import com.ganbackend.gan.backend.dto.StylesResponse;
                                     ^
/home/yaroslav/Bureau/ganBackend/gan/src/main/java/com/ganbackend/gan/controller/StyleTransferController.java:4: error: package com.ganbackend.gan.backend.dto does not exist
import com.ganbackend.gan.backend.dto.TransferHistoryDto;
                                     ^
/home/yaroslav/Bureau/ganBackend/gan/src/main/java/com/ganbackend/gan/controller/StyleTransferController.java:5: error: package com.ganbackend.gan.backend.service does not exist
import com.ganbackend.gan.backend.service.StyleTransferService;
                                         ^
/home/yaroslav/Bureau/ganBackend/gan/src/main/java/com/ganbackend/gan/controller/StyleTransferController.java:22: error: cannot find symbol
    private final StyleTransferService styleTransferService;
                  ^
  symbol:   class StyleTransferService
  location: class StyleTransferController
/home/yaroslav/Bureau/ganBackend/gan/src/main/java/com/ganbackend/gan/controller/StyleTransferController.java:29: error: cannot find symbol
    public ResponseEntity<StylesResponse> getStyles() {
                          ^
  symbol:   class StylesResponse
  location: class StyleTransferController
/home/yaroslav/Bureau/ganBackend/gan/src/main/java/com/ganbackend/gan/controller/StyleTransferController.java:81: error: cannot find symbol
    public ResponseEntity<List<TransferHistoryDto>> getHistory(
                               ^
  symbol:   class TransferHistoryDto
  location: class StyleTransferController
/home/yaroslav/Bureau/ganBackend/gan/src/main/java/com/ganbackend/gan/controller/StyleTransferController.java:18: error: cannot find symbol
@RequiredArgsConstructor
^
  symbol:   class StyleTransferService
  location: class StyleTransferController
/home/yaroslav/Bureau/ganBackend/gan/src/main/java/com/ganbackend/gan/entity/TransferHistory.java:8: error: cannot find symbol
@Entity
 ^
  symbol: class Entity
/home/yaroslav/Bureau/ganBackend/gan/src/main/java/com/ganbackend/gan/entity/TransferHistory.java:9: error: cannot find symbol
@Table(name = "transfer_history")
 ^
  symbol: class Table
/home/yaroslav/Bureau/ganBackend/gan/src/main/java/com/ganbackend/gan/entity/TransferHistory.java:3: error: package jakarta.persistence does not exist
import jakarta.persistence.*;
^
/home/yaroslav/Bureau/ganBackend/gan/src/main/java/com/ganbackend/gan/repository/TransferHistoryRepository.java:4: error: package org.springframework.data.jpa.repository does not exist
import org.springframework.data.jpa.repository.JpaRepository;
                                              ^
/home/yaroslav/Bureau/ganBackend/gan/src/main/java/com/ganbackend/gan/repository/TransferHistoryRepository.java:5: error: package org.springframework.data.jpa.repository does not exist
import org.springframework.data.jpa.repository.Query;
                                              ^
/home/yaroslav/Bureau/ganBackend/gan/src/main/java/com/ganbackend/gan/repository/TransferHistoryRepository.java:6: error: package org.springframework.data.repository.query does not exist
import org.springframework.data.repository.query.Param;
                                                ^
/home/yaroslav/Bureau/ganBackend/gan/src/main/java/com/ganbackend/gan/repository/TransferHistoryRepository.java:12: error: cannot find symbol
public interface TransferHistoryRepository extends JpaRepository<TransferHistory, Long> {
                                                   ^
  symbol: class JpaRepository
/home/yaroslav/Bureau/ganBackend/gan/src/main/java/com/ganbackend/gan/service/StyleTransferService.java:3: error: package com.ganbackend.gan.backend.dto does not exist
import com.ganbackend.gan.backend.dto.StylesResponse;
                                     ^
/home/yaroslav/Bureau/ganBackend/gan/src/main/java/com/ganbackend/gan/service/StyleTransferService.java:4: error: package com.ganbackend.gan.backend.dto does not exist
import com.ganbackend.gan.backend.dto.TransferHistoryDto;
                                     ^
/home/yaroslav/Bureau/ganBackend/gan/src/main/java/com/ganbackend/gan/service/StyleTransferService.java:5: error: package com.ganbackend.gan.backend.entity does not exist
import com.ganbackend.gan.backend.entity.TransferHistory;
                                        ^
/home/yaroslav/Bureau/ganBackend/gan/src/main/java/com/ganbackend/gan/service/StyleTransferService.java:6: error: package com.ganbackend.gan.backend.repository does not exist
import com.ganbackend.gan.backend.repository.TransferHistoryRepository;
                                            ^
/home/yaroslav/Bureau/ganBackend/gan/src/main/java/com/ganbackend/gan/service/StyleTransferService.java:29: error: cannot find symbol
    private final TransferHistoryRepository historyRepository;
                  ^
  symbol:   class TransferHistoryRepository
  location: class StyleTransferService
/home/yaroslav/Bureau/ganBackend/gan/src/main/java/com/ganbackend/gan/service/StyleTransferService.java:31: error: cannot find symbol
    public StyleTransferService(TransferHistoryRepository historyRepository) {
                                ^
  symbol:   class TransferHistoryRepository
  location: class StyleTransferService
/home/yaroslav/Bureau/ganBackend/gan/src/main/java/com/ganbackend/gan/service/StyleTransferService.java:100: error: cannot find symbol
    public StylesResponse getAvailableStyles() {
           ^
  symbol:   class StylesResponse
  location: class StyleTransferService
/home/yaroslav/Bureau/ganBackend/gan/src/main/java/com/ganbackend/gan/service/StyleTransferService.java:124: error: cannot find symbol
    public List<TransferHistoryDto> getHistory(int limit) {
                ^
  symbol:   class TransferHistoryDto
  location: class StyleTransferService
/home/yaroslav/Bureau/ganBackend/gan/src/main/java/com/ganbackend/gan/entity/TransferHistory.java:17: error: cannot find symbol
    @Id
     ^
  symbol:   class Id
  location: class TransferHistory
/home/yaroslav/Bureau/ganBackend/gan/src/main/java/com/ganbackend/gan/entity/TransferHistory.java:18: error: cannot find symbol
    @GeneratedValue(strategy = GenerationType.IDENTITY)
     ^
  symbol:   class GeneratedValue
  location: class TransferHistory
/home/yaroslav/Bureau/ganBackend/gan/src/main/java/com/ganbackend/gan/entity/TransferHistory.java:18: error: cannot find symbol
    @GeneratedValue(strategy = GenerationType.IDENTITY)
                               ^
  symbol:   variable GenerationType
  location: class TransferHistory
/home/yaroslav/Bureau/ganBackend/gan/src/main/java/com/ganbackend/gan/entity/TransferHistory.java:21: error: cannot find symbol
    @Column(name = "original_filename")
     ^
  symbol:   class Column
  location: class TransferHistory
/home/yaroslav/Bureau/ganBackend/gan/src/main/java/com/ganbackend/gan/entity/TransferHistory.java:24: error: cannot find symbol
    @Column(name = "style", nullable = false)
     ^
  symbol:   class Column
  location: class TransferHistory
/home/yaroslav/Bureau/ganBackend/gan/src/main/java/com/ganbackend/gan/entity/TransferHistory.java:27: error: cannot find symbol
    @Column(name = "output_size")
     ^
  symbol:   class Column
  location: class TransferHistory
/home/yaroslav/Bureau/ganBackend/gan/src/main/java/com/ganbackend/gan/entity/TransferHistory.java:30: error: cannot find symbol
    @Column(name = "result_size_bytes")
     ^
  symbol:   class Column
  location: class TransferHistory
/home/yaroslav/Bureau/ganBackend/gan/src/main/java/com/ganbackend/gan/entity/TransferHistory.java:33: error: cannot find symbol
    @Column(name = "processing_time_ms")
     ^
  symbol:   class Column
  location: class TransferHistory
/home/yaroslav/Bureau/ganBackend/gan/src/main/java/com/ganbackend/gan/entity/TransferHistory.java:36: error: cannot find symbol
    @Column(name = "success")
     ^
  symbol:   class Column
  location: class TransferHistory
/home/yaroslav/Bureau/ganBackend/gan/src/main/java/com/ganbackend/gan/entity/TransferHistory.java:39: error: cannot find symbol
    @Column(name = "error_message", length = 500)
     ^
  symbol:   class Column
  location: class TransferHistory
/home/yaroslav/Bureau/ganBackend/gan/src/main/java/com/ganbackend/gan/entity/TransferHistory.java:42: error: cannot find symbol
    @Column(name = "created_at")
     ^
  symbol:   class Column
  location: class TransferHistory
/home/yaroslav/Bureau/ganBackend/gan/src/main/java/com/ganbackend/gan/repository/TransferHistoryRepository.java:15: error: cannot find symbol
    List<TransferHistory> findTopN(@Param("n") int n);
                                    ^
  symbol:   class Param
  location: interface TransferHistoryRepository
/home/yaroslav/Bureau/ganBackend/gan/src/main/java/com/ganbackend/gan/repository/TransferHistoryRepository.java:14: error: cannot find symbol
    @Query("SELECT h FROM TransferHistory h ORDER BY h.createdAt DESC LIMIT :n")
     ^
  symbol:   class Query
  location: interface TransferHistoryRepository
35 errors.
2026.04.19 13:47:22 INFO  Note: Annotation processing is enabled because one or more processors were found
2026.04.19 13:47:22 WARN  javac exited with exit code 1
2026.04.19 13:47:22 INFO  time: compiled gan in 1.73s
2026.04.19 13:47:32 INFO  compiling gan (7 java sources)
2026.04.19 13:47:32 WARN  Unexpected javac output: error: file not found: /home/yaroslav/Bureau/ganBackend/gan/src/main/java/com/ganbackend/gan/dto/StyleResponse.java
Usage: javac <options> <source files>
use --help for a list of possible options.
2026.04.19 13:47:32 WARN  javac exited with exit code 2
2026.04.19 13:47:32 INFO  time: compiled gan in 0.37s
2026.04.19 13:47:32 INFO  compiling gan (7 java sources)
2026.04.19 13:47:34 WARN  Unexpected javac output: Note: Annotation processing is enabled because one or more processors were found
  on the class path. A future release of javac may disable annotation processing
  unless at least one processor is specified by name (-processor), or a search
  path is specified (--processor-path, --processor-module-path), or annotation
  processing is enabled explicitly (-proc:only, -proc:full).
  Use -Xlint:-options to suppress this message.
  Use -proc:none to disable annotation processing.
/home/yaroslav/Bureau/ganBackend/gan/src/main/java/com/ganbackend/gan/controller/StyleTransferController.java:3: error: package com.ganbackend.gan.backend.dto does not exist
import com.ganbackend.gan.backend.dto.StylesResponse;
                                     ^
/home/yaroslav/Bureau/ganBackend/gan/src/main/java/com/ganbackend/gan/controller/StyleTransferController.java:4: error: package com.ganbackend.gan.backend.dto does not exist
import com.ganbackend.gan.backend.dto.TransferHistoryDto;
                                     ^
/home/yaroslav/Bureau/ganBackend/gan/src/main/java/com/ganbackend/gan/controller/StyleTransferController.java:5: error: package com.ganbackend.gan.backend.service does not exist
import com.ganbackend.gan.backend.service.StyleTransferService;
                                         ^
/home/yaroslav/Bureau/ganBackend/gan/src/main/java/com/ganbackend/gan/controller/StyleTransferController.java:22: error: cannot find symbol
    private final StyleTransferService styleTransferService;
                  ^
  symbol:   class StyleTransferService
  location: class StyleTransferController
/home/yaroslav/Bureau/ganBackend/gan/src/main/java/com/ganbackend/gan/controller/StyleTransferController.java:29: error: cannot find symbol
    public ResponseEntity<StylesResponse> getStyles() {
                          ^
  symbol:   class StylesResponse
  location: class StyleTransferController
/home/yaroslav/Bureau/ganBackend/gan/src/main/java/com/ganbackend/gan/controller/StyleTransferController.java:81: error: cannot find symbol
    public ResponseEntity<List<TransferHistoryDto>> getHistory(
                               ^
  symbol:   class TransferHistoryDto
  location: class StyleTransferController
/home/yaroslav/Bureau/ganBackend/gan/src/main/java/com/ganbackend/gan/controller/StyleTransferController.java:18: error: cannot find symbol
@RequiredArgsConstructor
^
  symbol:   class StyleTransferService
  location: class StyleTransferController
/home/yaroslav/Bureau/ganBackend/gan/src/main/java/com/ganbackend/gan/entity/TransferHistory.java:8: error: cannot find symbol
@Entity
 ^
  symbol: class Entity
/home/yaroslav/Bureau/ganBackend/gan/src/main/java/com/ganbackend/gan/entity/TransferHistory.java:9: error: cannot find symbol
@Table(name = "transfer_history")
 ^
  symbol: class Table
/home/yaroslav/Bureau/ganBackend/gan/src/main/java/com/ganbackend/gan/entity/TransferHistory.java:3: error: package jakarta.persistence does not exist
import jakarta.persistence.*;
^
/home/yaroslav/Bureau/ganBackend/gan/src/main/java/com/ganbackend/gan/repository/TransferHistoryRepository.java:4: error: package org.springframework.data.jpa.repository does not exist
import org.springframework.data.jpa.repository.JpaRepository;
                                              ^
/home/yaroslav/Bureau/ganBackend/gan/src/main/java/com/ganbackend/gan/repository/TransferHistoryRepository.java:5: error: package org.springframework.data.jpa.repository does not exist
import org.springframework.data.jpa.repository.Query;
                                              ^
/home/yaroslav/Bureau/ganBackend/gan/src/main/java/com/ganbackend/gan/repository/TransferHistoryRepository.java:6: error: package org.springframework.data.repository.query does not exist
import org.springframework.data.repository.query.Param;
                                                ^
/home/yaroslav/Bureau/ganBackend/gan/src/main/java/com/ganbackend/gan/repository/TransferHistoryRepository.java:12: error: cannot find symbol
public interface TransferHistoryRepository extends JpaRepository<TransferHistory, Long> {
                                                   ^
  symbol: class JpaRepository
/home/yaroslav/Bureau/ganBackend/gan/src/main/java/com/ganbackend/gan/service/StyleTransferService.java:3: error: package com.ganbackend.gan.backend.dto does not exist
import com.ganbackend.gan.backend.dto.StylesResponse;
                                     ^
/home/yaroslav/Bureau/ganBackend/gan/src/main/java/com/ganbackend/gan/service/StyleTransferService.java:4: error: package com.ganbackend.gan.backend.dto does not exist
import com.ganbackend.gan.backend.dto.TransferHistoryDto;
                                     ^
/home/yaroslav/Bureau/ganBackend/gan/src/main/java/com/ganbackend/gan/service/StyleTransferService.java:5: error: package com.ganbackend.gan.backend.entity does not exist
import com.ganbackend.gan.backend.entity.TransferHistory;
                                        ^
/home/yaroslav/Bureau/ganBackend/gan/src/main/java/com/ganbackend/gan/service/StyleTransferService.java:6: error: package com.ganbackend.gan.backend.repository does not exist
import com.ganbackend.gan.backend.repository.TransferHistoryRepository;
                                            ^
/home/yaroslav/Bureau/ganBackend/gan/src/main/java/com/ganbackend/gan/service/StyleTransferService.java:29: error: cannot find symbol
    private final TransferHistoryRepository historyRepository;
                  ^
  symbol:   class TransferHistoryRepository
  location: class StyleTransferService
/home/yaroslav/Bureau/ganBackend/gan/src/main/java/com/ganbackend/gan/service/StyleTransferService.java:31: error: cannot find symbol
    public StyleTransferService(TransferHistoryRepository historyRepository) {
                                ^
  symbol:   class TransferHistoryRepository
  location: class StyleTransferService
/home/yaroslav/Bureau/ganBackend/gan/src/main/java/com/ganbackend/gan/service/StyleTransferService.java:100: error: cannot find symbol
    public StylesResponse getAvailableStyles() {
           ^
  symbol:   class StylesResponse
  location: class StyleTransferService
/home/yaroslav/Bureau/ganBackend/gan/src/main/java/com/ganbackend/gan/service/StyleTransferService.java:124: error: cannot find symbol
    public List<TransferHistoryDto> getHistory(int limit) {
                ^
  symbol:   class TransferHistoryDto
  location: class StyleTransferService
/home/yaroslav/Bureau/ganBackend/gan/src/main/java/com/ganbackend/gan/entity/TransferHistory.java:17: error: cannot find symbol
    @Id
     ^
  symbol:   class Id
  location: class TransferHistory
/home/yaroslav/Bureau/ganBackend/gan/src/main/java/com/ganbackend/gan/entity/TransferHistory.java:18: error: cannot find symbol
    @GeneratedValue(strategy = GenerationType.IDENTITY)
     ^
  symbol:   class GeneratedValue
  location: class TransferHistory
/home/yaroslav/Bureau/ganBackend/gan/src/main/java/com/ganbackend/gan/entity/TransferHistory.java:18: error: cannot find symbol
    @GeneratedValue(strategy = GenerationType.IDENTITY)
                               ^
  symbol:   variable GenerationType
  location: class TransferHistory
/home/yaroslav/Bureau/ganBackend/gan/src/main/java/com/ganbackend/gan/entity/TransferHistory.java:21: error: cannot find symbol
    @Column(name = "original_filename")
     ^
  symbol:   class Column
  location: class TransferHistory
/home/yaroslav/Bureau/ganBackend/gan/src/main/java/com/ganbackend/gan/entity/TransferHistory.java:24: error: cannot find symbol
    @Column(name = "style", nullable = false)
     ^
  symbol:   class Column
  location: class TransferHistory
/home/yaroslav/Bureau/ganBackend/gan/src/main/java/com/ganbackend/gan/entity/TransferHistory.java:27: error: cannot find symbol
    @Column(name = "output_size")
     ^
  symbol:   class Column
  location: class TransferHistory
/home/yaroslav/Bureau/ganBackend/gan/src/main/java/com/ganbackend/gan/entity/TransferHistory.java:30: error: cannot find symbol
    @Column(name = "result_size_bytes")
     ^
  symbol:   class Column
  location: class TransferHistory
/home/yaroslav/Bureau/ganBackend/gan/src/main/java/com/ganbackend/gan/entity/TransferHistory.java:33: error: cannot find symbol
    @Column(name = "processing_time_ms")
     ^
  symbol:   class Column
  location: class TransferHistory
/home/yaroslav/Bureau/ganBackend/gan/src/main/java/com/ganbackend/gan/entity/TransferHistory.java:36: error: cannot find symbol
    @Column(name = "success")
     ^
  symbol:   class Column
  location: class TransferHistory
/home/yaroslav/Bureau/ganBackend/gan/src/main/java/com/ganbackend/gan/entity/TransferHistory.java:39: error: cannot find symbol
    @Column(name = "error_message", length = 500)
     ^
  symbol:   class Column
  location: class TransferHistory
/home/yaroslav/Bureau/ganBackend/gan/src/main/java/com/ganbackend/gan/entity/TransferHistory.java:42: error: cannot find symbol
    @Column(name = "created_at")
     ^
  symbol:   class Column
  location: class TransferHistory
/home/yaroslav/Bureau/ganBackend/gan/src/main/java/com/ganbackend/gan/repository/TransferHistoryRepository.java:15: error: cannot find symbol
    List<TransferHistory> findTopN(@Param("n") int n);
                                    ^
  symbol:   class Param
  location: interface TransferHistoryRepository
/home/yaroslav/Bureau/ganBackend/gan/src/main/java/com/ganbackend/gan/repository/TransferHistoryRepository.java:14: error: cannot find symbol
    @Query("SELECT h FROM TransferHistory h ORDER BY h.createdAt DESC LIMIT :n")
     ^
  symbol:   class Query
  location: interface TransferHistoryRepository
35 errors.
2026.04.19 13:47:34 INFO  Note: Annotation processing is enabled because one or more processors were found
2026.04.19 13:47:34 WARN  javac exited with exit code 1
2026.04.19 13:47:34 INFO  time: compiled gan in 1.47s
avr. 19, 2026 1:47:35 PM org.eclipse.lsp4j.jsonrpc.RemoteEndpoint handleCancellation
AVERTISSEMENT: Unmatched cancel notification for request id 61
avr. 19, 2026 1:47:35 PM org.eclipse.lsp4j.jsonrpc.RemoteEndpoint handleCancellation
AVERTISSEMENT: Unmatched cancel notification for request id 65
avr. 19, 2026 1:47:35 PM org.eclipse.lsp4j.jsonrpc.RemoteEndpoint handleCancellation
AVERTISSEMENT: Unmatched cancel notification for request id 70
2026.04.19 13:47:35 INFO  Created report: Optional[file:///home/yaroslav/Bureau/ganBackend/gan/src/main/java/com/ganbackend/gan/dto/StylesResponse.java]
2026.04.19 13:47:35 INFO  QDox parse error in file:///home/yaroslav/Bureau/ganBackend/gan/src/main/java/com/ganbackend/gan/dto/StylesResponse.java (full report at: "/home/yaroslav/Bureau/ganBackend/.metals/.reports/metals-full/2026-04-19/r_qdox-error_(gan)_13-47-35-540.md")
2026.04.19 13:47:35 INFO  compiling gan (7 java sources)
2026.04.19 13:47:35 WARN  Unexpected javac output: Note: Annotation processing is enabled because one or more processors were found
  on the class path. A future release of javac may disable annotation processing
  unless at least one processor is specified by name (-processor), or a search
  path is specified (--processor-path, --processor-module-path), or annotation
  processing is enabled explicitly (-proc:only, -proc:full).
  Use -Xlint:-options to suppress this message.
  Use -proc:none to disable annotation processing.
/home/yaroslav/Bureau/ganBackend/gan/src/main/java/com/ganbackend/gan/dto/StylesResponse.java:1: error: class, interface, enum, or record expected
p
^
/home/yaroslav/Bureau/ganBackend/gan/src/main/java/com/ganbackend/gan/dto/StylesResponse.java:3: error: class, interface, enum, or record expected
import lombok.Data;
^
/home/yaroslav/Bureau/ganBackend/gan/src/main/java/com/ganbackend/gan/dto/StylesResponse.java:4: error: class, interface, enum, or record expected
import lombok.NoArgsConstructor;
^
/home/yaroslav/Bureau/ganBackend/gan/src/main/java/com/ganbackend/gan/dto/StylesResponse.java:6: error: class, interface, enum, or record expected
import java.util.Map;
^
4 errors.
2026.04.19 13:47:35 INFO  Note: Annotation processing is enabled because one or more processors were found
2026.04.19 13:47:35 WARN  javac exited with exit code 1
2026.04.19 13:47:35 INFO  time: compiled gan in 0.6s
2026.04.19 13:47:37 INFO  QDox parse error in file:///home/yaroslav/Bureau/ganBackend/gan/src/main/java/com/ganbackend/gan/dto/StylesResponse.java (full report at: "/home/yaroslav/Bureau/ganBackend/.metals/.reports/metals-full/2026-04-19/r_qdox-error_(gan)_13-47-35-540.md")
2026.04.19 13:47:37 INFO  compiling gan (7 java sources)
2026.04.19 13:47:37 WARN  Unexpected javac output: Note: Annotation processing is enabled because one or more processors were found
  on the class path. A future release of javac may disable annotation processing
  unless at least one processor is specified by name (-processor), or a search
  path is specified (--processor-path, --processor-module-path), or annotation
  processing is enabled explicitly (-proc:only, -proc:full).
  Use -Xlint:-options to suppress this message.
  Use -proc:none to disable annotation processing.
/home/yaroslav/Bureau/ganBackend/gan/src/main/java/com/ganbackend/gan/dto/StylesResponse.java:1: error: <identifier> expected
package
       ^
1 error.
2026.04.19 13:47:37 INFO  Note: Annotation processing is enabled because one or more processors were found
2026.04.19 13:47:37 WARN  javac exited with exit code 1
2026.04.19 13:47:37 INFO  time: compiled gan in 0.59s
2026.04.19 13:47:40 INFO  QDox parse error in file:///home/yaroslav/Bureau/ganBackend/gan/src/main/java/com/ganbackend/gan/dto/StylesResponse.java (full report at: "/home/yaroslav/Bureau/ganBackend/.metals/.reports/metals-full/2026-04-19/r_qdox-error_(gan)_13-47-35-540.md")
2026.04.19 13:47:40 INFO  compiling gan (7 java sources)
2026.04.19 13:47:40 WARN  Unexpected javac output: Note: Annotation processing is enabled because one or more processors were found
  on the class path. A future release of javac may disable annotation processing
  unless at least one processor is specified by name (-processor), or a search
  path is specified (--processor-path, --processor-module-path), or annotation
  processing is enabled explicitly (-proc:only, -proc:full).
  Use -Xlint:-options to suppress this message.
  Use -proc:none to disable annotation processing.
/home/yaroslav/Bureau/ganBackend/gan/src/main/java/com/ganbackend/gan/dto/StylesResponse.java:1: error: ';' expected
package c
         ^
1 error.
2026.04.19 13:47:40 INFO  Note: Annotation processing is enabled because one or more processors were found
2026.04.19 13:47:40 WARN  javac exited with exit code 1
2026.04.19 13:47:40 INFO  time: compiled gan in 0.45s
2026.04.19 13:47:42 INFO  compiling gan (7 java sources)
2026.04.19 13:47:44 WARN  Unexpected javac output: Note: Annotation processing is enabled because one or more processors were found
  on the class path. A future release of javac may disable annotation processing
  unless at least one processor is specified by name (-processor), or a search
  path is specified (--processor-path, --processor-module-path), or annotation
  processing is enabled explicitly (-proc:only, -proc:full).
  Use -Xlint:-options to suppress this message.
  Use -proc:none to disable annotation processing.
/home/yaroslav/Bureau/ganBackend/gan/src/main/java/com/ganbackend/gan/controller/StyleTransferController.java:3: error: package com.ganbackend.gan.backend.dto does not exist
import com.ganbackend.gan.backend.dto.StylesResponse;
                                     ^
/home/yaroslav/Bureau/ganBackend/gan/src/main/java/com/ganbackend/gan/controller/StyleTransferController.java:4: error: package com.ganbackend.gan.backend.dto does not exist
import com.ganbackend.gan.backend.dto.TransferHistoryDto;
                                     ^
/home/yaroslav/Bureau/ganBackend/gan/src/main/java/com/ganbackend/gan/controller/StyleTransferController.java:5: error: package com.ganbackend.gan.backend.service does not exist
import com.ganbackend.gan.backend.service.StyleTransferService;
                                         ^
/home/yaroslav/Bureau/ganBackend/gan/src/main/java/com/ganbackend/gan/controller/StyleTransferController.java:22: error: cannot find symbol
    private final StyleTransferService styleTransferService;
                  ^
  symbol:   class StyleTransferService
  location: class StyleTransferController
/home/yaroslav/Bureau/ganBackend/gan/src/main/java/com/ganbackend/gan/controller/StyleTransferController.java:29: error: cannot find symbol
    public ResponseEntity<StylesResponse> getStyles() {
                          ^
  symbol:   class StylesResponse
  location: class StyleTransferController
/home/yaroslav/Bureau/ganBackend/gan/src/main/java/com/ganbackend/gan/controller/StyleTransferController.java:81: error: cannot find symbol
    public ResponseEntity<List<TransferHistoryDto>> getHistory(
                               ^
  symbol:   class TransferHistoryDto
  location: class StyleTransferController
/home/yaroslav/Bureau/ganBackend/gan/src/main/java/com/ganbackend/gan/controller/StyleTransferController.java:18: error: cannot find symbol
@RequiredArgsConstructor
^
  symbol:   class StyleTransferService
  location: class StyleTransferController
/home/yaroslav/Bureau/ganBackend/gan/src/main/java/com/ganbackend/gan/entity/TransferHistory.java:8: error: cannot find symbol
@Entity
 ^
  symbol: class Entity
/home/yaroslav/Bureau/ganBackend/gan/src/main/java/com/ganbackend/gan/entity/TransferHistory.java:9: error: cannot find symbol
@Table(name = "transfer_history")
 ^
  symbol: class Table
/home/yaroslav/Bureau/ganBackend/gan/src/main/java/com/ganbackend/gan/entity/TransferHistory.java:3: error: package jakarta.persistence does not exist
import jakarta.persistence.*;
^
/home/yaroslav/Bureau/ganBackend/gan/src/main/java/com/ganbackend/gan/repository/TransferHistoryRepository.java:4: error: package org.springframework.data.jpa.repository does not exist
import org.springframework.data.jpa.repository.JpaRepository;
                                              ^
/home/yaroslav/Bureau/ganBackend/gan/src/main/java/com/ganbackend/gan/repository/TransferHistoryRepository.java:5: error: package org.springframework.data.jpa.repository does not exist
import org.springframework.data.jpa.repository.Query;
                                              ^
/home/yaroslav/Bureau/ganBackend/gan/src/main/java/com/ganbackend/gan/repository/TransferHistoryRepository.java:6: error: package org.springframework.data.repository.query does not exist
import org.springframework.data.repository.query.Param;
                                                ^
/home/yaroslav/Bureau/ganBackend/gan/src/main/java/com/ganbackend/gan/repository/TransferHistoryRepository.java:12: error: cannot find symbol
public interface TransferHistoryRepository extends JpaRepository<TransferHistory, Long> {
                                                   ^
  symbol: class JpaRepository
/home/yaroslav/Bureau/ganBackend/gan/src/main/java/com/ganbackend/gan/service/StyleTransferService.java:3: error: package com.ganbackend.gan.backend.dto does not exist
import com.ganbackend.gan.backend.dto.StylesResponse;
                                     ^
/home/yaroslav/Bureau/ganBackend/gan/src/main/java/com/ganbackend/gan/service/StyleTransferService.java:4: error: package com.ganbackend.gan.backend.dto does not exist
import com.ganbackend.gan.backend.dto.TransferHistoryDto;
                                     ^
/home/yaroslav/Bureau/ganBackend/gan/src/main/java/com/ganbackend/gan/service/StyleTransferService.java:5: error: package com.ganbackend.gan.backend.entity does not exist
import com.ganbackend.gan.backend.entity.TransferHistory;
                                        ^
/home/yaroslav/Bureau/ganBackend/gan/src/main/java/com/ganbackend/gan/service/StyleTransferService.java:6: error: package com.ganbackend.gan.backend.repository does not exist
import com.ganbackend.gan.backend.repository.TransferHistoryRepository;
                                            ^
/home/yaroslav/Bureau/ganBackend/gan/src/main/java/com/ganbackend/gan/service/StyleTransferService.java:29: error: cannot find symbol
    private final TransferHistoryRepository historyRepository;
                  ^
  symbol:   class TransferHistoryRepository
  location: class StyleTransferService
/home/yaroslav/Bureau/ganBackend/gan/src/main/java/com/ganbackend/gan/service/StyleTransferService.java:31: error: cannot find symbol
    public StyleTransferService(TransferHistoryRepository historyRepository) {
                                ^
  symbol:   class TransferHistoryRepository
  location: class StyleTransferService
/home/yaroslav/Bureau/ganBackend/gan/src/main/java/com/ganbackend/gan/service/StyleTransferService.java:100: error: cannot find symbol
    public StylesResponse getAvailableStyles() {
           ^
  symbol:   class StylesResponse
  location: class StyleTransferService
/home/yaroslav/Bureau/ganBackend/gan/src/main/java/com/ganbackend/gan/service/StyleTransferService.java:124: error: cannot find symbol
    public List<TransferHistoryDto> getHistory(int limit) {
                ^
  symbol:   class TransferHistoryDto
  location: class StyleTransferService
/home/yaroslav/Bureau/ganBackend/gan/src/main/java/com/ganbackend/gan/entity/TransferHistory.java:17: error: cannot find symbol
    @Id
     ^
  symbol:   class Id
  location: class TransferHistory
/home/yaroslav/Bureau/ganBackend/gan/src/main/java/com/ganbackend/gan/entity/TransferHistory.java:18: error: cannot find symbol
    @GeneratedValue(strategy = GenerationType.IDENTITY)
     ^
  symbol:   class GeneratedValue
  location: class TransferHistory
/home/yaroslav/Bureau/ganBackend/gan/src/main/java/com/ganbackend/gan/entity/TransferHistory.java:18: error: cannot find symbol
    @GeneratedValue(strategy = GenerationType.IDENTITY)
                               ^
  symbol:   variable GenerationType
  location: class TransferHistory
/home/yaroslav/Bureau/ganBackend/gan/src/main/java/com/ganbackend/gan/entity/TransferHistory.java:21: error: cannot find symbol
    @Column(name = "original_filename")
     ^
  symbol:   class Column
  location: class TransferHistory
/home/yaroslav/Bureau/ganBackend/gan/src/main/java/com/ganbackend/gan/entity/TransferHistory.java:24: error: cannot find symbol
    @Column(name = "style", nullable = false)
     ^
  symbol:   class Column
  location: class TransferHistory
/home/yaroslav/Bureau/ganBackend/gan/src/main/java/com/ganbackend/gan/entity/TransferHistory.java:27: error: cannot find symbol
    @Column(name = "output_size")
     ^
  symbol:   class Column
  location: class TransferHistory
/home/yaroslav/Bureau/ganBackend/gan/src/main/java/com/ganbackend/gan/entity/TransferHistory.java:30: error: cannot find symbol
    @Column(name = "result_size_bytes")
     ^
  symbol:   class Column
  location: class TransferHistory
/home/yaroslav/Bureau/ganBackend/gan/src/main/java/com/ganbackend/gan/entity/TransferHistory.java:33: error: cannot find symbol
    @Column(name = "processing_time_ms")
     ^
  symbol:   class Column
  location: class TransferHistory
/home/yaroslav/Bureau/ganBackend/gan/src/main/java/com/ganbackend/gan/entity/TransferHistory.java:36: error: cannot find symbol
    @Column(name = "success")
     ^
  symbol:   class Column
  location: class TransferHistory
/home/yaroslav/Bureau/ganBackend/gan/src/main/java/com/ganbackend/gan/entity/TransferHistory.java:39: error: cannot find symbol
    @Column(name = "error_message", length = 500)
     ^
  symbol:   class Column
  location: class TransferHistory
/home/yaroslav/Bureau/ganBackend/gan/src/main/java/com/ganbackend/gan/entity/TransferHistory.java:42: error: cannot find symbol
    @Column(name = "created_at")
     ^
  symbol:   class Column
  location: class TransferHistory
/home/yaroslav/Bureau/ganBackend/gan/src/main/java/com/ganbackend/gan/repository/TransferHistoryRepository.java:15: error: cannot find symbol
    List<TransferHistory> findTopN(@Param("n") int n);
                                    ^
  symbol:   class Param
  location: interface TransferHistoryRepository
/home/yaroslav/Bureau/ganBackend/gan/src/main/java/com/ganbackend/gan/repository/TransferHistoryRepository.java:14: error: cannot find symbol
    @Query("SELECT h FROM TransferHistory h ORDER BY h.createdAt DESC LIMIT :n")
     ^
  symbol:   class Query
  location: interface TransferHistoryRepository
35 errors.
2026.04.19 13:47:44 INFO  Note: Annotation processing is enabled because one or more processors were found
2026.04.19 13:47:44 WARN  javac exited with exit code 1
2026.04.19 13:47:44 INFO  time: compiled gan in 1.64s
2026.04.19 13:48:09 INFO  compiling gan (8 java sources)
2026.04.19 13:48:11 WARN  Unexpected javac output: Note: Annotation processing is enabled because one or more processors were found
  on the class path. A future release of javac may disable annotation processing
  unless at least one processor is specified by name (-processor), or a search
  path is specified (--processor-path, --processor-module-path), or annotation
  processing is enabled explicitly (-proc:only, -proc:full).
  Use -Xlint:-options to suppress this message.
  Use -proc:none to disable annotation processing.
/home/yaroslav/Bureau/ganBackend/gan/src/main/java/com/ganbackend/gan/controller/StyleTransferController.java:3: error: package com.ganbackend.gan.backend.dto does not exist
import com.ganbackend.gan.backend.dto.StylesResponse;
                                     ^
/home/yaroslav/Bureau/ganBackend/gan/src/main/java/com/ganbackend/gan/controller/StyleTransferController.java:4: error: package com.ganbackend.gan.backend.dto does not exist
import com.ganbackend.gan.backend.dto.TransferHistoryDto;
                                     ^
/home/yaroslav/Bureau/ganBackend/gan/src/main/java/com/ganbackend/gan/controller/StyleTransferController.java:5: error: package com.ganbackend.gan.backend.service does not exist
import com.ganbackend.gan.backend.service.StyleTransferService;
                                         ^
/home/yaroslav/Bureau/ganBackend/gan/src/main/java/com/ganbackend/gan/controller/StyleTransferController.java:22: error: cannot find symbol
    private final StyleTransferService styleTransferService;
                  ^
  symbol:   class StyleTransferService
  location: class StyleTransferController
/home/yaroslav/Bureau/ganBackend/gan/src/main/java/com/ganbackend/gan/controller/StyleTransferController.java:29: error: cannot find symbol
    public ResponseEntity<StylesResponse> getStyles() {
                          ^
  symbol:   class StylesResponse
  location: class StyleTransferController
/home/yaroslav/Bureau/ganBackend/gan/src/main/java/com/ganbackend/gan/controller/StyleTransferController.java:81: error: cannot find symbol
    public ResponseEntity<List<TransferHistoryDto>> getHistory(
                               ^
  symbol:   class TransferHistoryDto
  location: class StyleTransferController
/home/yaroslav/Bureau/ganBackend/gan/src/main/java/com/ganbackend/gan/controller/StyleTransferController.java:18: error: cannot find symbol
@RequiredArgsConstructor
^
  symbol:   class StyleTransferService
  location: class StyleTransferController
/home/yaroslav/Bureau/ganBackend/gan/src/main/java/com/ganbackend/gan/entity/TransferHistory.java:8: error: cannot find symbol
@Entity
 ^
  symbol: class Entity
/home/yaroslav/Bureau/ganBackend/gan/src/main/java/com/ganbackend/gan/entity/TransferHistory.java:9: error: cannot find symbol
@Table(name = "transfer_history")
 ^
  symbol: class Table
/home/yaroslav/Bureau/ganBackend/gan/src/main/java/com/ganbackend/gan/entity/TransferHistory.java:3: error: package jakarta.persistence does not exist
import jakarta.persistence.*;
^
/home/yaroslav/Bureau/ganBackend/gan/src/main/java/com/ganbackend/gan/repository/TransferHistoryRepository.java:4: error: package org.springframework.data.jpa.repository does not exist
import org.springframework.data.jpa.repository.JpaRepository;
                                              ^
/home/yaroslav/Bureau/ganBackend/gan/src/main/java/com/ganbackend/gan/repository/TransferHistoryRepository.java:5: error: package org.springframework.data.jpa.repository does not exist
import org.springframework.data.jpa.repository.Query;
                                              ^
/home/yaroslav/Bureau/ganBackend/gan/src/main/java/com/ganbackend/gan/repository/TransferHistoryRepository.java:6: error: package org.springframework.data.repository.query does not exist
import org.springframework.data.repository.query.Param;
                                                ^
/home/yaroslav/Bureau/ganBackend/gan/src/main/java/com/ganbackend/gan/repository/TransferHistoryRepository.java:12: error: cannot find symbol
public interface TransferHistoryRepository extends JpaRepository<TransferHistory, Long> {
                                                   ^
  symbol: class JpaRepository
/home/yaroslav/Bureau/ganBackend/gan/src/main/java/com/ganbackend/gan/service/StyleTransferService.java:3: error: package com.ganbackend.gan.backend.dto does not exist
import com.ganbackend.gan.backend.dto.StylesResponse;
                                     ^
/home/yaroslav/Bureau/ganBackend/gan/src/main/java/com/ganbackend/gan/service/StyleTransferService.java:4: error: package com.ganbackend.gan.backend.dto does not exist
import com.ganbackend.gan.backend.dto.TransferHistoryDto;
                                     ^
/home/yaroslav/Bureau/ganBackend/gan/src/main/java/com/ganbackend/gan/service/StyleTransferService.java:5: error: package com.ganbackend.gan.backend.entity does not exist
import com.ganbackend.gan.backend.entity.TransferHistory;
                                        ^
/home/yaroslav/Bureau/ganBackend/gan/src/main/java/com/ganbackend/gan/service/StyleTransferService.java:6: error: package com.ganbackend.gan.backend.repository does not exist
import com.ganbackend.gan.backend.repository.TransferHistoryRepository;
                                            ^
/home/yaroslav/Bureau/ganBackend/gan/src/main/java/com/ganbackend/gan/service/StyleTransferService.java:29: error: cannot find symbol
    private final TransferHistoryRepository historyRepository;
                  ^
  symbol:   class TransferHistoryRepository
  location: class StyleTransferService
/home/yaroslav/Bureau/ganBackend/gan/src/main/java/com/ganbackend/gan/service/StyleTransferService.java:31: error: cannot find symbol
    public StyleTransferService(TransferHistoryRepository historyRepository) {
                                ^
  symbol:   class TransferHistoryRepository
  location: class StyleTransferService
/home/yaroslav/Bureau/ganBackend/gan/src/main/java/com/ganbackend/gan/service/StyleTransferService.java:100: error: cannot find symbol
    public StylesResponse getAvailableStyles() {
           ^
  symbol:   class StylesResponse
  location: class StyleTransferService
/home/yaroslav/Bureau/ganBackend/gan/src/main/java/com/ganbackend/gan/service/StyleTransferService.java:124: error: cannot find symbol
    public List<TransferHistoryDto> getHistory(int limit) {
                ^
  symbol:   class TransferHistoryDto
  location: class StyleTransferService
/home/yaroslav/Bureau/ganBackend/gan/src/main/java/com/ganbackend/gan/entity/TransferHistory.java:17: error: cannot find symbol
    @Id
     ^
  symbol:   class Id
  location: class TransferHistory
/home/yaroslav/Bureau/ganBackend/gan/src/main/java/com/ganbackend/gan/entity/TransferHistory.java:18: error: cannot find symbol
    @GeneratedValue(strategy = GenerationType.IDENTITY)
     ^
  symbol:   class GeneratedValue
  location: class TransferHistory
/home/yaroslav/Bureau/ganBackend/gan/src/main/java/com/ganbackend/gan/entity/TransferHistory.java:18: error: cannot find symbol
    @GeneratedValue(strategy = GenerationType.IDENTITY)
                               ^
  symbol:   variable GenerationType
  location: class TransferHistory
/home/yaroslav/Bureau/ganBackend/gan/src/main/java/com/ganbackend/gan/entity/TransferHistory.java:21: error: cannot find symbol
    @Column(name = "original_filename")
     ^
  symbol:   class Column
  location: class TransferHistory
/home/yaroslav/Bureau/ganBackend/gan/src/main/java/com/ganbackend/gan/entity/TransferHistory.java:24: error: cannot find symbol
    @Column(name = "style", nullable = false)
     ^
  symbol:   class Column
  location: class TransferHistory
/home/yaroslav/Bureau/ganBackend/gan/src/main/java/com/ganbackend/gan/entity/TransferHistory.java:27: error: cannot find symbol
    @Column(name = "output_size")
     ^
  symbol:   class Column
  location: class TransferHistory
/home/yaroslav/Bureau/ganBackend/gan/src/main/java/com/ganbackend/gan/entity/TransferHistory.java:30: error: cannot find symbol
    @Column(name = "result_size_bytes")
     ^
  symbol:   class Column
  location: class TransferHistory
/home/yaroslav/Bureau/ganBackend/gan/src/main/java/com/ganbackend/gan/entity/TransferHistory.java:33: error: cannot find symbol
    @Column(name = "processing_time_ms")
     ^
  symbol:   class Column
  location: class TransferHistory
/home/yaroslav/Bureau/ganBackend/gan/src/main/java/com/ganbackend/gan/entity/TransferHistory.java:36: error: cannot find symbol
    @Column(name = "success")
     ^
  symbol:   class Column
  location: class TransferHistory
/home/yaroslav/Bureau/ganBackend/gan/src/main/java/com/ganbackend/gan/entity/TransferHistory.java:39: error: cannot find symbol
    @Column(name = "error_message", length = 500)
     ^
  symbol:   class Column
  location: class TransferHistory
/home/yaroslav/Bureau/ganBackend/gan/src/main/java/com/ganbackend/gan/entity/TransferHistory.java:42: error: cannot find symbol
    @Column(name = "created_at")
     ^
  symbol:   class Column
  location: class TransferHistory
/home/yaroslav/Bureau/ganBackend/gan/src/main/java/com/ganbackend/gan/repository/TransferHistoryRepository.java:15: error: cannot find symbol
    List<TransferHistory> findTopN(@Param("n") int n);
                                    ^
  symbol:   class Param
  location: interface TransferHistoryRepository
/home/yaroslav/Bureau/ganBackend/gan/src/main/java/com/ganbackend/gan/repository/TransferHistoryRepository.java:14: error: cannot find symbol
    @Query("SELECT h FROM TransferHistory h ORDER BY h.createdAt DESC LIMIT :n")
     ^
  symbol:   class Query
  location: interface TransferHistoryRepository
35 errors.
2026.04.19 13:48:11 INFO  Note: Annotation processing is enabled because one or more processors were found
2026.04.19 13:48:11 WARN  javac exited with exit code 1
2026.04.19 13:48:11 INFO  time: compiled gan in 1.55s
2026.04.19 13:48:16 INFO  compiling gan (8 java sources)
2026.04.19 13:48:16 WARN  Unexpected javac output: error: file not found: /home/yaroslav/Bureau/ganBackend/gan/src/main/java/com/ganbackend/gan/exception/GlobalExceptionHandler.java
Usage: javac <options> <source files>
use --help for a list of possible options.
2026.04.19 13:48:16 WARN  javac exited with exit code 2
2026.04.19 13:48:16 INFO  time: compiled gan in 0.35s
2026.04.19 13:48:16 INFO  compiling gan (8 java sources)
avr. 19, 2026 1:48:18 PM scala.meta.internal.mtags.SymbolIndexBucket addMtagsSourceFile
AVERTISSEMENT: Error indexing /home/yaroslav/Bureau/ganBackend/gan/src/main/java/com/ganbackend/gan/exception/GlobalExceptionHandler.java
java.nio.file.NoSuchFileException: /home/yaroslav/Bureau/ganBackend/gan/src/main/java/com/ganbackend/gan/exception/GlobalExceptionHandler.java
	at java.base/sun.nio.fs.UnixException.translateToIOException(UnixException.java:92)
	at java.base/sun.nio.fs.UnixException.rethrowAsIOException(UnixException.java:106)
	at java.base/sun.nio.fs.UnixException.rethrowAsIOException(UnixException.java:111)
	at java.base/sun.nio.fs.UnixFileSystemProvider.newByteChannel(UnixFileSystemProvider.java:261)
	at java.base/java.nio.file.Files.newByteChannel(Files.java:380)
	at java.base/java.nio.file.Files.newByteChannel(Files.java:432)
	at java.base/java.nio.file.Files.readAllBytes(Files.java:3281)
	at scala.meta.internal.io.PlatformFileIO$.slurp(PlatformFileIO.scala:38)
	at scala.meta.internal.io.FileIO$.slurp(FileIO.scala:18)
	at scala.meta.internal.mtags.ScalametaCommonEnrichments$XtensionAbsolutePath.toInput(ScalametaCommonEnrichments.scala:519)
	at scala.meta.internal.mtags.Mtags.index(Mtags.scala:101)
	at scala.meta.internal.mtags.Mtags.allSymbols(Mtags.scala:21)
	at scala.meta.internal.mtags.SymbolIndexBucket.allSymbols(SymbolIndexBucket.scala:293)
	at scala.meta.internal.mtags.SymbolIndexBucket.addMtagsSourceFile(SymbolIndexBucket.scala:304)
	at scala.meta.internal.mtags.SymbolIndexBucket.$anonfun$query0$1(SymbolIndexBucket.scala:220)
	at scala.meta.internal.mtags.SymbolIndexBucket.$anonfun$query0$1$adapted(SymbolIndexBucket.scala:220)
	at scala.collection.immutable.Set$Set2.foreach(Set.scala:210)
	at scala.meta.internal.mtags.SymbolIndexBucket.query0(SymbolIndexBucket.scala:220)
	at scala.meta.internal.mtags.SymbolIndexBucket.query(SymbolIndexBucket.scala:193)
	at scala.meta.internal.mtags.OnDemandSymbolIndex.$anonfun$findSymbolDefinition$1(OnDemandSymbolIndex.scala:143)
	at scala.collection.immutable.List.flatMap(List.scala:283)
	at scala.meta.internal.mtags.OnDemandSymbolIndex.findSymbolDefinition(OnDemandSymbolIndex.scala:143)
	at scala.meta.internal.mtags.OnDemandSymbolIndex.definition(OnDemandSymbolIndex.scala:48)
	at scala.meta.internal.metals.Docstrings.indexSymbol(Docstrings.scala:138)
	at scala.meta.internal.metals.Docstrings.documentation(Docstrings.scala:49)
	at scala.meta.internal.metals.MetalsSymbolSearch.documentation(MetalsSymbolSearch.scala:47)
	at scala.meta.internal.pc.JavaMetalsGlobal.documentation(JavaMetalsGlobal.scala:187)
	at scala.meta.internal.pc.JavaHoverProvider.$anonfun$hoverOffset$1(JavaHoverProvider.scala:67)
	at scala.Option.map(Option.scala:242)
	at scala.meta.internal.pc.JavaHoverProvider.hoverOffset(JavaHoverProvider.scala:57)
	at scala.meta.internal.pc.JavaHoverProvider.hover(JavaHoverProvider.scala:37)
	at scala.meta.internal.pc.JavaPresentationCompiler.hover(JavaPresentationCompiler.scala:80)
	at scala.meta.internal.metals.Compilers.$anonfun$hover$1(Compilers.scala:1134)
	at scala.meta.internal.metals.Compilers.$anonfun$withPCAndAdjustLsp$12(Compilers.scala:1628)
	at scala.Option.map(Option.scala:242)
	at scala.meta.internal.metals.Compilers.$anonfun$withPCAndAdjustLsp$10(Compilers.scala:1628)
	at scala.Option.flatMap(Option.scala:283)
	at scala.meta.internal.metals.Compilers.withPCAndAdjustLsp(Compilers.scala:1610)
	at scala.meta.internal.metals.Compilers.hover(Compilers.scala:1129)
	at scala.meta.internal.metals.MetalsLspService.$anonfun$hover$1(MetalsLspService.scala:985)
	at scala.meta.internal.metals.CancelTokens$.future(CancelTokens.scala:38)
	at scala.meta.internal.metals.MetalsLspService.hover(MetalsLspService.scala:983)
	at scala.meta.internal.metals.WorkspaceLspService.hover(WorkspaceLspService.scala:524)
	at scala.meta.metals.lsp.DelegatingScalaService.hover(DelegatingScalaService.scala:78)
	at java.base/jdk.internal.reflect.DirectMethodHandleAccessor.invoke(DirectMethodHandleAccessor.java:103)
	at java.base/java.lang.reflect.Method.invoke(Method.java:580)
	at org.eclipse.lsp4j.jsonrpc.services.GenericEndpoint.lambda$recursiveFindRpcMethods$0(GenericEndpoint.java:65)
	at org.eclipse.lsp4j.jsonrpc.services.GenericEndpoint.request(GenericEndpoint.java:128)
	at org.eclipse.lsp4j.jsonrpc.RemoteEndpoint.handleRequest(RemoteEndpoint.java:265)
	at org.eclipse.lsp4j.jsonrpc.RemoteEndpoint.consume(RemoteEndpoint.java:195)
	at org.eclipse.lsp4j.jsonrpc.json.StreamMessageProducer.handleMessage(StreamMessageProducer.java:189)
	at org.eclipse.lsp4j.jsonrpc.json.StreamMessageProducer.listen(StreamMessageProducer.java:97)
	at org.eclipse.lsp4j.jsonrpc.json.ConcurrentMessageProcessor.run(ConcurrentMessageProcessor.java:97)
	at java.base/java.util.concurrent.Executors$RunnableAdapter.call(Executors.java:572)
	at java.base/java.util.concurrent.FutureTask.run(FutureTask.java:317)
	at java.base/java.util.concurrent.ThreadPoolExecutor.runWorker(ThreadPoolExecutor.java:1144)
	at java.base/java.util.concurrent.ThreadPoolExecutor$Worker.run(ThreadPoolExecutor.java:642)
	at java.base/java.lang.Thread.run(Thread.java:1583)

avr. 19, 2026 1:48:18 PM scala.meta.internal.mtags.SymbolIndexBucket addMtagsSourceFile
AVERTISSEMENT: Error indexing /home/yaroslav/Bureau/ganBackend/gan/src/main/java/com/ganbackend/gan/exception/GlobalExceptionHandler.java
java.nio.file.NoSuchFileException: /home/yaroslav/Bureau/ganBackend/gan/src/main/java/com/ganbackend/gan/exception/GlobalExceptionHandler.java
	at java.base/sun.nio.fs.UnixException.translateToIOException(UnixException.java:92)
	at java.base/sun.nio.fs.UnixException.rethrowAsIOException(UnixException.java:106)
	at java.base/sun.nio.fs.UnixException.rethrowAsIOException(UnixException.java:111)
	at java.base/sun.nio.fs.UnixFileSystemProvider.newByteChannel(UnixFileSystemProvider.java:261)
	at java.base/java.nio.file.Files.newByteChannel(Files.java:380)
	at java.base/java.nio.file.Files.newByteChannel(Files.java:432)
	at java.base/java.nio.file.Files.readAllBytes(Files.java:3281)
	at scala.meta.internal.io.PlatformFileIO$.slurp(PlatformFileIO.scala:38)
	at scala.meta.internal.io.FileIO$.slurp(FileIO.scala:18)
	at scala.meta.internal.mtags.ScalametaCommonEnrichments$XtensionAbsolutePath.toInput(ScalametaCommonEnrichments.scala:519)
	at scala.meta.internal.mtags.Mtags.index(Mtags.scala:101)
	at scala.meta.internal.mtags.Mtags.allSymbols(Mtags.scala:21)
	at scala.meta.internal.mtags.SymbolIndexBucket.allSymbols(SymbolIndexBucket.scala:293)
	at scala.meta.internal.mtags.SymbolIndexBucket.addMtagsSourceFile(SymbolIndexBucket.scala:304)
	at scala.meta.internal.mtags.SymbolIndexBucket.addMtagsSourceFile(SymbolIndexBucket.scala:315)
	at scala.meta.internal.mtags.SymbolIndexBucket.$anonfun$query0$1(SymbolIndexBucket.scala:220)
	at scala.meta.internal.mtags.SymbolIndexBucket.$anonfun$query0$1$adapted(SymbolIndexBucket.scala:220)
	at scala.collection.immutable.Set$Set2.foreach(Set.scala:210)
	at scala.meta.internal.mtags.SymbolIndexBucket.query0(SymbolIndexBucket.scala:220)
	at scala.meta.internal.mtags.SymbolIndexBucket.query(SymbolIndexBucket.scala:193)
	at scala.meta.internal.mtags.OnDemandSymbolIndex.$anonfun$findSymbolDefinition$1(OnDemandSymbolIndex.scala:143)
	at scala.collection.immutable.List.flatMap(List.scala:283)
	at scala.meta.internal.mtags.OnDemandSymbolIndex.findSymbolDefinition(OnDemandSymbolIndex.scala:143)
	at scala.meta.internal.mtags.OnDemandSymbolIndex.definition(OnDemandSymbolIndex.scala:48)
	at scala.meta.internal.metals.Docstrings.indexSymbol(Docstrings.scala:138)
	at scala.meta.internal.metals.Docstrings.documentation(Docstrings.scala:49)
	at scala.meta.internal.metals.MetalsSymbolSearch.documentation(MetalsSymbolSearch.scala:47)
	at scala.meta.internal.pc.JavaMetalsGlobal.documentation(JavaMetalsGlobal.scala:187)
	at scala.meta.internal.pc.JavaHoverProvider.$anonfun$hoverOffset$1(JavaHoverProvider.scala:67)
	at scala.Option.map(Option.scala:242)
	at scala.meta.internal.pc.JavaHoverProvider.hoverOffset(JavaHoverProvider.scala:57)
	at scala.meta.internal.pc.JavaHoverProvider.hover(JavaHoverProvider.scala:37)
	at scala.meta.internal.pc.JavaPresentationCompiler.hover(JavaPresentationCompiler.scala:80)
	at scala.meta.internal.metals.Compilers.$anonfun$hover$1(Compilers.scala:1134)
	at scala.meta.internal.metals.Compilers.$anonfun$withPCAndAdjustLsp$12(Compilers.scala:1628)
	at scala.Option.map(Option.scala:242)
	at scala.meta.internal.metals.Compilers.$anonfun$withPCAndAdjustLsp$10(Compilers.scala:1628)
	at scala.Option.flatMap(Option.scala:283)
	at scala.meta.internal.metals.Compilers.withPCAndAdjustLsp(Compilers.scala:1610)
	at scala.meta.internal.metals.Compilers.hover(Compilers.scala:1129)
	at scala.meta.internal.metals.MetalsLspService.$anonfun$hover$1(MetalsLspService.scala:985)
	at scala.meta.internal.metals.CancelTokens$.future(CancelTokens.scala:38)
	at scala.meta.internal.metals.MetalsLspService.hover(MetalsLspService.scala:983)
	at scala.meta.internal.metals.WorkspaceLspService.hover(WorkspaceLspService.scala:524)
	at scala.meta.metals.lsp.DelegatingScalaService.hover(DelegatingScalaService.scala:78)
	at java.base/jdk.internal.reflect.DirectMethodHandleAccessor.invoke(DirectMethodHandleAccessor.java:103)
	at java.base/java.lang.reflect.Method.invoke(Method.java:580)
	at org.eclipse.lsp4j.jsonrpc.services.GenericEndpoint.lambda$recursiveFindRpcMethods$0(GenericEndpoint.java:65)
	at org.eclipse.lsp4j.jsonrpc.services.GenericEndpoint.request(GenericEndpoint.java:128)
	at org.eclipse.lsp4j.jsonrpc.RemoteEndpoint.handleRequest(RemoteEndpoint.java:265)
	at org.eclipse.lsp4j.jsonrpc.RemoteEndpoint.consume(RemoteEndpoint.java:195)
	at org.eclipse.lsp4j.jsonrpc.json.StreamMessageProducer.handleMessage(StreamMessageProducer.java:189)
	at org.eclipse.lsp4j.jsonrpc.json.StreamMessageProducer.listen(StreamMessageProducer.java:97)
	at org.eclipse.lsp4j.jsonrpc.json.ConcurrentMessageProcessor.run(ConcurrentMessageProcessor.java:97)
	at java.base/java.util.concurrent.Executors$RunnableAdapter.call(Executors.java:572)
	at java.base/java.util.concurrent.FutureTask.run(FutureTask.java:317)
	at java.base/java.util.concurrent.ThreadPoolExecutor.runWorker(ThreadPoolExecutor.java:1144)
	at java.base/java.util.concurrent.ThreadPoolExecutor$Worker.run(ThreadPoolExecutor.java:642)
	at java.base/java.lang.Thread.run(Thread.java:1583)

2026.04.19 13:48:18 WARN  Unexpected javac output: Note: Annotation processing is enabled because one or more processors were found
  on the class path. A future release of javac may disable annotation processing
  unless at least one processor is specified by name (-processor), or a search
  path is specified (--processor-path, --processor-module-path), or annotation
  processing is enabled explicitly (-proc:only, -proc:full).
  Use -Xlint:-options to suppress this message.
  Use -proc:none to disable annotation processing.
/home/yaroslav/Bureau/ganBackend/gan/src/main/java/com/ganbackend/gan/controller/StyleTransferController.java:3: error: package com.ganbackend.gan.backend.dto does not exist
import com.ganbackend.gan.backend.dto.StylesResponse;
                                     ^
/home/yaroslav/Bureau/ganBackend/gan/src/main/java/com/ganbackend/gan/controller/StyleTransferController.java:4: error: package com.ganbackend.gan.backend.dto does not exist
import com.ganbackend.gan.backend.dto.TransferHistoryDto;
                                     ^
/home/yaroslav/Bureau/ganBackend/gan/src/main/java/com/ganbackend/gan/controller/StyleTransferController.java:5: error: package com.ganbackend.gan.backend.service does not exist
import com.ganbackend.gan.backend.service.StyleTransferService;
                                         ^
/home/yaroslav/Bureau/ganBackend/gan/src/main/java/com/ganbackend/gan/controller/StyleTransferController.java:22: error: cannot find symbol
    private final StyleTransferService styleTransferService;
                  ^
  symbol:   class StyleTransferService
  location: class StyleTransferController
/home/yaroslav/Bureau/ganBackend/gan/src/main/java/com/ganbackend/gan/controller/StyleTransferController.java:29: error: cannot find symbol
    public ResponseEntity<StylesResponse> getStyles() {
                          ^
  symbol:   class StylesResponse
  location: class StyleTransferController
/home/yaroslav/Bureau/ganBackend/gan/src/main/java/com/ganbackend/gan/controller/StyleTransferController.java:81: error: cannot find symbol
    public ResponseEntity<List<TransferHistoryDto>> getHistory(
                               ^
  symbol:   class TransferHistoryDto
  location: class StyleTransferController
/home/yaroslav/Bureau/ganBackend/gan/src/main/java/com/ganbackend/gan/controller/StyleTransferController.java:18: error: cannot find symbol
@RequiredArgsConstructor
^
  symbol:   class StyleTransferService
  location: class StyleTransferController
/home/yaroslav/Bureau/ganBackend/gan/src/main/java/com/ganbackend/gan/entity/TransferHistory.java:8: error: cannot find symbol
@Entity
 ^
  symbol: class Entity
/home/yaroslav/Bureau/ganBackend/gan/src/main/java/com/ganbackend/gan/entity/TransferHistory.java:9: error: cannot find symbol
@Table(name = "transfer_history")
 ^
  symbol: class Table
/home/yaroslav/Bureau/ganBackend/gan/src/main/java/com/ganbackend/gan/entity/TransferHistory.java:3: error: package jakarta.persistence does not exist
import jakarta.persistence.*;
^
/home/yaroslav/Bureau/ganBackend/gan/src/main/java/com/ganbackend/gan/repository/TransferHistoryRepository.java:4: error: package org.springframework.data.jpa.repository does not exist
import org.springframework.data.jpa.repository.JpaRepository;
                                              ^
/home/yaroslav/Bureau/ganBackend/gan/src/main/java/com/ganbackend/gan/repository/TransferHistoryRepository.java:5: error: package org.springframework.data.jpa.repository does not exist
import org.springframework.data.jpa.repository.Query;
                                              ^
/home/yaroslav/Bureau/ganBackend/gan/src/main/java/com/ganbackend/gan/repository/TransferHistoryRepository.java:6: error: package org.springframework.data.repository.query does not exist
import org.springframework.data.repository.query.Param;
                                                ^
/home/yaroslav/Bureau/ganBackend/gan/src/main/java/com/ganbackend/gan/repository/TransferHistoryRepository.java:12: error: cannot find symbol
public interface TransferHistoryRepository extends JpaRepository<TransferHistory, Long> {
                                                   ^
  symbol: class JpaRepository
/home/yaroslav/Bureau/ganBackend/gan/src/main/java/com/ganbackend/gan/service/StyleTransferService.java:3: error: package com.ganbackend.gan.backend.dto does not exist
import com.ganbackend.gan.backend.dto.StylesResponse;
                                     ^
/home/yaroslav/Bureau/ganBackend/gan/src/main/java/com/ganbackend/gan/service/StyleTransferService.java:4: error: package com.ganbackend.gan.backend.dto does not exist
import com.ganbackend.gan.backend.dto.TransferHistoryDto;
                                     ^
/home/yaroslav/Bureau/ganBackend/gan/src/main/java/com/ganbackend/gan/service/StyleTransferService.java:5: error: package com.ganbackend.gan.backend.entity does not exist
import com.ganbackend.gan.backend.entity.TransferHistory;
                                        ^
/home/yaroslav/Bureau/ganBackend/gan/src/main/java/com/ganbackend/gan/service/StyleTransferService.java:6: error: package com.ganbackend.gan.backend.repository does not exist
import com.ganbackend.gan.backend.repository.TransferHistoryRepository;
                                            ^
/home/yaroslav/Bureau/ganBackend/gan/src/main/java/com/ganbackend/gan/service/StyleTransferService.java:29: error: cannot find symbol
    private final TransferHistoryRepository historyRepository;
                  ^
  symbol:   class TransferHistoryRepository
  location: class StyleTransferService
/home/yaroslav/Bureau/ganBackend/gan/src/main/java/com/ganbackend/gan/service/StyleTransferService.java:31: error: cannot find symbol
    public StyleTransferService(TransferHistoryRepository historyRepository) {
                                ^
  symbol:   class TransferHistoryRepository
  location: class StyleTransferService
/home/yaroslav/Bureau/ganBackend/gan/src/main/java/com/ganbackend/gan/service/StyleTransferService.java:100: error: cannot find symbol
    public StylesResponse getAvailableStyles() {
           ^
  symbol:   class StylesResponse
  location: class StyleTransferService
/home/yaroslav/Bureau/ganBackend/gan/src/main/java/com/ganbackend/gan/service/StyleTransferService.java:124: error: cannot find symbol
    public List<TransferHistoryDto> getHistory(int limit) {
                ^
  symbol:   class TransferHistoryDto
  location: class StyleTransferService
/home/yaroslav/Bureau/ganBackend/gan/src/main/java/com/ganbackend/gan/entity/TransferHistory.java:17: error: cannot find symbol
    @Id
     ^
  symbol:   class Id
  location: class TransferHistory
/home/yaroslav/Bureau/ganBackend/gan/src/main/java/com/ganbackend/gan/entity/TransferHistory.java:18: error: cannot find symbol
    @GeneratedValue(strategy = GenerationType.IDENTITY)
     ^
  symbol:   class GeneratedValue
  location: class TransferHistory
/home/yaroslav/Bureau/ganBackend/gan/src/main/java/com/ganbackend/gan/entity/TransferHistory.java:18: error: cannot find symbol
    @GeneratedValue(strategy = GenerationType.IDENTITY)
                               ^
  symbol:   variable GenerationType
  location: class TransferHistory
/home/yaroslav/Bureau/ganBackend/gan/src/main/java/com/ganbackend/gan/entity/TransferHistory.java:21: error: cannot find symbol
    @Column(name = "original_filename")
     ^
  symbol:   class Column
  location: class TransferHistory
/home/yaroslav/Bureau/ganBackend/gan/src/main/java/com/ganbackend/gan/entity/TransferHistory.java:24: error: cannot find symbol
    @Column(name = "style", nullable = false)
     ^
  symbol:   class Column
  location: class TransferHistory
/home/yaroslav/Bureau/ganBackend/gan/src/main/java/com/ganbackend/gan/entity/TransferHistory.java:27: error: cannot find symbol
    @Column(name = "output_size")
     ^
  symbol:   class Column
  location: class TransferHistory
/home/yaroslav/Bureau/ganBackend/gan/src/main/java/com/ganbackend/gan/entity/TransferHistory.java:30: error: cannot find symbol
    @Column(name = "result_size_bytes")
     ^
  symbol:   class Column
  location: class TransferHistory
/home/yaroslav/Bureau/ganBackend/gan/src/main/java/com/ganbackend/gan/entity/TransferHistory.java:33: error: cannot find symbol
    @Column(name = "processing_time_ms")
     ^
  symbol:   class Column
  location: class TransferHistory
/home/yaroslav/Bureau/ganBackend/gan/src/main/java/com/ganbackend/gan/entity/TransferHistory.java:36: error: cannot find symbol
    @Column(name = "success")
     ^
  symbol:   class Column
  location: class TransferHistory
/home/yaroslav/Bureau/ganBackend/gan/src/main/java/com/ganbackend/gan/entity/TransferHistory.java:39: error: cannot find symbol
    @Column(name = "error_message", length = 500)
     ^
  symbol:   class Column
  location: class TransferHistory
/home/yaroslav/Bureau/ganBackend/gan/src/main/java/com/ganbackend/gan/entity/TransferHistory.java:42: error: cannot find symbol
    @Column(name = "created_at")
     ^
  symbol:   class Column
  location: class TransferHistory
/home/yaroslav/Bureau/ganBackend/gan/src/main/java/com/ganbackend/gan/repository/TransferHistoryRepository.java:15: error: cannot find symbol
    List<TransferHistory> findTopN(@Param("n") int n);
                                    ^
  symbol:   class Param
  location: interface TransferHistoryRepository
/home/yaroslav/Bureau/ganBackend/gan/src/main/java/com/ganbackend/gan/repository/TransferHistoryRepository.java:14: error: cannot find symbol
    @Query("SELECT h FROM TransferHistory h ORDER BY h.createdAt DESC LIMIT :n")
     ^
  symbol:   class Query
  location: interface TransferHistoryRepository
35 errors.
2026.04.19 13:48:18 INFO  Note: Annotation processing is enabled because one or more processors were found
2026.04.19 13:48:18 WARN  javac exited with exit code 1
2026.04.19 13:48:18 INFO  time: compiled gan in 1.64s
2026.04.19 13:48:26 INFO  compiling gan (8 java sources)
2026.04.19 13:48:28 WARN  Unexpected javac output: Note: Annotation processing is enabled because one or more processors were found
  on the class path. A future release of javac may disable annotation processing
  unless at least one processor is specified by name (-processor), or a search
  path is specified (--processor-path, --processor-module-path), or annotation
  processing is enabled explicitly (-proc:only, -proc:full).
  Use -Xlint:-options to suppress this message.
  Use -proc:none to disable annotation processing.
/home/yaroslav/Bureau/ganBackend/gan/src/main/java/com/ganbackend/gan/exception/GlobalExceptionHandler.java:13: error: class StylesResponse is public, should be declared in a file named StylesResponse.java
public class StylesResponse {
       ^
/home/yaroslav/Bureau/ganBackend/gan/src/main/java/com/ganbackend/gan/controller/StyleTransferController.java:3: error: package com.ganbackend.gan.backend.dto does not exist
import com.ganbackend.gan.backend.dto.StylesResponse;
                                     ^
/home/yaroslav/Bureau/ganBackend/gan/src/main/java/com/ganbackend/gan/controller/StyleTransferController.java:4: error: package com.ganbackend.gan.backend.dto does not exist
import com.ganbackend.gan.backend.dto.TransferHistoryDto;
                                     ^
/home/yaroslav/Bureau/ganBackend/gan/src/main/java/com/ganbackend/gan/controller/StyleTransferController.java:5: error: package com.ganbackend.gan.backend.service does not exist
import com.ganbackend.gan.backend.service.StyleTransferService;
                                         ^
/home/yaroslav/Bureau/ganBackend/gan/src/main/java/com/ganbackend/gan/controller/StyleTransferController.java:22: error: cannot find symbol
    private final StyleTransferService styleTransferService;
                  ^
  symbol:   class StyleTransferService
  location: class StyleTransferController
/home/yaroslav/Bureau/ganBackend/gan/src/main/java/com/ganbackend/gan/controller/StyleTransferController.java:29: error: cannot find symbol
    public ResponseEntity<StylesResponse> getStyles() {
                          ^
  symbol:   class StylesResponse
  location: class StyleTransferController
/home/yaroslav/Bureau/ganBackend/gan/src/main/java/com/ganbackend/gan/controller/StyleTransferController.java:81: error: cannot find symbol
    public ResponseEntity<List<TransferHistoryDto>> getHistory(
                               ^
  symbol:   class TransferHistoryDto
  location: class StyleTransferController
/home/yaroslav/Bureau/ganBackend/gan/src/main/java/com/ganbackend/gan/entity/TransferHistory.java:8: error: cannot find symbol
@Entity
 ^
  symbol: class Entity
/home/yaroslav/Bureau/ganBackend/gan/src/main/java/com/ganbackend/gan/entity/TransferHistory.java:9: error: cannot find symbol
@Table(name = "transfer_history")
 ^
  symbol: class Table
/home/yaroslav/Bureau/ganBackend/gan/src/main/java/com/ganbackend/gan/entity/TransferHistory.java:3: error: package jakarta.persistence does not exist
import jakarta.persistence.*;
^
/home/yaroslav/Bureau/ganBackend/gan/src/main/java/com/ganbackend/gan/repository/TransferHistoryRepository.java:4: error: package org.springframework.data.jpa.repository does not exist
import org.springframework.data.jpa.repository.JpaRepository;
                                              ^
/home/yaroslav/Bureau/ganBackend/gan/src/main/java/com/ganbackend/gan/repository/TransferHistoryRepository.java:5: error: package org.springframework.data.jpa.repository does not exist
import org.springframework.data.jpa.repository.Query;
                                              ^
/home/yaroslav/Bureau/ganBackend/gan/src/main/java/com/ganbackend/gan/repository/TransferHistoryRepository.java:6: error: package org.springframework.data.repository.query does not exist
import org.springframework.data.repository.query.Param;
                                                ^
/home/yaroslav/Bureau/ganBackend/gan/src/main/java/com/ganbackend/gan/repository/TransferHistoryRepository.java:12: error: cannot find symbol
public interface TransferHistoryRepository extends JpaRepository<TransferHistory, Long> {
                                                   ^
  symbol: class JpaRepository
/home/yaroslav/Bureau/ganBackend/gan/src/main/java/com/ganbackend/gan/service/StyleTransferService.java:3: error: package com.ganbackend.gan.backend.dto does not exist
import com.ganbackend.gan.backend.dto.StylesResponse;
                                     ^
/home/yaroslav/Bureau/ganBackend/gan/src/main/java/com/ganbackend/gan/service/StyleTransferService.java:4: error: package com.ganbackend.gan.backend.dto does not exist
import com.ganbackend.gan.backend.dto.TransferHistoryDto;
                                     ^
/home/yaroslav/Bureau/ganBackend/gan/src/main/java/com/ganbackend/gan/service/StyleTransferService.java:5: error: package com.ganbackend.gan.backend.entity does not exist
import com.ganbackend.gan.backend.entity.TransferHistory;
                                        ^
/home/yaroslav/Bureau/ganBackend/gan/src/main/java/com/ganbackend/gan/service/StyleTransferService.java:6: error: package com.ganbackend.gan.backend.repository does not exist
import com.ganbackend.gan.backend.repository.TransferHistoryRepository;
                                            ^
/home/yaroslav/Bureau/ganBackend/gan/src/main/java/com/ganbackend/gan/service/StyleTransferService.java:29: error: cannot find symbol
    private final TransferHistoryRepository historyRepository;
                  ^
  symbol:   class TransferHistoryRepository
  location: class StyleTransferService
/home/yaroslav/Bureau/ganBackend/gan/src/main/java/com/ganbackend/gan/service/StyleTransferService.java:31: error: cannot find symbol
    public StyleTransferService(TransferHistoryRepository historyRepository) {
                                ^
  symbol:   class TransferHistoryRepository
  location: class StyleTransferService
/home/yaroslav/Bureau/ganBackend/gan/src/main/java/com/ganbackend/gan/service/StyleTransferService.java:100: error: cannot find symbol
    public StylesResponse getAvailableStyles() {
           ^
  symbol:   class StylesResponse
  location: class StyleTransferService
/home/yaroslav/Bureau/ganBackend/gan/src/main/java/com/ganbackend/gan/service/StyleTransferService.java:124: error: cannot find symbol
    public List<TransferHistoryDto> getHistory(int limit) {
                ^
  symbol:   class TransferHistoryDto
  location: class StyleTransferService
/home/yaroslav/Bureau/ganBackend/gan/src/main/java/com/ganbackend/gan/entity/TransferHistory.java:17: error: cannot find symbol
    @Id
     ^
  symbol:   class Id
  location: class TransferHistory
/home/yaroslav/Bureau/ganBackend/gan/src/main/java/com/ganbackend/gan/entity/TransferHistory.java:18: error: cannot find symbol
    @GeneratedValue(strategy = GenerationType.IDENTITY)
     ^
  symbol:   class GeneratedValue
  location: class TransferHistory
/home/yaroslav/Bureau/ganBackend/gan/src/main/java/com/ganbackend/gan/entity/TransferHistory.java:18: error: cannot find symbol
    @GeneratedValue(strategy = GenerationType.IDENTITY)
                               ^
  symbol:   variable GenerationType
  location: class TransferHistory
/home/yaroslav/Bureau/ganBackend/gan/src/main/java/com/ganbackend/gan/entity/TransferHistory.java:21: error: cannot find symbol
    @Column(name = "original_filename")
     ^
  symbol:   class Column
  location: class TransferHistory
/home/yaroslav/Bureau/ganBackend/gan/src/main/java/com/ganbackend/gan/entity/TransferHistory.java:24: error: cannot find symbol
    @Column(name = "style", nullable = false)
     ^
  symbol:   class Column
  location: class TransferHistory
/home/yaroslav/Bureau/ganBackend/gan/src/main/java/com/ganbackend/gan/entity/TransferHistory.java:27: error: cannot find symbol
    @Column(name = "output_size")
     ^
  symbol:   class Column
  location: class TransferHistory
/home/yaroslav/Bureau/ganBackend/gan/src/main/java/com/ganbackend/gan/entity/TransferHistory.java:30: error: cannot find symbol
    @Column(name = "result_size_bytes")
     ^
  symbol:   class Column
  location: class TransferHistory
/home/yaroslav/Bureau/ganBackend/gan/src/main/java/com/ganbackend/gan/entity/TransferHistory.java:33: error: cannot find symbol
    @Column(name = "processing_time_ms")
     ^
  symbol:   class Column
  location: class TransferHistory
/home/yaroslav/Bureau/ganBackend/gan/src/main/java/com/ganbackend/gan/entity/TransferHistory.java:36: error: cannot find symbol
    @Column(name = "success")
     ^
  symbol:   class Column
  location: class TransferHistory
/home/yaroslav/Bureau/ganBackend/gan/src/main/java/com/ganbackend/gan/entity/TransferHistory.java:39: error: cannot find symbol
    @Column(name = "error_message", length = 500)
     ^
  symbol:   class Column
  location: class TransferHistory
/home/yaroslav/Bureau/ganBackend/gan/src/main/java/com/ganbackend/gan/entity/TransferHistory.java:42: error: cannot find symbol
    @Column(name = "created_at")
     ^
  symbol:   class Column
  location: class TransferHistory
/home/yaroslav/Bureau/ganBackend/gan/src/main/java/com/ganbackend/gan/repository/TransferHistoryRepository.java:15: error: cannot find symbol
    List<TransferHistory> findTopN(@Param("n") int n);
                                    ^
  symbol:   class Param
  location: interface TransferHistoryRepository
/home/yaroslav/Bureau/ganBackend/gan/src/main/java/com/ganbackend/gan/repository/TransferHistoryRepository.java:14: error: cannot find symbol
    @Query("SELECT h FROM TransferHistory h ORDER BY h.createdAt DESC LIMIT :n")
     ^
  symbol:   class Query
  location: interface TransferHistoryRepository
/home/yaroslav/Bureau/ganBackend/gan/src/main/java/com/ganbackend/gan/controller/StyleTransferController.java:61: error: cannot find symbol
        log.info("Transfer request: style={}, size={}, file={} ({} bytes)",
        ^
  symbol:   variable log
  location: class StyleTransferController
/home/yaroslav/Bureau/ganBackend/gan/src/main/java/com/ganbackend/gan/dto/StylesResponse.java:27: error: constructor StyleInfo in class StyleInfo cannot be applied to given types;
                "monet",   new StyleInfo("Клод Моне",       "Импрессионизм, мягкие мазки"),
                           ^
  required: no arguments
  found:    String,String
  reason: actual and formal argument lists differ in length
/home/yaroslav/Bureau/ganBackend/gan/src/main/java/com/ganbackend/gan/dto/StylesResponse.java:28: error: constructor StyleInfo in class StyleInfo cannot be applied to given types;
                "vangogh", new StyleInfo("Винсент Ван Гог",  "Экспрессионизм, вихревые линии"),
                           ^
  required: no arguments
  found:    String,String
  reason: actual and formal argument lists differ in length
/home/yaroslav/Bureau/ganBackend/gan/src/main/java/com/ganbackend/gan/dto/StylesResponse.java:29: error: constructor StyleInfo in class StyleInfo cannot be applied to given types;
                "ukiyoe",  new StyleInfo("Укиё-э",           "Японская гравюра"),
                           ^
  required: no arguments
  found:    String,String
  reason: actual and formal argument lists differ in length
/home/yaroslav/Bureau/ganBackend/gan/src/main/java/com/ganbackend/gan/dto/StylesResponse.java:30: error: constructor StyleInfo in class StyleInfo cannot be applied to given types;
                "cezanne", new StyleInfo("Поль Сезанн",      "Постимпрессионизм")
                           ^
  required: no arguments
  found:    String,String
  reason: actual and formal argument lists differ in length
/home/yaroslav/Bureau/ganBackend/gan/src/main/java/com/ganbackend/gan/dto/TransferHistoryDto.java:40: error: cannot find symbol
                h.getId(),
                 ^
  symbol:   method getId()
  location: variable h of type TransferHistory
/home/yaroslav/Bureau/ganBackend/gan/src/main/java/com/ganbackend/gan/dto/TransferHistoryDto.java:41: error: cannot find symbol
                h.getOriginalFilename(),
                 ^
  symbol:   method getOriginalFilename()
  location: variable h of type TransferHistory
/home/yaroslav/Bureau/ganBackend/gan/src/main/java/com/ganbackend/gan/dto/TransferHistoryDto.java:42: error: cannot find symbol
                h.getStyle(),
                 ^
  symbol:   method getStyle()
  location: variable h of type TransferHistory
/home/yaroslav/Bureau/ganBackend/gan/src/main/java/com/ganbackend/gan/dto/TransferHistoryDto.java:43: error: cannot find symbol
                h.getOutputSize(),
                 ^
  symbol:   method getOutputSize()
  location: variable h of type TransferHistory
/home/yaroslav/Bureau/ganBackend/gan/src/main/java/com/ganbackend/gan/dto/TransferHistoryDto.java:44: error: cannot find symbol
                h.getResultSizeBytes(),
                 ^
  symbol:   method getResultSizeBytes()
  location: variable h of type TransferHistory
/home/yaroslav/Bureau/ganBackend/gan/src/main/java/com/ganbackend/gan/dto/TransferHistoryDto.java:45: error: cannot find symbol
                h.getProcessingTimeMs(),
                 ^
  symbol:   method getProcessingTimeMs()
  location: variable h of type TransferHistory
/home/yaroslav/Bureau/ganBackend/gan/src/main/java/com/ganbackend/gan/dto/TransferHistoryDto.java:46: error: cannot find symbol
                h.isSuccess(),
                 ^
  symbol:   method isSuccess()
  location: variable h of type TransferHistory
/home/yaroslav/Bureau/ganBackend/gan/src/main/java/com/ganbackend/gan/dto/TransferHistoryDto.java:47: error: cannot find symbol
                h.getErrorMessage(),
                 ^
  symbol:   method getErrorMessage()
  location: variable h of type TransferHistory
/home/yaroslav/Bureau/ganBackend/gan/src/main/java/com/ganbackend/gan/dto/TransferHistoryDto.java:48: error: cannot find symbol
                h.getCreatedAt()
                 ^
  symbol:   method getCreatedAt()
  location: variable h of type TransferHistory
/home/yaroslav/Bureau/ganBackend/gan/src/main/java/com/ganbackend/gan/exception/GlobalExceptionHandler.java:28: error: constructor StyleInfo in class StyleInfo cannot be applied to given types;
                "monet",   new StyleInfo("Клод Моне",       "Импрессионизм, мягкие мазки"),
                           ^
  required: no arguments
  found:    String,String
  reason: actual and formal argument lists differ in length
/home/yaroslav/Bureau/ganBackend/gan/src/main/java/com/ganbackend/gan/exception/GlobalExceptionHandler.java:29: error: constructor StyleInfo in class StyleInfo cannot be applied to given types;
                "vangogh", new StyleInfo("Винсент Ван Гог",  "Экспрессионизм, вихревые линии"),
                           ^
  required: no arguments
  found:    String,String
  reason: actual and formal argument lists differ in length
/home/yaroslav/Bureau/ganBackend/gan/src/main/java/com/ganbackend/gan/exception/GlobalExceptionHandler.java:30: error: constructor StyleInfo in class StyleInfo cannot be applied to given types;
                "ukiyoe",  new StyleInfo("Укиё-э",           "Японская гравюра"),
                           ^
  required: no arguments
  found:    String,String
  reason: actual and formal argument lists differ in length
/home/yaroslav/Bureau/ganBackend/gan/src/main/java/com/ganbackend/gan/exception/GlobalExceptionHandler.java:31: error: constructor StyleInfo in class StyleInfo cannot be applied to given types;
                "cezanne", new StyleInfo("Поль Сезанн",      "Постимпрессионизм")
                           ^
  required: no arguments
  found:    String,String
  reason: actual and formal argument lists differ in length
/home/yaroslav/Bureau/ganBackend/gan/src/main/java/com/ganbackend/gan/service/StyleTransferService.java:84: error: cannot find symbol
            log.info("Transfer complete: style={}, elapsed={}ms, result={} bytes",
            ^
  symbol:   variable log
  location: class StyleTransferService
/home/yaroslav/Bureau/ganBackend/gan/src/main/java/com/ganbackend/gan/service/StyleTransferService.java:92: error: cannot find symbol
            log.error("Transfer failed: {}", e.getMessage());
            ^
  symbol:   variable log
  location: class StyleTransferService
/home/yaroslav/Bureau/ganBackend/gan/src/main/java/com/ganbackend/gan/service/StyleTransferService.java:102: error: cannot find symbol
            return restTemplate.getForObject(pythonServerUrl + "/styles", StylesResponse.class);
                                                                          ^
  symbol:   class StylesResponse
  location: class StyleTransferService
/home/yaroslav/Bureau/ganBackend/gan/src/main/java/com/ganbackend/gan/service/StyleTransferService.java:104: error: cannot find symbol
            log.warn("Не удалось получить стили с Python: {}", e.getMessage());
            ^
  symbol:   variable log
  location: class StyleTransferService
/home/yaroslav/Bureau/ganBackend/gan/src/main/java/com/ganbackend/gan/service/StyleTransferService.java:106: error: cannot find symbol
            return StylesResponse.defaults();
                   ^
  symbol:   variable StylesResponse
  location: class StyleTransferService
/home/yaroslav/Bureau/ganBackend/gan/src/main/java/com/ganbackend/gan/service/StyleTransferService.java:119: error: cannot find symbol
            log.warn("Python server недоступен: {}", e.getMessage());
            ^
  symbol:   variable log
  location: class StyleTransferService
/home/yaroslav/Bureau/ganBackend/gan/src/main/java/com/ganbackend/gan/service/StyleTransferService.java:126: error: cannot find symbol
                .map(TransferHistoryDto::from)
                     ^
  symbol:   variable TransferHistoryDto
  location: class StyleTransferService
/home/yaroslav/Bureau/ganBackend/gan/src/main/java/com/ganbackend/gan/service/StyleTransferService.java:138: error: cannot find symbol
            TransferHistory record = TransferHistory.builder()
            ^
  symbol:   class TransferHistory
  location: class StyleTransferService
/home/yaroslav/Bureau/ganBackend/gan/src/main/java/com/ganbackend/gan/service/StyleTransferService.java:138: error: cannot find symbol
            TransferHistory record = TransferHistory.builder()
                                     ^
  symbol:   variable TransferHistory
  location: class StyleTransferService
/home/yaroslav/Bureau/ganBackend/gan/src/main/java/com/ganbackend/gan/service/StyleTransferService.java:150: error: cannot find symbol
            log.warn("Не удалось сохранить историю: {}", e.getMessage());
            ^
  symbol:   variable log
  location: class StyleTransferService
63 errors.
2026.04.19 13:48:28 INFO  Note: Annotation processing is enabled because one or more processors were found
2026.04.19 13:48:28 WARN  javac exited with exit code 1
2026.04.19 13:48:28 INFO  time: compiled gan in 1.57s
2026.04.19 13:48:28 INFO  compiling gan (8 java sources)
2026.04.19 13:48:29 WARN  Unexpected javac output: Note: Annotation processing is enabled because one or more processors were found
  on the class path. A future release of javac may disable annotation processing
  unless at least one processor is specified by name (-processor), or a search
  path is specified (--processor-path, --processor-module-path), or annotation
  processing is enabled explicitly (-proc:only, -proc:full).
  Use -Xlint:-options to suppress this message.
  Use -proc:none to disable annotation processing.
/home/yaroslav/Bureau/ganBackend/gan/src/main/java/com/ganbackend/gan/exception/GlobalExceptionHandler.java:6: error: class StylesResponse is public, should be declared in a file named StylesResponse.java
/home/yaroslav/Bureau/ganBackend/gan/src/main/java/com/ganbackend/gan/controller/StyleTransferController.java:3: error: package com.ganbackend.gan.backend.dto does not exist
import com.ganbackend.gan.backend.dto.StylesResponse;
                                     ^
/home/yaroslav/Bureau/ganBackend/gan/src/main/java/com/ganbackend/gan/controller/StyleTransferController.java:4: error: package com.ganbackend.gan.backend.dto does not exist
import com.ganbackend.gan.backend.dto.TransferHistoryDto;
                                     ^
/home/yaroslav/Bureau/ganBackend/gan/src/main/java/com/ganbackend/gan/controller/StyleTransferController.java:5: error: package com.ganbackend.gan.backend.service does not exist
import com.ganbackend.gan.backend.service.StyleTransferService;
                                         ^
/home/yaroslav/Bureau/ganBackend/gan/src/main/java/com/ganbackend/gan/controller/StyleTransferController.java:22: error: cannot find symbol
    private final StyleTransferService styleTransferService;
                  ^
  symbol:   class StyleTransferService
  location: class StyleTransferController
/home/yaroslav/Bureau/ganBackend/gan/src/main/java/com/ganbackend/gan/controller/StyleTransferController.java:29: error: cannot find symbol
    public ResponseEntity<StylesResponse> getStyles() {
                          ^
  symbol:   class StylesResponse
  location: class StyleTransferController
/home/yaroslav/Bureau/ganBackend/gan/src/main/java/com/ganbackend/gan/controller/StyleTransferController.java:81: error: cannot find symbol
    public ResponseEntity<List<TransferHistoryDto>> getHistory(
                               ^
  symbol:   class TransferHistoryDto
  location: class StyleTransferController
/home/yaroslav/Bureau/ganBackend/gan/src/main/java/com/ganbackend/gan/entity/TransferHistory.java:8: error: cannot find symbol
@Entity
 ^
  symbol: class Entity
/home/yaroslav/Bureau/ganBackend/gan/src/main/java/com/ganbackend/gan/entity/TransferHistory.java:9: error: cannot find symbol
@Table(name = "transfer_history")
 ^
  symbol: class Table
/home/yaroslav/Bureau/ganBackend/gan/src/main/java/com/ganbackend/gan/entity/TransferHistory.java:3: error: package jakarta.persistence does not exist
import jakarta.persistence.*;
^
/home/yaroslav/Bureau/ganBackend/gan/src/main/java/com/ganbackend/gan/repository/TransferHistoryRepository.java:4: error: package org.springframework.data.jpa.repository does not exist
import org.springframework.data.jpa.repository.JpaRepository;
                                              ^
/home/yaroslav/Bureau/ganBackend/gan/src/main/java/com/ganbackend/gan/repository/TransferHistoryRepository.java:5: error: package org.springframework.data.jpa.repository does not exist
import org.springframework.data.jpa.repository.Query;
                                              ^
/home/yaroslav/Bureau/ganBackend/gan/src/main/java/com/ganbackend/gan/repository/TransferHistoryRepository.java:6: error: package org.springframework.data.repository.query does not exist
import org.springframework.data.repository.query.Param;
                                                ^
/home/yaroslav/Bureau/ganBackend/gan/src/main/java/com/ganbackend/gan/repository/TransferHistoryRepository.java:12: error: cannot find symbol
public interface TransferHistoryRepository extends JpaRepository<TransferHistory, Long> {
                                                   ^
  symbol: class JpaRepository
/home/yaroslav/Bureau/ganBackend/gan/src/main/java/com/ganbackend/gan/service/StyleTransferService.java:3: error: package com.ganbackend.gan.backend.dto does not exist
import com.ganbackend.gan.backend.dto.StylesResponse;
                                     ^
/home/yaroslav/Bureau/ganBackend/gan/src/main/java/com/ganbackend/gan/service/StyleTransferService.java:4: error: package com.ganbackend.gan.backend.dto does not exist
import com.ganbackend.gan.backend.dto.TransferHistoryDto;
                                     ^
/home/yaroslav/Bureau/ganBackend/gan/src/main/java/com/ganbackend/gan/service/StyleTransferService.java:5: error: package com.ganbackend.gan.backend.entity does not exist
import com.ganbackend.gan.backend.entity.TransferHistory;
                                        ^
/home/yaroslav/Bureau/ganBackend/gan/src/main/java/com/ganbackend/gan/service/StyleTransferService.java:6: error: package com.ganbackend.gan.backend.repository does not exist
import com.ganbackend.gan.backend.repository.TransferHistoryRepository;
                                            ^
/home/yaroslav/Bureau/ganBackend/gan/src/main/java/com/ganbackend/gan/service/StyleTransferService.java:29: error: cannot find symbol
    private final TransferHistoryRepository historyRepository;
                  ^
  symbol:   class TransferHistoryRepository
  location: class StyleTransferService
/home/yaroslav/Bureau/ganBackend/gan/src/main/java/com/ganbackend/gan/service/StyleTransferService.java:31: error: cannot find symbol
    public StyleTransferService(TransferHistoryRepository historyRepository) {
                                ^
  symbol:   class TransferHistoryRepository
  location: class StyleTransferService
/home/yaroslav/Bureau/ganBackend/gan/src/main/java/com/ganbackend/gan/service/StyleTransferService.java:100: error: cannot find symbol
    public StylesResponse getAvailableStyles() {
           ^
  symbol:   class StylesResponse
  location: class StyleTransferService
/home/yaroslav/Bureau/ganBackend/gan/src/main/java/com/ganbackend/gan/service/StyleTransferService.java:124: error: cannot find symbol
    public List<TransferHistoryDto> getHistory(int limit) {
                ^
  symbol:   class TransferHistoryDto
  location: class StyleTransferService
/home/yaroslav/Bureau/ganBackend/gan/src/main/java/com/ganbackend/gan/entity/TransferHistory.java:17: error: cannot find symbol
    @Id
     ^
  symbol:   class Id
  location: class TransferHistory
/home/yaroslav/Bureau/ganBackend/gan/src/main/java/com/ganbackend/gan/entity/TransferHistory.java:18: error: cannot find symbol
    @GeneratedValue(strategy = GenerationType.IDENTITY)
     ^
  symbol:   class GeneratedValue
  location: class TransferHistory
/home/yaroslav/Bureau/ganBackend/gan/src/main/java/com/ganbackend/gan/entity/TransferHistory.java:18: error: cannot find symbol
    @GeneratedValue(strategy = GenerationType.IDENTITY)
                               ^
  symbol:   variable GenerationType
  location: class TransferHistory
/home/yaroslav/Bureau/ganBackend/gan/src/main/java/com/ganbackend/gan/entity/TransferHistory.java:21: error: cannot find symbol
    @Column(name = "original_filename")
     ^
  symbol:   class Column
  location: class TransferHistory
/home/yaroslav/Bureau/ganBackend/gan/src/main/java/com/ganbackend/gan/entity/TransferHistory.java:24: error: cannot find symbol
    @Column(name = "style", nullable = false)
     ^
  symbol:   class Column
  location: class TransferHistory
/home/yaroslav/Bureau/ganBackend/gan/src/main/java/com/ganbackend/gan/entity/TransferHistory.java:27: error: cannot find symbol
    @Column(name = "output_size")
     ^
  symbol:   class Column
  location: class TransferHistory
/home/yaroslav/Bureau/ganBackend/gan/src/main/java/com/ganbackend/gan/entity/TransferHistory.java:30: error: cannot find symbol
    @Column(name = "result_size_bytes")
     ^
  symbol:   class Column
  location: class TransferHistory
/home/yaroslav/Bureau/ganBackend/gan/src/main/java/com/ganbackend/gan/entity/TransferHistory.java:33: error: cannot find symbol
    @Column(name = "processing_time_ms")
     ^
  symbol:   class Column
  location: class TransferHistory
/home/yaroslav/Bureau/ganBackend/gan/src/main/java/com/ganbackend/gan/entity/TransferHistory.java:36: error: cannot find symbol
    @Column(name = "success")
     ^
  symbol:   class Column
  location: class TransferHistory
/home/yaroslav/Bureau/ganBackend/gan/src/main/java/com/ganbackend/gan/entity/TransferHistory.java:39: error: cannot find symbol
    @Column(name = "error_message", length = 500)
     ^
  symbol:   class Column
  location: class TransferHistory
/home/yaroslav/Bureau/ganBackend/gan/src/main/java/com/ganbackend/gan/entity/TransferHistory.java:42: error: cannot find symbol
    @Column(name = "created_at")
     ^
  symbol:   class Column
  location: class TransferHistory
/home/yaroslav/Bureau/ganBackend/gan/src/main/java/com/ganbackend/gan/repository/TransferHistoryRepository.java:15: error: cannot find symbol
    List<TransferHistory> findTopN(@Param("n") int n);
                                    ^
  symbol:   class Param
  location: interface TransferHistoryRepository
/home/yaroslav/Bureau/ganBackend/gan/src/main/java/com/ganbackend/gan/repository/TransferHistoryRepository.java:14: error: cannot find symbol
    @Query("SELECT h FROM TransferHistory h ORDER BY h.createdAt DESC LIMIT :n")
     ^
  symbol:   class Query
  location: interface TransferHistoryRepository
/home/yaroslav/Bureau/ganBackend/gan/src/main/java/com/ganbackend/gan/controller/StyleTransferController.java:61: error: cannot find symbol
        log.info("Transfer request: style={}, size={}, file={} ({} bytes)",
        ^
  symbol:   variable log
  location: class StyleTransferController
/home/yaroslav/Bureau/ganBackend/gan/src/main/java/com/ganbackend/gan/dto/StylesResponse.java:27: error: constructor StyleInfo in class StyleInfo cannot be applied to given types;
                "monet",   new StyleInfo("Клод Моне",       "Импрессионизм, мягкие мазки"),
                           ^
  required: no arguments
  found:    String,String
  reason: actual and formal argument lists differ in length
/home/yaroslav/Bureau/ganBackend/gan/src/main/java/com/ganbackend/gan/dto/StylesResponse.java:28: error: constructor StyleInfo in class StyleInfo cannot be applied to given types;
                "vangogh", new StyleInfo("Винсент Ван Гог",  "Экспрессионизм, вихревые линии"),
                           ^
  required: no arguments
  found:    String,String
  reason: actual and formal argument lists differ in length
/home/yaroslav/Bureau/ganBackend/gan/src/main/java/com/ganbackend/gan/dto/StylesResponse.java:29: error: constructor StyleInfo in class StyleInfo cannot be applied to given types;
                "ukiyoe",  new StyleInfo("Укиё-э",           "Японская гравюра"),
                           ^
  required: no arguments
  found:    String,String
  reason: actual and formal argument lists differ in length
/home/yaroslav/Bureau/ganBackend/gan/src/main/java/com/ganbackend/gan/dto/StylesResponse.java:30: error: constructor StyleInfo in class StyleInfo cannot be applied to given types;
                "cezanne", new StyleInfo("Поль Сезанн",      "Постимпрессионизм")
                           ^
  required: no arguments
  found:    String,String
  reason: actual and formal argument lists differ in length
/home/yaroslav/Bureau/ganBackend/gan/src/main/java/com/ganbackend/gan/dto/TransferHistoryDto.java:40: error: cannot find symbol
                h.getId(),
                 ^
  symbol:   method getId()
  location: variable h of type TransferHistory
/home/yaroslav/Bureau/ganBackend/gan/src/main/java/com/ganbackend/gan/dto/TransferHistoryDto.java:41: error: cannot find symbol
                h.getOriginalFilename(),
                 ^
  symbol:   method getOriginalFilename()
  location: variable h of type TransferHistory
/home/yaroslav/Bureau/ganBackend/gan/src/main/java/com/ganbackend/gan/dto/TransferHistoryDto.java:42: error: cannot find symbol
                h.getStyle(),
                 ^
  symbol:   method getStyle()
  location: variable h of type TransferHistory
/home/yaroslav/Bureau/ganBackend/gan/src/main/java/com/ganbackend/gan/dto/TransferHistoryDto.java:43: error: cannot find symbol
                h.getOutputSize(),
                 ^
  symbol:   method getOutputSize()
  location: variable h of type TransferHistory
/home/yaroslav/Bureau/ganBackend/gan/src/main/java/com/ganbackend/gan/dto/TransferHistoryDto.java:44: error: cannot find symbol
                h.getResultSizeBytes(),
                 ^
  symbol:   method getResultSizeBytes()
  location: variable h of type TransferHistory
/home/yaroslav/Bureau/ganBackend/gan/src/main/java/com/ganbackend/gan/dto/TransferHistoryDto.java:45: error: cannot find symbol
                h.getProcessingTimeMs(),
                 ^
  symbol:   method getProcessingTimeMs()
  location: variable h of type TransferHistory
/home/yaroslav/Bureau/ganBackend/gan/src/main/java/com/ganbackend/gan/dto/TransferHistoryDto.java:46: error: cannot find symbol
                h.isSuccess(),
                 ^
  symbol:   method isSuccess()
  location: variable h of type TransferHistory
/home/yaroslav/Bureau/ganBackend/gan/src/main/java/com/ganbackend/gan/dto/TransferHistoryDto.java:47: error: cannot find symbol
                h.getErrorMessage(),
                 ^
  symbol:   method getErrorMessage()
  location: variable h of type TransferHistory
/home/yaroslav/Bureau/ganBackend/gan/src/main/java/com/ganbackend/gan/dto/TransferHistoryDto.java:48: error: cannot find symbol
                h.getCreatedAt()
                 ^
  symbol:   method getCreatedAt()
  location: variable h of type TransferHistory
/home/yaroslav/Bureau/ganBackend/gan/src/main/java/com/ganbackend/gan/exception/GlobalExceptionHandler.java:6: error: constructor StyleInfo in class StyleInfo cannot be applied to given types;

  required: no arguments
  found:    String,String
  reason: actual and formal argument lists differ in length
/home/yaroslav/Bureau/ganBackend/gan/src/main/java/com/ganbackend/gan/exception/GlobalExceptionHandler.java:6: error: constructor StyleInfo in class StyleInfo cannot be applied to given types;

  required: no arguments
  found:    String,String
  reason: actual and formal argument lists differ in length
/home/yaroslav/Bureau/ganBackend/gan/src/main/java/com/ganbackend/gan/exception/GlobalExceptionHandler.java:6: error: constructor StyleInfo in class StyleInfo cannot be applied to given types;

  required: no arguments
  found:    String,String
  reason: actual and formal argument lists differ in length
/home/yaroslav/Bureau/ganBackend/gan/src/main/java/com/ganbackend/gan/exception/GlobalExceptionHandler.java:6: error: constructor StyleInfo in class StyleInfo cannot be applied to given types;

  required: no arguments
  found:    String,String
  reason: actual and formal argument lists differ in length
/home/yaroslav/Bureau/ganBackend/gan/src/main/java/com/ganbackend/gan/exception/GlobalExceptionHandler.java:1: error: semanticdb-javac: com.sourcegraph.shaded.com.sourcegraph.semanticdb_javac.CompilationUnitException: file:///home/yaroslav/Bureau/ganBackend/gan/src/main/java/com/ganbackend/gan/exception/GlobalExceptionHandler.java
package com.ganbackend.gan.exception;
^
  Caused by: java.lang.StringIndexOutOfBoundsException: Index 94 out of bounds for length 75
  	at java.base/jdk.internal.util.Preconditions$1.apply(Preconditions.java:55)
  	at java.base/jdk.internal.util.Preconditions$1.apply(Preconditions.java:52)
  	at java.base/jdk.internal.util.Preconditions$4.apply(Preconditions.java:213)
  	at java.base/jdk.internal.util.Preconditions$4.apply(Preconditions.java:210)
  	at java.base/jdk.internal.util.Preconditions.outOfBounds(Preconditions.java:98)
  	at java.base/jdk.internal.util.Preconditions.outOfBoundsCheckIndex(Preconditions.java:106)
  	at java.base/jdk.internal.util.Preconditions.checkIndex(Preconditions.java:302)
  	at java.base/java.lang.String.checkIndex(String.java:4822)
  	at java.base/java.lang.StringLatin1.charAt(StringLatin1.java:46)
  	at java.base/java.lang.String.charAt(String.java:1544)
  	at com.sourcegraph.shaded.com.sourcegraph.semanticdb_javac.SemanticdbVisitor.correctForTabs(SemanticdbVisitor.java:450)
  	at com.sourcegraph.shaded.com.sourcegraph.semanticdb_javac.SemanticdbVisitor.semanticdbRange(SemanticdbVisitor.java:435)
  	at com.sourcegraph.shaded.com.sourcegraph.semanticdb_javac.SemanticdbVisitor.emitSymbolOccurrence(SemanticdbVisitor.java:112)
  	at com.sourcegraph.shaded.com.sourcegraph.semanticdb_javac.SemanticdbVisitor.resolveMemberSelectTree(SemanticdbVisitor.java:337)
  	at com.sourcegraph.shaded.com.sourcegraph.semanticdb_javac.SemanticdbVisitor.resolveNodes(SemanticdbVisitor.java:225)
  	at com.sourcegraph.shaded.com.sourcegraph.semanticdb_javac.SemanticdbVisitor.buildTextDocument(SemanticdbVisitor.java:96)
  	at com.sourcegraph.shaded.com.sourcegraph.semanticdb_javac.SemanticdbTaskListener.onFinishedAnalyze(SemanticdbTaskListener.java:116)
  	at com.sourcegraph.shaded.com.sourcegraph.semanticdb_javac.SemanticdbTaskListener.finished(SemanticdbTaskListener.java:79)
  	at jdk.compiler/com.sun.tools.javac.api.ClientCodeWrapper$WrappedTaskListener.finished(ClientCodeWrapper.java:876)
  	at jdk.compiler/com.sun.tools.javac.api.MultiTaskListener.finished(MultiTaskListener.java:133)
  	at jdk.compiler/com.sun.tools.javac.main.JavaCompiler.flow(JavaCompiler.java:1436)
  	at jdk.compiler/com.sun.tools.javac.main.JavaCompiler.flow(JavaCompiler.java:1393)
  	at jdk.compiler/com.sun.tools.javac.main.JavaCompiler.compile(JavaCompiler.java:976)
  	at jdk.compiler/com.sun.tools.javac.main.Main.compile(Main.java:319)
  	at jdk.compiler/com.sun.tools.javac.main.Main.compile(Main.java:178)
  	at jdk.compiler/com.sun.tools.javac.Main.compile(Main.java:64)
  	at jdk.compiler/com.sun.tools.javac.Main.main(Main.java:50)
/home/yaroslav/Bureau/ganBackend/gan/src/main/java/com/ganbackend/gan/service/StyleTransferService.java:84: error: cannot find symbol
            log.info("Transfer complete: style={}, elapsed={}ms, result={} bytes",
            ^
  symbol:   variable log
  location: class StyleTransferService
/home/yaroslav/Bureau/ganBackend/gan/src/main/java/com/ganbackend/gan/service/StyleTransferService.java:92: error: cannot find symbol
            log.error("Transfer failed: {}", e.getMessage());
            ^
  symbol:   variable log
  location: class StyleTransferService
/home/yaroslav/Bureau/ganBackend/gan/src/main/java/com/ganbackend/gan/service/StyleTransferService.java:102: error: cannot find symbol
            return restTemplate.getForObject(pythonServerUrl + "/styles", StylesResponse.class);
                                                                          ^
  symbol:   class StylesResponse
  location: class StyleTransferService
/home/yaroslav/Bureau/ganBackend/gan/src/main/java/com/ganbackend/gan/service/StyleTransferService.java:104: error: cannot find symbol
            log.warn("Не удалось получить стили с Python: {}", e.getMessage());
            ^
  symbol:   variable log
  location: class StyleTransferService
/home/yaroslav/Bureau/ganBackend/gan/src/main/java/com/ganbackend/gan/service/StyleTransferService.java:106: error: cannot find symbol
            return StylesResponse.defaults();
                   ^
  symbol:   variable StylesResponse
  location: class StyleTransferService
/home/yaroslav/Bureau/ganBackend/gan/src/main/java/com/ganbackend/gan/service/StyleTransferService.java:119: error: cannot find symbol
            log.warn("Python server недоступен: {}", e.getMessage());
            ^
  symbol:   variable log
  location: class StyleTransferService
/home/yaroslav/Bureau/ganBackend/gan/src/main/java/com/ganbackend/gan/service/StyleTransferService.java:126: error: cannot find symbol
                .map(TransferHistoryDto::from)
                     ^
  symbol:   variable TransferHistoryDto
  location: class StyleTransferService
/home/yaroslav/Bureau/ganBackend/gan/src/main/java/com/ganbackend/gan/service/StyleTransferService.java:138: error: cannot find symbol
            TransferHistory record = TransferHistory.builder()
            ^
  symbol:   class TransferHistory
  location: class StyleTransferService
/home/yaroslav/Bureau/ganBackend/gan/src/main/java/com/ganbackend/gan/service/StyleTransferService.java:138: error: cannot find symbol
            TransferHistory record = TransferHistory.builder()
                                     ^
  symbol:   variable TransferHistory
  location: class StyleTransferService
/home/yaroslav/Bureau/ganBackend/gan/src/main/java/com/ganbackend/gan/service/StyleTransferService.java:150: error: cannot find symbol
            log.warn("Не удалось сохранить историю: {}", e.getMessage());
            ^
  symbol:   variable log
  location: class StyleTransferService
64 errors.
2026.04.19 13:48:29 INFO  Note: Annotation processing is enabled because one or more processors were found
2026.04.19 13:48:29 WARN  javac exited with exit code 1
2026.04.19 13:48:29 INFO  time: compiled gan in 1.25s
2026.04.19 13:48:29 INFO  compiling gan (8 java sources)
2026.04.19 13:48:30 WARN  Unexpected javac output: Note: Annotation processing is enabled because one or more processors were found
  on the class path. A future release of javac may disable annotation processing
  unless at least one processor is specified by name (-processor), or a search
  path is specified (--processor-path, --processor-module-path), or annotation
  processing is enabled explicitly (-proc:only, -proc:full).
  Use -Xlint:-options to suppress this message.
  Use -proc:none to disable annotation processing.
/home/yaroslav/Bureau/ganBackend/gan/src/main/java/com/ganbackend/gan/controller/StyleTransferController.java:3: error: package com.ganbackend.gan.backend.dto does not exist
import com.ganbackend.gan.backend.dto.StylesResponse;
                                     ^
/home/yaroslav/Bureau/ganBackend/gan/src/main/java/com/ganbackend/gan/controller/StyleTransferController.java:4: error: package com.ganbackend.gan.backend.dto does not exist
import com.ganbackend.gan.backend.dto.TransferHistoryDto;
                                     ^
/home/yaroslav/Bureau/ganBackend/gan/src/main/java/com/ganbackend/gan/controller/StyleTransferController.java:5: error: package com.ganbackend.gan.backend.service does not exist
import com.ganbackend.gan.backend.service.StyleTransferService;
                                         ^
/home/yaroslav/Bureau/ganBackend/gan/src/main/java/com/ganbackend/gan/controller/StyleTransferController.java:22: error: cannot find symbol
    private final StyleTransferService styleTransferService;
                  ^
  symbol:   class StyleTransferService
  location: class StyleTransferController
/home/yaroslav/Bureau/ganBackend/gan/src/main/java/com/ganbackend/gan/controller/StyleTransferController.java:29: error: cannot find symbol
    public ResponseEntity<StylesResponse> getStyles() {
                          ^
  symbol:   class StylesResponse
  location: class StyleTransferController
/home/yaroslav/Bureau/ganBackend/gan/src/main/java/com/ganbackend/gan/controller/StyleTransferController.java:81: error: cannot find symbol
    public ResponseEntity<List<TransferHistoryDto>> getHistory(
                               ^
  symbol:   class TransferHistoryDto
  location: class StyleTransferController
/home/yaroslav/Bureau/ganBackend/gan/src/main/java/com/ganbackend/gan/controller/StyleTransferController.java:18: error: cannot find symbol
@RequiredArgsConstructor
^
  symbol:   class StyleTransferService
  location: class StyleTransferController
/home/yaroslav/Bureau/ganBackend/gan/src/main/java/com/ganbackend/gan/entity/TransferHistory.java:8: error: cannot find symbol
@Entity
 ^
  symbol: class Entity
/home/yaroslav/Bureau/ganBackend/gan/src/main/java/com/ganbackend/gan/entity/TransferHistory.java:9: error: cannot find symbol
@Table(name = "transfer_history")
 ^
  symbol: class Table
/home/yaroslav/Bureau/ganBackend/gan/src/main/java/com/ganbackend/gan/entity/TransferHistory.java:3: error: package jakarta.persistence does not exist
import jakarta.persistence.*;
^
/home/yaroslav/Bureau/ganBackend/gan/src/main/java/com/ganbackend/gan/repository/TransferHistoryRepository.java:4: error: package org.springframework.data.jpa.repository does not exist
import org.springframework.data.jpa.repository.JpaRepository;
                                              ^
/home/yaroslav/Bureau/ganBackend/gan/src/main/java/com/ganbackend/gan/repository/TransferHistoryRepository.java:5: error: package org.springframework.data.jpa.repository does not exist
import org.springframework.data.jpa.repository.Query;
                                              ^
/home/yaroslav/Bureau/ganBackend/gan/src/main/java/com/ganbackend/gan/repository/TransferHistoryRepository.java:6: error: package org.springframework.data.repository.query does not exist
import org.springframework.data.repository.query.Param;
                                                ^
/home/yaroslav/Bureau/ganBackend/gan/src/main/java/com/ganbackend/gan/repository/TransferHistoryRepository.java:12: error: cannot find symbol
public interface TransferHistoryRepository extends JpaRepository<TransferHistory, Long> {
                                                   ^
  symbol: class JpaRepository
/home/yaroslav/Bureau/ganBackend/gan/src/main/java/com/ganbackend/gan/service/StyleTransferService.java:3: error: package com.ganbackend.gan.backend.dto does not exist
import com.ganbackend.gan.backend.dto.StylesResponse;
                                     ^
/home/yaroslav/Bureau/ganBackend/gan/src/main/java/com/ganbackend/gan/service/StyleTransferService.java:4: error: package com.ganbackend.gan.backend.dto does not exist
import com.ganbackend.gan.backend.dto.TransferHistoryDto;
                                     ^
/home/yaroslav/Bureau/ganBackend/gan/src/main/java/com/ganbackend/gan/service/StyleTransferService.java:5: error: package com.ganbackend.gan.backend.entity does not exist
import com.ganbackend.gan.backend.entity.TransferHistory;
                                        ^
/home/yaroslav/Bureau/ganBackend/gan/src/main/java/com/ganbackend/gan/service/StyleTransferService.java:6: error: package com.ganbackend.gan.backend.repository does not exist
import com.ganbackend.gan.backend.repository.TransferHistoryRepository;
                                            ^
/home/yaroslav/Bureau/ganBackend/gan/src/main/java/com/ganbackend/gan/service/StyleTransferService.java:29: error: cannot find symbol
    private final TransferHistoryRepository historyRepository;
                  ^
  symbol:   class TransferHistoryRepository
  location: class StyleTransferService
/home/yaroslav/Bureau/ganBackend/gan/src/main/java/com/ganbackend/gan/service/StyleTransferService.java:31: error: cannot find symbol
    public StyleTransferService(TransferHistoryRepository historyRepository) {
                                ^
  symbol:   class TransferHistoryRepository
  location: class StyleTransferService
/home/yaroslav/Bureau/ganBackend/gan/src/main/java/com/ganbackend/gan/service/StyleTransferService.java:100: error: cannot find symbol
    public StylesResponse getAvailableStyles() {
           ^
  symbol:   class StylesResponse
  location: class StyleTransferService
/home/yaroslav/Bureau/ganBackend/gan/src/main/java/com/ganbackend/gan/service/StyleTransferService.java:124: error: cannot find symbol
    public List<TransferHistoryDto> getHistory(int limit) {
                ^
  symbol:   class TransferHistoryDto
  location: class StyleTransferService
/home/yaroslav/Bureau/ganBackend/gan/src/main/java/com/ganbackend/gan/entity/TransferHistory.java:17: error: cannot find symbol
    @Id
     ^
  symbol:   class Id
  location: class TransferHistory
/home/yaroslav/Bureau/ganBackend/gan/src/main/java/com/ganbackend/gan/entity/TransferHistory.java:18: error: cannot find symbol
    @GeneratedValue(strategy = GenerationType.IDENTITY)
     ^
  symbol:   class GeneratedValue
  location: class TransferHistory
/home/yaroslav/Bureau/ganBackend/gan/src/main/java/com/ganbackend/gan/entity/TransferHistory.java:18: error: cannot find symbol
    @GeneratedValue(strategy = GenerationType.IDENTITY)
                               ^
  symbol:   variable GenerationType
  location: class TransferHistory
/home/yaroslav/Bureau/ganBackend/gan/src/main/java/com/ganbackend/gan/entity/TransferHistory.java:21: error: cannot find symbol
    @Column(name = "original_filename")
     ^
  symbol:   class Column
  location: class TransferHistory
/home/yaroslav/Bureau/ganBackend/gan/src/main/java/com/ganbackend/gan/entity/TransferHistory.java:24: error: cannot find symbol
    @Column(name = "style", nullable = false)
     ^
  symbol:   class Column
  location: class TransferHistory
/home/yaroslav/Bureau/ganBackend/gan/src/main/java/com/ganbackend/gan/entity/TransferHistory.java:27: error: cannot find symbol
    @Column(name = "output_size")
     ^
  symbol:   class Column
  location: class TransferHistory
/home/yaroslav/Bureau/ganBackend/gan/src/main/java/com/ganbackend/gan/entity/TransferHistory.java:30: error: cannot find symbol
    @Column(name = "result_size_bytes")
     ^
  symbol:   class Column
  location: class TransferHistory
/home/yaroslav/Bureau/ganBackend/gan/src/main/java/com/ganbackend/gan/entity/TransferHistory.java:33: error: cannot find symbol
    @Column(name = "processing_time_ms")
     ^
  symbol:   class Column
  location: class TransferHistory
/home/yaroslav/Bureau/ganBackend/gan/src/main/java/com/ganbackend/gan/entity/TransferHistory.java:36: error: cannot find symbol
    @Column(name = "success")
     ^
  symbol:   class Column
  location: class TransferHistory
/home/yaroslav/Bureau/ganBackend/gan/src/main/java/com/ganbackend/gan/entity/TransferHistory.java:39: error: cannot find symbol
    @Column(name = "error_message", length = 500)
     ^
  symbol:   class Column
  location: class TransferHistory
/home/yaroslav/Bureau/ganBackend/gan/src/main/java/com/ganbackend/gan/entity/TransferHistory.java:42: error: cannot find symbol
    @Column(name = "created_at")
     ^
  symbol:   class Column
  location: class TransferHistory
/home/yaroslav/Bureau/ganBackend/gan/src/main/java/com/ganbackend/gan/repository/TransferHistoryRepository.java:15: error: cannot find symbol
    List<TransferHistory> findTopN(@Param("n") int n);
                                    ^
  symbol:   class Param
  location: interface TransferHistoryRepository
/home/yaroslav/Bureau/ganBackend/gan/src/main/java/com/ganbackend/gan/repository/TransferHistoryRepository.java:14: error: cannot find symbol
    @Query("SELECT h FROM TransferHistory h ORDER BY h.createdAt DESC LIMIT :n")
     ^
  symbol:   class Query
  location: interface TransferHistoryRepository
35 errors.
2026.04.19 13:48:30 INFO  Note: Annotation processing is enabled because one or more processors were found
2026.04.19 13:48:30 WARN  javac exited with exit code 1
2026.04.19 13:48:30 INFO  time: compiled gan in 1.26s
2026.04.19 13:48:36 INFO  compiling gan (8 java sources)
2026.04.19 13:48:37 WARN  Unexpected javac output: Note: Annotation processing is enabled because one or more processors were found
  on the class path. A future release of javac may disable annotation processing
  unless at least one processor is specified by name (-processor), or a search
  path is specified (--processor-path, --processor-module-path), or annotation
  processing is enabled explicitly (-proc:only, -proc:full).
  Use -Xlint:-options to suppress this message.
  Use -proc:none to disable annotation processing.
/home/yaroslav/Bureau/ganBackend/gan/src/main/java/com/ganbackend/gan/controller/StyleTransferController.java:3: error: package com.ganbackend.gan.backend.dto does not exist
import com.ganbackend.gan.backend.dto.StylesResponse;
                                     ^
/home/yaroslav/Bureau/ganBackend/gan/src/main/java/com/ganbackend/gan/controller/StyleTransferController.java:4: error: package com.ganbackend.gan.backend.dto does not exist
import com.ganbackend.gan.backend.dto.TransferHistoryDto;
                                     ^
/home/yaroslav/Bureau/ganBackend/gan/src/main/java/com/ganbackend/gan/controller/StyleTransferController.java:5: error: package com.ganbackend.gan.backend.service does not exist
import com.ganbackend.gan.backend.service.StyleTransferService;
                                         ^
/home/yaroslav/Bureau/ganBackend/gan/src/main/java/com/ganbackend/gan/controller/StyleTransferController.java:22: error: cannot find symbol
    private final StyleTransferService styleTransferService;
                  ^
  symbol:   class StyleTransferService
  location: class StyleTransferController
/home/yaroslav/Bureau/ganBackend/gan/src/main/java/com/ganbackend/gan/controller/StyleTransferController.java:29: error: cannot find symbol
    public ResponseEntity<StylesResponse> getStyles() {
                          ^
  symbol:   class StylesResponse
  location: class StyleTransferController
/home/yaroslav/Bureau/ganBackend/gan/src/main/java/com/ganbackend/gan/controller/StyleTransferController.java:81: error: cannot find symbol
    public ResponseEntity<List<TransferHistoryDto>> getHistory(
                               ^
  symbol:   class TransferHistoryDto
  location: class StyleTransferController
/home/yaroslav/Bureau/ganBackend/gan/src/main/java/com/ganbackend/gan/controller/StyleTransferController.java:18: error: cannot find symbol
@RequiredArgsConstructor
^
  symbol:   class StyleTransferService
  location: class StyleTransferController
/home/yaroslav/Bureau/ganBackend/gan/src/main/java/com/ganbackend/gan/entity/TransferHistory.java:8: error: cannot find symbol
@Entity
 ^
  symbol: class Entity
/home/yaroslav/Bureau/ganBackend/gan/src/main/java/com/ganbackend/gan/entity/TransferHistory.java:9: error: cannot find symbol
@Table(name = "transfer_history")
 ^
  symbol: class Table
/home/yaroslav/Bureau/ganBackend/gan/src/main/java/com/ganbackend/gan/entity/TransferHistory.java:3: error: package jakarta.persistence does not exist
import jakarta.persistence.*;
^
/home/yaroslav/Bureau/ganBackend/gan/src/main/java/com/ganbackend/gan/repository/TransferHistoryRepository.java:4: error: package org.springframework.data.jpa.repository does not exist
import org.springframework.data.jpa.repository.JpaRepository;
                                              ^
/home/yaroslav/Bureau/ganBackend/gan/src/main/java/com/ganbackend/gan/repository/TransferHistoryRepository.java:5: error: package org.springframework.data.jpa.repository does not exist
import org.springframework.data.jpa.repository.Query;
                                              ^
/home/yaroslav/Bureau/ganBackend/gan/src/main/java/com/ganbackend/gan/repository/TransferHistoryRepository.java:6: error: package org.springframework.data.repository.query does not exist
import org.springframework.data.repository.query.Param;
                                                ^
/home/yaroslav/Bureau/ganBackend/gan/src/main/java/com/ganbackend/gan/repository/TransferHistoryRepository.java:12: error: cannot find symbol
public interface TransferHistoryRepository extends JpaRepository<TransferHistory, Long> {
                                                   ^
  symbol: class JpaRepository
/home/yaroslav/Bureau/ganBackend/gan/src/main/java/com/ganbackend/gan/service/StyleTransferService.java:3: error: package com.ganbackend.gan.backend.dto does not exist
import com.ganbackend.gan.backend.dto.StylesResponse;
                                     ^
/home/yaroslav/Bureau/ganBackend/gan/src/main/java/com/ganbackend/gan/service/StyleTransferService.java:4: error: package com.ganbackend.gan.backend.dto does not exist
import com.ganbackend.gan.backend.dto.TransferHistoryDto;
                                     ^
/home/yaroslav/Bureau/ganBackend/gan/src/main/java/com/ganbackend/gan/service/StyleTransferService.java:5: error: package com.ganbackend.gan.backend.entity does not exist
import com.ganbackend.gan.backend.entity.TransferHistory;
                                        ^
/home/yaroslav/Bureau/ganBackend/gan/src/main/java/com/ganbackend/gan/service/StyleTransferService.java:6: error: package com.ganbackend.gan.backend.repository does not exist
import com.ganbackend.gan.backend.repository.TransferHistoryRepository;
                                            ^
/home/yaroslav/Bureau/ganBackend/gan/src/main/java/com/ganbackend/gan/service/StyleTransferService.java:29: error: cannot find symbol
    private final TransferHistoryRepository historyRepository;
                  ^
  symbol:   class TransferHistoryRepository
  location: class StyleTransferService
/home/yaroslav/Bureau/ganBackend/gan/src/main/java/com/ganbackend/gan/service/StyleTransferService.java:31: error: cannot find symbol
    public StyleTransferService(TransferHistoryRepository historyRepository) {
                                ^
  symbol:   class TransferHistoryRepository
  location: class StyleTransferService
/home/yaroslav/Bureau/ganBackend/gan/src/main/java/com/ganbackend/gan/service/StyleTransferService.java:100: error: cannot find symbol
    public StylesResponse getAvailableStyles() {
           ^
  symbol:   class StylesResponse
  location: class StyleTransferService
/home/yaroslav/Bureau/ganBackend/gan/src/main/java/com/ganbackend/gan/service/StyleTransferService.java:124: error: cannot find symbol
    public List<TransferHistoryDto> getHistory(int limit) {
                ^
  symbol:   class TransferHistoryDto
  location: class StyleTransferService
/home/yaroslav/Bureau/ganBackend/gan/src/main/java/com/ganbackend/gan/entity/TransferHistory.java:17: error: cannot find symbol
    @Id
     ^
  symbol:   class Id
  location: class TransferHistory
/home/yaroslav/Bureau/ganBackend/gan/src/main/java/com/ganbackend/gan/entity/TransferHistory.java:18: error: cannot find symbol
    @GeneratedValue(strategy = GenerationType.IDENTITY)
     ^
  symbol:   class GeneratedValue
  location: class TransferHistory
/home/yaroslav/Bureau/ganBackend/gan/src/main/java/com/ganbackend/gan/entity/TransferHistory.java:18: error: cannot find symbol
    @GeneratedValue(strategy = GenerationType.IDENTITY)
                               ^
  symbol:   variable GenerationType
  location: class TransferHistory
/home/yaroslav/Bureau/ganBackend/gan/src/main/java/com/ganbackend/gan/entity/TransferHistory.java:21: error: cannot find symbol
    @Column(name = "original_filename")
     ^
  symbol:   class Column
  location: class TransferHistory
/home/yaroslav/Bureau/ganBackend/gan/src/main/java/com/ganbackend/gan/entity/TransferHistory.java:24: error: cannot find symbol
    @Column(name = "style", nullable = false)
     ^
  symbol:   class Column
  location: class TransferHistory
/home/yaroslav/Bureau/ganBackend/gan/src/main/java/com/ganbackend/gan/entity/TransferHistory.java:27: error: cannot find symbol
    @Column(name = "output_size")
     ^
  symbol:   class Column
  location: class TransferHistory
/home/yaroslav/Bureau/ganBackend/gan/src/main/java/com/ganbackend/gan/entity/TransferHistory.java:30: error: cannot find symbol
    @Column(name = "result_size_bytes")
     ^
  symbol:   class Column
  location: class TransferHistory
/home/yaroslav/Bureau/ganBackend/gan/src/main/java/com/ganbackend/gan/entity/TransferHistory.java:33: error: cannot find symbol
    @Column(name = "processing_time_ms")
     ^
  symbol:   class Column
  location: class TransferHistory
/home/yaroslav/Bureau/ganBackend/gan/src/main/java/com/ganbackend/gan/entity/TransferHistory.java:36: error: cannot find symbol
    @Column(name = "success")
     ^
  symbol:   class Column
  location: class TransferHistory
/home/yaroslav/Bureau/ganBackend/gan/src/main/java/com/ganbackend/gan/entity/TransferHistory.java:39: error: cannot find symbol
    @Column(name = "error_message", length = 500)
     ^
  symbol:   class Column
  location: class TransferHistory
/home/yaroslav/Bureau/ganBackend/gan/src/main/java/com/ganbackend/gan/entity/TransferHistory.java:42: error: cannot find symbol
    @Column(name = "created_at")
     ^
  symbol:   class Column
  location: class TransferHistory
/home/yaroslav/Bureau/ganBackend/gan/src/main/java/com/ganbackend/gan/repository/TransferHistoryRepository.java:15: error: cannot find symbol
    List<TransferHistory> findTopN(@Param("n") int n);
                                    ^
  symbol:   class Param
  location: interface TransferHistoryRepository
/home/yaroslav/Bureau/ganBackend/gan/src/main/java/com/ganbackend/gan/repository/TransferHistoryRepository.java:14: error: cannot find symbol
    @Query("SELECT h FROM TransferHistory h ORDER BY h.createdAt DESC LIMIT :n")
     ^
  symbol:   class Query
  location: interface TransferHistoryRepository
35 errors.
2026.04.19 13:48:37 INFO  Note: Annotation processing is enabled because one or more processors were found
2026.04.19 13:48:37 WARN  javac exited with exit code 1
2026.04.19 13:48:37 INFO  time: compiled gan in 1.41s
avr. 19, 2026 1:49:50 PM org.eclipse.lsp4j.jsonrpc.RemoteEndpoint handleCancellation
AVERTISSEMENT: Unmatched cancel notification for request id 253
avr. 19, 2026 1:49:52 PM org.eclipse.lsp4j.jsonrpc.RemoteEndpoint handleCancellation
AVERTISSEMENT: Unmatched cancel notification for request id 258
2026.04.19 13:49:59 INFO  compiling gan (8 java sources)
2026.04.19 13:50:01 WARN  Unexpected javac output: Note: Annotation processing is enabled because one or more processors were found
  on the class path. A future release of javac may disable annotation processing
  unless at least one processor is specified by name (-processor), or a search
  path is specified (--processor-path, --processor-module-path), or annotation
  processing is enabled explicitly (-proc:only, -proc:full).
  Use -Xlint:-options to suppress this message.
  Use -proc:none to disable annotation processing.
/home/yaroslav/Bureau/ganBackend/gan/src/main/java/com/ganbackend/gan/service/StyleTransferService.java:3: error: package com.ganbackend.gan.backend.dto does not exist
import com.ganbackend.gan.backend.dto.StylesResponse;
                                     ^
/home/yaroslav/Bureau/ganBackend/gan/src/main/java/com/ganbackend/gan/service/StyleTransferService.java:4: error: package com.ganbackend.gan.backend.dto does not exist
import com.ganbackend.gan.backend.dto.TransferHistoryDto;
                                     ^
/home/yaroslav/Bureau/ganBackend/gan/src/main/java/com/ganbackend/gan/service/StyleTransferService.java:5: error: package com.ganbackend.gan.backend.entity does not exist
import com.ganbackend.gan.backend.entity.TransferHistory;
                                        ^
/home/yaroslav/Bureau/ganBackend/gan/src/main/java/com/ganbackend/gan/service/StyleTransferService.java:6: error: package com.ganbackend.gan.backend.repository does not exist
import com.ganbackend.gan.backend.repository.TransferHistoryRepository;
                                            ^
/home/yaroslav/Bureau/ganBackend/gan/src/main/java/com/ganbackend/gan/entity/TransferHistory.java:8: error: cannot find symbol
@Entity
 ^
  symbol: class Entity
/home/yaroslav/Bureau/ganBackend/gan/src/main/java/com/ganbackend/gan/entity/TransferHistory.java:9: error: cannot find symbol
@Table(name = "transfer_history")
 ^
  symbol: class Table
/home/yaroslav/Bureau/ganBackend/gan/src/main/java/com/ganbackend/gan/service/StyleTransferService.java:29: error: cannot find symbol
    private final TransferHistoryRepository historyRepository;
                  ^
  symbol:   class TransferHistoryRepository
  location: class StyleTransferService
/home/yaroslav/Bureau/ganBackend/gan/src/main/java/com/ganbackend/gan/service/StyleTransferService.java:31: error: cannot find symbol
    public StyleTransferService(TransferHistoryRepository historyRepository) {
                                ^
  symbol:   class TransferHistoryRepository
  location: class StyleTransferService
/home/yaroslav/Bureau/ganBackend/gan/src/main/java/com/ganbackend/gan/service/StyleTransferService.java:100: error: cannot find symbol
    public StylesResponse getAvailableStyles() {
           ^
  symbol:   class StylesResponse
  location: class StyleTransferService
/home/yaroslav/Bureau/ganBackend/gan/src/main/java/com/ganbackend/gan/service/StyleTransferService.java:124: error: cannot find symbol
    public List<TransferHistoryDto> getHistory(int limit) {
                ^
  symbol:   class TransferHistoryDto
  location: class StyleTransferService
/home/yaroslav/Bureau/ganBackend/gan/src/main/java/com/ganbackend/gan/entity/TransferHistory.java:3: error: package jakarta.persistence does not exist
import jakarta.persistence.*;
^
/home/yaroslav/Bureau/ganBackend/gan/src/main/java/com/ganbackend/gan/repository/TransferHistoryRepository.java:4: error: package org.springframework.data.jpa.repository does not exist
import org.springframework.data.jpa.repository.JpaRepository;
                                              ^
/home/yaroslav/Bureau/ganBackend/gan/src/main/java/com/ganbackend/gan/repository/TransferHistoryRepository.java:5: error: package org.springframework.data.jpa.repository does not exist
import org.springframework.data.jpa.repository.Query;
                                              ^
/home/yaroslav/Bureau/ganBackend/gan/src/main/java/com/ganbackend/gan/repository/TransferHistoryRepository.java:6: error: package org.springframework.data.repository.query does not exist
import org.springframework.data.repository.query.Param;
                                                ^
/home/yaroslav/Bureau/ganBackend/gan/src/main/java/com/ganbackend/gan/repository/TransferHistoryRepository.java:12: error: cannot find symbol
public interface TransferHistoryRepository extends JpaRepository<TransferHistory, Long> {
                                                   ^
  symbol: class JpaRepository
/home/yaroslav/Bureau/ganBackend/gan/src/main/java/com/ganbackend/gan/entity/TransferHistory.java:17: error: cannot find symbol
    @Id
     ^
  symbol:   class Id
  location: class TransferHistory
/home/yaroslav/Bureau/ganBackend/gan/src/main/java/com/ganbackend/gan/entity/TransferHistory.java:18: error: cannot find symbol
    @GeneratedValue(strategy = GenerationType.IDENTITY)
     ^
  symbol:   class GeneratedValue
  location: class TransferHistory
/home/yaroslav/Bureau/ganBackend/gan/src/main/java/com/ganbackend/gan/entity/TransferHistory.java:18: error: cannot find symbol
    @GeneratedValue(strategy = GenerationType.IDENTITY)
                               ^
  symbol:   variable GenerationType
  location: class TransferHistory
/home/yaroslav/Bureau/ganBackend/gan/src/main/java/com/ganbackend/gan/entity/TransferHistory.java:21: error: cannot find symbol
    @Column(name = "original_filename")
     ^
  symbol:   class Column
  location: class TransferHistory
/home/yaroslav/Bureau/ganBackend/gan/src/main/java/com/ganbackend/gan/entity/TransferHistory.java:24: error: cannot find symbol
    @Column(name = "style", nullable = false)
     ^
  symbol:   class Column
  location: class TransferHistory
/home/yaroslav/Bureau/ganBackend/gan/src/main/java/com/ganbackend/gan/entity/TransferHistory.java:27: error: cannot find symbol
    @Column(name = "output_size")
     ^
  symbol:   class Column
  location: class TransferHistory
/home/yaroslav/Bureau/ganBackend/gan/src/main/java/com/ganbackend/gan/entity/TransferHistory.java:30: error: cannot find symbol
    @Column(name = "result_size_bytes")
     ^
  symbol:   class Column
  location: class TransferHistory
/home/yaroslav/Bureau/ganBackend/gan/src/main/java/com/ganbackend/gan/entity/TransferHistory.java:33: error: cannot find symbol
    @Column(name = "processing_time_ms")
     ^
  symbol:   class Column
  location: class TransferHistory
/home/yaroslav/Bureau/ganBackend/gan/src/main/java/com/ganbackend/gan/entity/TransferHistory.java:36: error: cannot find symbol
    @Column(name = "success")
     ^
  symbol:   class Column
  location: class TransferHistory
/home/yaroslav/Bureau/ganBackend/gan/src/main/java/com/ganbackend/gan/entity/TransferHistory.java:39: error: cannot find symbol
    @Column(name = "error_message", length = 500)
     ^
  symbol:   class Column
  location: class TransferHistory
/home/yaroslav/Bureau/ganBackend/gan/src/main/java/com/ganbackend/gan/entity/TransferHistory.java:42: error: cannot find symbol
    @Column(name = "created_at")
     ^
  symbol:   class Column
  location: class TransferHistory
/home/yaroslav/Bureau/ganBackend/gan/src/main/java/com/ganbackend/gan/repository/TransferHistoryRepository.java:15: error: cannot find symbol
    List<TransferHistory> findTopN(@Param("n") int n);
                                    ^
  symbol:   class Param
  location: interface TransferHistoryRepository
/home/yaroslav/Bureau/ganBackend/gan/src/main/java/com/ganbackend/gan/repository/TransferHistoryRepository.java:14: error: cannot find symbol
    @Query("SELECT h FROM TransferHistory h ORDER BY h.createdAt DESC LIMIT :n")
     ^
  symbol:   class Query
  location: interface TransferHistoryRepository
28 errors.
2026.04.19 13:50:01 INFO  Note: Annotation processing is enabled because one or more processors were found
2026.04.19 13:50:01 WARN  javac exited with exit code 1
2026.04.19 13:50:01 INFO  time: compiled gan in 1.48s
2026.04.19 13:50:12 INFO  compiling gan (8 java sources)
2026.04.19 13:50:14 WARN  Unexpected javac output: Note: Annotation processing is enabled because one or more processors were found
  on the class path. A future release of javac may disable annotation processing
  unless at least one processor is specified by name (-processor), or a search
  path is specified (--processor-path, --processor-module-path), or annotation
  processing is enabled explicitly (-proc:only, -proc:full).
  Use -Xlint:-options to suppress this message.
  Use -proc:none to disable annotation processing.
/home/yaroslav/Bureau/ganBackend/gan/src/main/java/com/ganbackend/gan/entity/TransferHistory.java:8: error: cannot find symbol
@Entity
 ^
  symbol: class Entity
/home/yaroslav/Bureau/ganBackend/gan/src/main/java/com/ganbackend/gan/entity/TransferHistory.java:9: error: cannot find symbol
@Table(name = "transfer_history")
 ^
  symbol: class Table
/home/yaroslav/Bureau/ganBackend/gan/src/main/java/com/ganbackend/gan/repository/TransferHistoryRepository.java:4: error: package org.springframework.data.jpa.repository does not exist
import org.springframework.data.jpa.repository.JpaRepository;
                                              ^
/home/yaroslav/Bureau/ganBackend/gan/src/main/java/com/ganbackend/gan/repository/TransferHistoryRepository.java:5: error: package org.springframework.data.jpa.repository does not exist
import org.springframework.data.jpa.repository.Query;
                                              ^
/home/yaroslav/Bureau/ganBackend/gan/src/main/java/com/ganbackend/gan/repository/TransferHistoryRepository.java:6: error: package org.springframework.data.repository.query does not exist
import org.springframework.data.repository.query.Param;
                                                ^
/home/yaroslav/Bureau/ganBackend/gan/src/main/java/com/ganbackend/gan/repository/TransferHistoryRepository.java:12: error: cannot find symbol
public interface TransferHistoryRepository extends JpaRepository<TransferHistory, Long> {
                                                   ^
  symbol: class JpaRepository
/home/yaroslav/Bureau/ganBackend/gan/src/main/java/com/ganbackend/gan/entity/TransferHistory.java:3: error: package jakarta.persistence does not exist
import jakarta.persistence.*;
^
/home/yaroslav/Bureau/ganBackend/gan/src/main/java/com/ganbackend/gan/entity/TransferHistory.java:17: error: cannot find symbol
    @Id
     ^
  symbol:   class Id
  location: class TransferHistory
/home/yaroslav/Bureau/ganBackend/gan/src/main/java/com/ganbackend/gan/entity/TransferHistory.java:18: error: cannot find symbol
    @GeneratedValue(strategy = GenerationType.IDENTITY)
     ^
  symbol:   class GeneratedValue
  location: class TransferHistory
/home/yaroslav/Bureau/ganBackend/gan/src/main/java/com/ganbackend/gan/entity/TransferHistory.java:18: error: cannot find symbol
    @GeneratedValue(strategy = GenerationType.IDENTITY)
                               ^
  symbol:   variable GenerationType
  location: class TransferHistory
/home/yaroslav/Bureau/ganBackend/gan/src/main/java/com/ganbackend/gan/entity/TransferHistory.java:21: error: cannot find symbol
    @Column(name = "original_filename")
     ^
  symbol:   class Column
  location: class TransferHistory
/home/yaroslav/Bureau/ganBackend/gan/src/main/java/com/ganbackend/gan/entity/TransferHistory.java:24: error: cannot find symbol
    @Column(name = "style", nullable = false)
     ^
  symbol:   class Column
  location: class TransferHistory
/home/yaroslav/Bureau/ganBackend/gan/src/main/java/com/ganbackend/gan/entity/TransferHistory.java:27: error: cannot find symbol
    @Column(name = "output_size")
     ^
  symbol:   class Column
  location: class TransferHistory
/home/yaroslav/Bureau/ganBackend/gan/src/main/java/com/ganbackend/gan/entity/TransferHistory.java:30: error: cannot find symbol
    @Column(name = "result_size_bytes")
     ^
  symbol:   class Column
  location: class TransferHistory
/home/yaroslav/Bureau/ganBackend/gan/src/main/java/com/ganbackend/gan/entity/TransferHistory.java:33: error: cannot find symbol
    @Column(name = "processing_time_ms")
     ^
  symbol:   class Column
  location: class TransferHistory
/home/yaroslav/Bureau/ganBackend/gan/src/main/java/com/ganbackend/gan/entity/TransferHistory.java:36: error: cannot find symbol
    @Column(name = "success")
     ^
  symbol:   class Column
  location: class TransferHistory
/home/yaroslav/Bureau/ganBackend/gan/src/main/java/com/ganbackend/gan/entity/TransferHistory.java:39: error: cannot find symbol
    @Column(name = "error_message", length = 500)
     ^
  symbol:   class Column
  location: class TransferHistory
/home/yaroslav/Bureau/ganBackend/gan/src/main/java/com/ganbackend/gan/entity/TransferHistory.java:42: error: cannot find symbol
    @Column(name = "created_at")
     ^
  symbol:   class Column
  location: class TransferHistory
/home/yaroslav/Bureau/ganBackend/gan/src/main/java/com/ganbackend/gan/repository/TransferHistoryRepository.java:15: error: cannot find symbol
    List<TransferHistory> findTopN(@Param("n") int n);
                                    ^
  symbol:   class Param
  location: interface TransferHistoryRepository
/home/yaroslav/Bureau/ganBackend/gan/src/main/java/com/ganbackend/gan/repository/TransferHistoryRepository.java:14: error: cannot find symbol
    @Query("SELECT h FROM TransferHistory h ORDER BY h.createdAt DESC LIMIT :n")
     ^
  symbol:   class Query
  location: interface TransferHistoryRepository
20 errors.
2026.04.19 13:50:14 INFO  Note: Annotation processing is enabled because one or more processors were found
2026.04.19 13:50:14 WARN  javac exited with exit code 1
2026.04.19 13:50:14 INFO  time: compiled gan in 1.58s
avr. 19, 2026 1:50:16 PM org.eclipse.lsp4j.jsonrpc.RemoteEndpoint handleCancellation
AVERTISSEMENT: Unmatched cancel notification for request id 378
2026.04.19 13:50:31 INFO  compiling gan (8 java sources)
2026.04.19 13:50:32 WARN  Unexpected javac output: Note: Annotation processing is enabled because one or more processors were found
  on the class path. A future release of javac may disable annotation processing
  unless at least one processor is specified by name (-processor), or a search
  path is specified (--processor-path, --processor-module-path), or annotation
  processing is enabled explicitly (-proc:only, -proc:full).
  Use -Xlint:-options to suppress this message.
  Use -proc:none to disable annotation processing.
/home/yaroslav/Bureau/ganBackend/gan/src/main/java/com/ganbackend/gan/entity/TransferHistory.java:8: error: cannot find symbol
@Entity
 ^
  symbol: class Entity
/home/yaroslav/Bureau/ganBackend/gan/src/main/java/com/ganbackend/gan/entity/TransferHistory.java:9: error: cannot find symbol
@Table(name = "transfer_history")
 ^
  symbol: class Table
/home/yaroslav/Bureau/ganBackend/gan/src/main/java/com/ganbackend/gan/repository/TransferHistoryRepository.java:4: error: package org.springframework.data.jpa.repository does not exist
import org.springframework.data.jpa.repository.JpaRepository;
                                              ^
/home/yaroslav/Bureau/ganBackend/gan/src/main/java/com/ganbackend/gan/repository/TransferHistoryRepository.java:5: error: package org.springframework.data.jpa.repository does not exist
import org.springframework.data.jpa.repository.Query;
                                              ^
/home/yaroslav/Bureau/ganBackend/gan/src/main/java/com/ganbackend/gan/repository/TransferHistoryRepository.java:6: error: package org.springframework.data.repository.query does not exist
import org.springframework.data.repository.query.Param;
                                                ^
/home/yaroslav/Bureau/ganBackend/gan/src/main/java/com/ganbackend/gan/repository/TransferHistoryRepository.java:12: error: cannot find symbol
public interface TransferHistoryRepository extends JpaRepository<TransferHistory, Long> {
                                                   ^
  symbol: class JpaRepository
/home/yaroslav/Bureau/ganBackend/gan/src/main/java/com/ganbackend/gan/entity/TransferHistory.java:3: error: package jakarta.persistence does not exist
import jakarta.persistence.*;
^
/home/yaroslav/Bureau/ganBackend/gan/src/main/java/com/ganbackend/gan/entity/TransferHistory.java:17: error: cannot find symbol
    @Id
     ^
  symbol:   class Id
  location: class TransferHistory
/home/yaroslav/Bureau/ganBackend/gan/src/main/java/com/ganbackend/gan/entity/TransferHistory.java:18: error: cannot find symbol
    @GeneratedValue(strategy = GenerationType.IDENTITY)
     ^
  symbol:   class GeneratedValue
  location: class TransferHistory
/home/yaroslav/Bureau/ganBackend/gan/src/main/java/com/ganbackend/gan/entity/TransferHistory.java:18: error: cannot find symbol
    @GeneratedValue(strategy = GenerationType.IDENTITY)
                               ^
  symbol:   variable GenerationType
  location: class TransferHistory
/home/yaroslav/Bureau/ganBackend/gan/src/main/java/com/ganbackend/gan/entity/TransferHistory.java:21: error: cannot find symbol
    @Column(name = "original_filename")
     ^
  symbol:   class Column
  location: class TransferHistory
/home/yaroslav/Bureau/ganBackend/gan/src/main/java/com/ganbackend/gan/entity/TransferHistory.java:24: error: cannot find symbol
    @Column(name = "style", nullable = false)
     ^
  symbol:   class Column
  location: class TransferHistory
/home/yaroslav/Bureau/ganBackend/gan/src/main/java/com/ganbackend/gan/entity/TransferHistory.java:27: error: cannot find symbol
    @Column(name = "output_size")
     ^
  symbol:   class Column
  location: class TransferHistory
/home/yaroslav/Bureau/ganBackend/gan/src/main/java/com/ganbackend/gan/entity/TransferHistory.java:30: error: cannot find symbol
    @Column(name = "result_size_bytes")
     ^
  symbol:   class Column
  location: class TransferHistory
/home/yaroslav/Bureau/ganBackend/gan/src/main/java/com/ganbackend/gan/entity/TransferHistory.java:33: error: cannot find symbol
    @Column(name = "processing_time_ms")
     ^
  symbol:   class Column
  location: class TransferHistory
/home/yaroslav/Bureau/ganBackend/gan/src/main/java/com/ganbackend/gan/entity/TransferHistory.java:36: error: cannot find symbol
    @Column(name = "success")
     ^
  symbol:   class Column
  location: class TransferHistory
/home/yaroslav/Bureau/ganBackend/gan/src/main/java/com/ganbackend/gan/entity/TransferHistory.java:39: error: cannot find symbol
    @Column(name = "error_message", length = 500)
     ^
  symbol:   class Column
  location: class TransferHistory
/home/yaroslav/Bureau/ganBackend/gan/src/main/java/com/ganbackend/gan/entity/TransferHistory.java:42: error: cannot find symbol
    @Column(name = "created_at")
     ^
  symbol:   class Column
  location: class TransferHistory
/home/yaroslav/Bureau/ganBackend/gan/src/main/java/com/ganbackend/gan/repository/TransferHistoryRepository.java:15: error: cannot find symbol
    List<TransferHistory> findTopN(@Param("n") int n);
                                    ^
  symbol:   class Param
  location: interface TransferHistoryRepository
/home/yaroslav/Bureau/ganBackend/gan/src/main/java/com/ganbackend/gan/repository/TransferHistoryRepository.java:14: error: cannot find symbol
    @Query("SELECT h FROM TransferHistory h ORDER BY h.createdAt DESC LIMIT :n")
     ^
  symbol:   class Query
  location: interface TransferHistoryRepository
20 errors.
2026.04.19 13:50:32 INFO  Note: Annotation processing is enabled because one or more processors were found
2026.04.19 13:50:32 WARN  javac exited with exit code 1
2026.04.19 13:50:32 INFO  time: compiled gan in 1.53s
2026.04.19 13:50:32 INFO  compiling gan (8 java sources)
2026.04.19 13:50:34 WARN  Unexpected javac output: Note: Annotation processing is enabled because one or more processors were found
  on the class path. A future release of javac may disable annotation processing
  unless at least one processor is specified by name (-processor), or a search
  path is specified (--processor-path, --processor-module-path), or annotation
  processing is enabled explicitly (-proc:only, -proc:full).
  Use -Xlint:-options to suppress this message.
  Use -proc:none to disable annotation processing.
/home/yaroslav/Bureau/ganBackend/gan/src/main/java/com/ganbackend/gan/entity/TransferHistory.java:8: error: cannot find symbol
@Entity
 ^
  symbol: class Entity
/home/yaroslav/Bureau/ganBackend/gan/src/main/java/com/ganbackend/gan/entity/TransferHistory.java:9: error: cannot find symbol
@Table(name = "transfer_history")
 ^
  symbol: class Table
/home/yaroslav/Bureau/ganBackend/gan/src/main/java/com/ganbackend/gan/repository/TransferHistoryRepository.java:4: error: package org.springframework.data.jpa.repository does not exist
import org.springframework.data.jpa.repository.JpaRepository;
                                              ^
/home/yaroslav/Bureau/ganBackend/gan/src/main/java/com/ganbackend/gan/repository/TransferHistoryRepository.java:5: error: package org.springframework.data.jpa.repository does not exist
import org.springframework.data.jpa.repository.Query;
                                              ^
/home/yaroslav/Bureau/ganBackend/gan/src/main/java/com/ganbackend/gan/repository/TransferHistoryRepository.java:6: error: package org.springframework.data.repository.query does not exist
import org.springframework.data.repository.query.Param;
                                                ^
/home/yaroslav/Bureau/ganBackend/gan/src/main/java/com/ganbackend/gan/repository/TransferHistoryRepository.java:12: error: cannot find symbol
public interface TransferHistoryRepository extends JpaRepository<TransferHistory, Long> {
                                                   ^
  symbol: class JpaRepository
/home/yaroslav/Bureau/ganBackend/gan/src/main/java/com/ganbackend/gan/entity/TransferHistory.java:3: error: package jakarta.persistence does not exist
import jakarta.persistence.*;
^
/home/yaroslav/Bureau/ganBackend/gan/src/main/java/com/ganbackend/gan/entity/TransferHistory.java:17: error: cannot find symbol
    @Id
     ^
  symbol:   class Id
  location: class TransferHistory
/home/yaroslav/Bureau/ganBackend/gan/src/main/java/com/ganbackend/gan/entity/TransferHistory.java:18: error: cannot find symbol
    @GeneratedValue(strategy = GenerationType.IDENTITY)
     ^
  symbol:   class GeneratedValue
  location: class TransferHistory
/home/yaroslav/Bureau/ganBackend/gan/src/main/java/com/ganbackend/gan/entity/TransferHistory.java:18: error: cannot find symbol
    @GeneratedValue(strategy = GenerationType.IDENTITY)
                               ^
  symbol:   variable GenerationType
  location: class TransferHistory
/home/yaroslav/Bureau/ganBackend/gan/src/main/java/com/ganbackend/gan/entity/TransferHistory.java:21: error: cannot find symbol
    @Column(name = "original_filename")
     ^
  symbol:   class Column
  location: class TransferHistory
/home/yaroslav/Bureau/ganBackend/gan/src/main/java/com/ganbackend/gan/entity/TransferHistory.java:24: error: cannot find symbol
    @Column(name = "style", nullable = false)
     ^
  symbol:   class Column
  location: class TransferHistory
/home/yaroslav/Bureau/ganBackend/gan/src/main/java/com/ganbackend/gan/entity/TransferHistory.java:27: error: cannot find symbol
    @Column(name = "output_size")
     ^
  symbol:   class Column
  location: class TransferHistory
/home/yaroslav/Bureau/ganBackend/gan/src/main/java/com/ganbackend/gan/entity/TransferHistory.java:30: error: cannot find symbol
    @Column(name = "result_size_bytes")
     ^
  symbol:   class Column
  location: class TransferHistory
/home/yaroslav/Bureau/ganBackend/gan/src/main/java/com/ganbackend/gan/entity/TransferHistory.java:33: error: cannot find symbol
    @Column(name = "processing_time_ms")
     ^
  symbol:   class Column
  location: class TransferHistory
/home/yaroslav/Bureau/ganBackend/gan/src/main/java/com/ganbackend/gan/entity/TransferHistory.java:36: error: cannot find symbol
    @Column(name = "success")
     ^
  symbol:   class Column
  location: class TransferHistory
/home/yaroslav/Bureau/ganBackend/gan/src/main/java/com/ganbackend/gan/entity/TransferHistory.java:39: error: cannot find symbol
    @Column(name = "error_message", length = 500)
     ^
  symbol:   class Column
  location: class TransferHistory
/home/yaroslav/Bureau/ganBackend/gan/src/main/java/com/ganbackend/gan/entity/TransferHistory.java:42: error: cannot find symbol
    @Column(name = "created_at")
     ^
  symbol:   class Column
  location: class TransferHistory
/home/yaroslav/Bureau/ganBackend/gan/src/main/java/com/ganbackend/gan/repository/TransferHistoryRepository.java:15: error: cannot find symbol
    List<TransferHistory> findTopN(@Param("n") int n);
                                    ^
  symbol:   class Param
  location: interface TransferHistoryRepository
/home/yaroslav/Bureau/ganBackend/gan/src/main/java/com/ganbackend/gan/repository/TransferHistoryRepository.java:14: error: cannot find symbol
    @Query("SELECT h FROM TransferHistory h ORDER BY h.createdAt DESC LIMIT :n")
     ^
  symbol:   class Query
  location: interface TransferHistoryRepository
20 errors.
2026.04.19 13:50:34 INFO  Note: Annotation processing is enabled because one or more processors were found
2026.04.19 13:50:34 WARN  javac exited with exit code 1
2026.04.19 13:50:34 INFO  time: compiled gan in 1.52s
avr. 19, 2026 1:50:44 PM org.eclipse.lsp4j.jsonrpc.RemoteEndpoint handleCancellation
AVERTISSEMENT: Unmatched cancel notification for request id 490
avr. 19, 2026 1:50:52 PM org.eclipse.lsp4j.jsonrpc.services.GenericEndpoint notify
INFOS: Unsupported notification method: $/setTrace
avr. 19, 2026 1:50:53 PM org.eclipse.lsp4j.jsonrpc.services.GenericEndpoint notify
INFOS: Unsupported notification method: $/setTrace
avr. 19, 2026 1:50:53 PM org.eclipse.lsp4j.jsonrpc.services.GenericEndpoint notify
INFOS: Unsupported notification method: $/setTrace
2026.04.19 13:55:23 INFO  compiling gan (8 java sources)
2026.04.19 13:55:24 WARN  Unexpected javac output: Note: Annotation processing is enabled because one or more processors were found
  on the class path. A future release of javac may disable annotation processing
  unless at least one processor is specified by name (-processor), or a search
  path is specified (--processor-path, --processor-module-path), or annotation
  processing is enabled explicitly (-proc:only, -proc:full).
  Use -Xlint:-options to suppress this message.
  Use -proc:none to disable annotation processing.
/home/yaroslav/Bureau/ganBackend/gan/src/main/java/com/ganbackend/gan/entity/TransferHistory.java:8: error: cannot find symbol
@Entity
 ^
  symbol: class Entity
/home/yaroslav/Bureau/ganBackend/gan/src/main/java/com/ganbackend/gan/entity/TransferHistory.java:9: error: cannot find symbol
@Table(name = "transfer_history")
 ^
  symbol: class Table
/home/yaroslav/Bureau/ganBackend/gan/src/main/java/com/ganbackend/gan/repository/TransferHistoryRepository.java:4: error: package org.springframework.data.jpa.repository does not exist
import org.springframework.data.jpa.repository.JpaRepository;
                                              ^
/home/yaroslav/Bureau/ganBackend/gan/src/main/java/com/ganbackend/gan/repository/TransferHistoryRepository.java:5: error: package org.springframework.data.jpa.repository does not exist
import org.springframework.data.jpa.repository.Query;
                                              ^
/home/yaroslav/Bureau/ganBackend/gan/src/main/java/com/ganbackend/gan/repository/TransferHistoryRepository.java:6: error: package org.springframework.data.repository.query does not exist
import org.springframework.data.repository.query.Param;
                                                ^
/home/yaroslav/Bureau/ganBackend/gan/src/main/java/com/ganbackend/gan/repository/TransferHistoryRepository.java:12: error: cannot find symbol
public interface TransferHistoryRepository extends JpaRepository<TransferHistory, Long> {
                                                   ^
  symbol: class JpaRepository
/home/yaroslav/Bureau/ganBackend/gan/src/main/java/com/ganbackend/gan/entity/TransferHistory.java:3: error: package jakarta.persistence does not exist
import jakarta.persistence.*;
^
/home/yaroslav/Bureau/ganBackend/gan/src/main/java/com/ganbackend/gan/entity/TransferHistory.java:17: error: cannot find symbol
    @Id
     ^
  symbol:   class Id
  location: class TransferHistory
/home/yaroslav/Bureau/ganBackend/gan/src/main/java/com/ganbackend/gan/entity/TransferHistory.java:18: error: cannot find symbol
    @GeneratedValue(strategy = GenerationType.IDENTITY)
     ^
  symbol:   class GeneratedValue
  location: class TransferHistory
/home/yaroslav/Bureau/ganBackend/gan/src/main/java/com/ganbackend/gan/entity/TransferHistory.java:18: error: cannot find symbol
    @GeneratedValue(strategy = GenerationType.IDENTITY)
                               ^
  symbol:   variable GenerationType
  location: class TransferHistory
/home/yaroslav/Bureau/ganBackend/gan/src/main/java/com/ganbackend/gan/entity/TransferHistory.java:21: error: cannot find symbol
    @Column(name = "original_filename")
     ^
  symbol:   class Column
  location: class TransferHistory
/home/yaroslav/Bureau/ganBackend/gan/src/main/java/com/ganbackend/gan/entity/TransferHistory.java:24: error: cannot find symbol
    @Column(name = "style", nullable = false)
     ^
  symbol:   class Column
  location: class TransferHistory
/home/yaroslav/Bureau/ganBackend/gan/src/main/java/com/ganbackend/gan/entity/TransferHistory.java:27: error: cannot find symbol
    @Column(name = "output_size")
     ^
  symbol:   class Column
  location: class TransferHistory
/home/yaroslav/Bureau/ganBackend/gan/src/main/java/com/ganbackend/gan/entity/TransferHistory.java:30: error: cannot find symbol
    @Column(name = "result_size_bytes")
     ^
  symbol:   class Column
  location: class TransferHistory
/home/yaroslav/Bureau/ganBackend/gan/src/main/java/com/ganbackend/gan/entity/TransferHistory.java:33: error: cannot find symbol
    @Column(name = "processing_time_ms")
     ^
  symbol:   class Column
  location: class TransferHistory
/home/yaroslav/Bureau/ganBackend/gan/src/main/java/com/ganbackend/gan/entity/TransferHistory.java:36: error: cannot find symbol
    @Column(name = "success")
     ^
  symbol:   class Column
  location: class TransferHistory
/home/yaroslav/Bureau/ganBackend/gan/src/main/java/com/ganbackend/gan/entity/TransferHistory.java:39: error: cannot find symbol
    @Column(name = "error_message", length = 2000)
     ^
  symbol:   class Column
  location: class TransferHistory
/home/yaroslav/Bureau/ganBackend/gan/src/main/java/com/ganbackend/gan/entity/TransferHistory.java:42: error: cannot find symbol
    @Column(name = "created_at")
     ^
  symbol:   class Column
  location: class TransferHistory
/home/yaroslav/Bureau/ganBackend/gan/src/main/java/com/ganbackend/gan/repository/TransferHistoryRepository.java:15: error: cannot find symbol
    List<TransferHistory> findTopN(@Param("n") int n);
                                    ^
  symbol:   class Param
  location: interface TransferHistoryRepository
/home/yaroslav/Bureau/ganBackend/gan/src/main/java/com/ganbackend/gan/repository/TransferHistoryRepository.java:14: error: cannot find symbol
    @Query("SELECT h FROM TransferHistory h ORDER BY h.createdAt DESC LIMIT :n")
     ^
  symbol:   class Query
  location: interface TransferHistoryRepository
20 errors.
2026.04.19 13:55:24 INFO  Note: Annotation processing is enabled because one or more processors were found
2026.04.19 13:55:24 WARN  javac exited with exit code 1
2026.04.19 13:55:24 INFO  time: compiled gan in 1.25s
2026.04.19 14:08:32 INFO  Shutting down server
2026.04.19 14:08:32 INFO  Memory monitor stopped
2026.04.19 14:08:32 INFO  shutting down Metals
2026.04.19 14:08:32 INFO  Shut down connection with build server.
2026.04.19 14:08:32 INFO  Exiting server
